Date,Month,Year,Flow,Temp,NH3,TSS,pH
1/9/2000,1,2000,0.8303,27.9,0.7,NS,7.3
1/10/2000,1,2000,0.8421,28.7,0.5,NS,7.4
1/11/2000,1,2000,0.9083,29.1,0.3,7,7.3
1/12/2000,1,2000,0.8541,30.2,0.3,NS,7.2
1/13/2000,1,2000,0.8615,30.4,0.4,NS,7.1
1/22/2000,1,2000,0.7721,26.8,0.4,NS,7.5
1/23/2000,1,2000,1.1621,26.4,0.5,NS,7.3
1/24/2000,1,2000,1.7104,24.4,0.3,NS,7.4
1/25/2000,1,2000,1.6556,24,0.3,18,7.3
1/27/2000,1,2000,1.317,24.5,0.4,NS,7.3
2/3/2000,2,2000,0.4929,23.6,0.4,6,7.7
2/4/2000,2,2000,0.8858,24.8,0.2,NS,7.5
2/5/2000,2,2000,0.8801,25.2,0.4,NS,7.4
2/6/2000,2,2000,0.9754,27.8,0.2,NS,7.5
2/7/2000,2,2000,0.9169,28.7,0.2,NS,7.3
2/18/2000,2,2000,0.8795,21.8,0.4,NS,7.5
2/19/2000,2,2000,0.9601,22.7,0.3,NS,7.5
2/20/2000,2,2000,1.1479,24.1,0.3,NS,7.7
2/21/2000,2,2000,0.991,25.8,0.3,NS,7.6
2/22/2000,2,2000,1.5858,26.4,0.4,17,7.5
3/2/2000,3,2000,1.1012,22.1,0.3,5,7.7
3/3/2000,3,2000,0.9929,26,0.3,NS,7.7
3/4/2000,3,2000,1.4532,26.6,0.3,NS,7.6
3/5/2000,3,2000,0.9175,23.7,0.3,NS,7.6
3/6/2000,3,2000,0.9996,26,0.3,NS,7.6
3/17/2000,3,2000,0.7975,25.6,0.3,NS,7.4
3/18/2000,3,2000,0.8801,27.6,0.4,NS,7.5
3/19/2000,3,2000,0.9049,28.2,0.5,NS,7.5
3/20/2000,3,2000,0.879,28.1,2.1,NS,7.5
3/21/2000,3,2000,0.932,28.5,0.5,8,7.4
3/30/2000,3,2000,0.8138,24.7,0.5,9,7.4
3/31/2000,3,2000,0.8357,25.4,0.5,NS,7.4
4/1/2000,4,2000,1,28.1,0.4,NS,7.5
4/2/2000,4,2000,0.89,30.4,0.4,NS,7.4
4/3/2000,4,2000,0.85,30.8,0.4,NS,7.5
4/15/2000,4,2000,0.89,30.2,0.3,NS,7.2
4/16/2000,4,2000,1.05,30.2,0.4,NS,7.2
4/17/2000,4,2000,0.93,30.3,0.3,NS,7.3
4/18/2000,4,2000,0.83,30.6,0.3,6,7.2
4/19/2000,4,2000,0.6,30.6,0.4,NS,7.1
4/30/2000,4,2000,0.83,29.6,0.4,NS,7.2
5/1/2000,5,2000,0.7731,30.4,0.4,NS,7
5/2/2000,5,2000,0.4655,30.6,0.3,NS,7.1
5/3/2000,5,2000,1.0159,31.4,0.4,27,7
5/4/2000,5,2000,0.8948,31.7,0.4,NS,7.1
5/11/2000,5,2000,0.7642,28.2,0.3,NS,7.1
5/12/2000,5,2000,0.8104,28.4,0.4,9,7.1
5/13/2000,5,2000,0.8259,30.6,0.5,NS,7.2
5/14/2000,5,2000,0.8666,31.1,0.4,NS,7.2
5/15/2000,5,2000,0.8834,31.4,0.4,NS,7.4
5/25/2000,5,2000,0.8325,30.4,0.9,16,7.4
5/26/2000,5,2000,0.8229,30.2,0.3,NS,7.5
5/27/2000,5,2000,0.8148,31.4,0.8,NS,7.5
5/28/2000,5,2000,0.6793,31.6,0.3,NS,7.3
5/29/2000,5,2000,0.545,30.8,0.7,NS,7.5
6/8/2000,6,2000,0.7534,27.1,0.5,3,7.4
6/9/2000,6,2000,0.6919,28.8,0.2,NS,7.6
6/10/2000,6,2000,0.8703,29.2,0.2,NS,7.6
6/11/2000,6,2000,0.9112,30.8,0.3,NS,7.6
6/12/2000,6,2000,0.8734,32.4,0.3,NS,7.7
6/22/2000,6,2000,0.8089,28.4,0.3,NS,7.4
6/23/2000,6,2000,0.7996,29.5,0.4,NS,7.3
6/24/2000,6,2000,0.8441,31.1,0.4,NS,7.3
6/25/2000,6,2000,0.8874,32,0.3,NS,7.3
6/26/2000,6,2000,0.8807,32.1,0.3,NS,7.2
7/8/2000,7,2000,0.8635,28.5,0.4,NS,7.2
7/9/2000,7,2000,0.823,30.7,0.3,NS,7.1
7/10/2000,7,2000,0.7789,31.1,0.2,NS,7.1
7/11/2000,7,2000,0.8068,30.8,0.7,3,7.1
7/12/2000,7,2000,0.8283,31.2,0.3,NS,7
7/20/2000,7,2000,0.8977,29.2,0.3,15,7.6
7/21/2000,7,2000,0.7255,30.7,0.3,NS,7.6
7/22/2000,7,2000,0.8261,31.4,0.4,NS,7.5
7/23/2000,7,2000,0.87,33.9,0.3,NS,7.6
7/24/2000,7,2000,0.7416,34.4,0.3,NS,7.6
8/3/2000,8,2000,0.8016,31.1,0.4,13,7.7
8/4/2000,8,2000,0.7827,31.6,0.3,NS,7.4
8/5/2000,8,2000,1.0744,32.5,0.4,NS,7.4
8/6/2000,8,2000,0.4719,33.2,0.4,NS,7.3
8/7/2000,8,2000,0.7937,33.2,0.4,NS,7.4
8/17/2000,8,2000,0.3618,30.1,0.4,3,7.4
8/18/2000,8,2000,0.9869,31.5,0.3,NS,7.4
8/19/2000,8,2000,1.0813,32,0.4,NS,7.4
8/20/2000,8,2000,0.8899,32.2,0.3,NS,7.6
8/21/2000,8,2000,0.7584,33.4,0.3,NS,7.5
8/31/2000,8,2000,0.802,29.6,0.2,3,7.4
9/1/2000,9,2000,0.8608,30.6,0.3,NS,7.2
9/2/2000,9,2000,0.847,32.5,0.5,NS,7.2
9/3/2000,9,2000,0.8453,33,0.5,NS,7.2
9/4/2000,9,2000,0.8316,33.2,0.3,NS,7.3
9/14/2000,9,2000,0.8217,31.1,0.3,9,7.6
9/15/2000,9,2000,0.8736,32.1,0.3,NS,7.7
9/16/2000,9,2000,0.9025,33.5,0.3,NS,7.7
9/17/2000,9,2000,0.8916,34.9,0.6,NS,7.7
9/18/2000,9,2000,0.8675,35.8,0.4,NS,7.7
9/28/2000,9,2000,0.7315,30.1,0.4,9,7.9
9/29/2000,9,2000,0.8519,30.7,1.2,NS,7.7
9/30/2000,9,2000,0.8463,31.8,0.5,NS,7.5
10/1/2000,10,2000,0.9023,32.2,0.3,NS,7.7
10/2/2000,10,2000,0.7588,32.7,0.3,NS,7.8
10/14/2000,10,2000,0.8578,32.4,0.3,NS,7.4
10/15/2000,10,2000,0.8403,33.2,0.3,NS,7.5
10/16/2000,10,2000,0.8181,33.6,0.3,NS,7.5
10/17/2000,10,2000,0.8087,34,0.5,8,7.5
10/18/2000,10,2000,0.8293,33.7,0.3,NS,7.5
10/27/2000,10,2000,1.0453,29.1,0.2,NS,7.6
10/28/2000,10,2000,1.2756,29,0.2,3,7.4
10/29/2000,10,2000,0.7324,28.9,0.2,NS,7.5
10/30/2000,10,2000,0.9549,29.1,0.2,NS,7.4
10/31/2000,10,2000,0.8409,29.3,0.1,8,7.4
11/9/2000,11,2000,0.8153,27,0.3,4,7.5
11/10/2000,11,2000,0.82,28.2,0.5,NS,7.4
11/11/2000,11,2000,0.8091,28.7,0.4,NS,7.4
11/12/2000,11,2000,0.8304,29.2,0.3,NS,7.6
11/13/2000,11,2000,0.7397,28.6,0.3,NS,7.7
11/25/2000,11,2000,0.8055,21.7,0.3,NS,7.4
11/26/2000,11,2000,0.7819,23.1,0.2,NS,7.5
11/27/2000,11,2000,0.7682,24.7,0.2,3,7.5
11/28/2000,11,2000,0.7552,25.3,0.2,5,7.7
11/29/2000,11,2000,0.9475,26,0.3,NS,7.5
12/7/2000,12,2000,0.7597,23.5,0.4,11,7.7
12/8/2000,12,2000,0.724,25.2,0.4,NS,7.6
12/9/2000,12,2000,0.7863,25.8,0.3,NS,7.5
12/10/2000,12,2000,0.7744,26.6,0.3,NS,7.4
12/11/2000,12,2000,0.7911,27.8,0.4,NS,7.4
12/21/2000,12,2000,0.7427,25.3,0.5,21,7.6
12/23/2000,12,2000,0.6463,26.1,0.1,NS,7.6
12/24/2000,12,2000,0.2827,25.8,0.1,NS,7.6
1/5/2001,1,2001,0.7792,20.8,0.4,NS,7.6
1/6/2001,1,2001,0.7669,22.8,0.3,NS,7.6
1/8/2001,1,2001,0.8618,24.6,1.8,3,7.7
1/9/2001,1,2001,0.7505,25,0.4,10,7.6
1/18/2001,1,2001,0.723,21.8,0.3,1,7.6
1/19/2001,1,2001,0.7831,23.1,0.3,NS,7.6
1/22/2001,1,2001,0.7518,25.5,0.2,NS,7.5
1/23/2001,1,2001,0.8094,26.3,0.2,4,7.4
1/24/2001,1,2001,0.7989,26.8,0.3,NS,7.4
1/25/2001,1,2001,1.1832,26.4,0.4,NS,7.4
1/26/2001,1,2001,0.6473,25.8,0.4,NS,7.3
2/1/2001,2,2001,0.7767,22.5,0.4,8,7.5
2/2/2001,2,2001,0.8513,24.6,0.3,NS,7.4
2/3/2001,2,2001,0.7873,26.9,0.3,NS,7.3
2/4/2001,2,2001,0.8514,28.5,0.2,NS,7.3
2/5/2001,2,2001,0.7845,29.2,0.2,NS,7.4
2/15/2001,2,2001,0.672,18,0.3,7,7.4
2/16/2001,2,2001,0.8291,20.8,0.4,NS,7.4
2/17/2001,2,2001,1.0298,23,0.4,NS,7.4
2/18/2001,2,2001,0.9319,24.2,0.3,NS,7.4
2/19/2001,2,2001,1.0683,25.6,0.3,NS,7.4
3/1/2001,3,2001,0.9038,20.6,0.3,10,7.6
3/2/2001,3,2001,0.8854,21.9,0.3,NS,7.5
3/3/2001,3,2001,0.9687,23.4,0.2,NS,7.4
3/4/2001,3,2001,1.1418,24.9,0.3,NS,7.5
3/5/2001,3,2001,0.9779,26,0.2,NS,7.6
3/20/2001,3,2001,0.717,23,3.4,3,7.5
3/21/2001,3,2001,0.8388,24.2,0.5,NS,7.3
3/22/2001,3,2001,0.8097,25.6,0.3,NS,7.4
3/23/2001,3,2001,0.5456,25.3,0.2,NS,7.4
3/24/2001,3,2001,0.3242,24.9,0.2,NS,7.5
3/30/2001,3,2001,0.8192,25.5,0.4,NS,7.4
3/31/2001,3,2001,0.8343,27.3,0.3,NS,7.4
4/1/2001,4,2001,0.7697,28.2,0.3,NS,7.4
4/2/2001,4,2001,0.8031,28,0.4,NS,7.4
4/12/2001,4,2001,0.7864,25.6,0.4,27,7.5
4/13/2001,4,2001,0.7913,27.3,0.4,NS,7.7
4/14/2001,4,2001,0.807,28.1,0.6,NS,7.3
4/15/2001,4,2001,0.8073,28.6,0.3,NS,7.2
4/16/2001,4,2001,0.7804,29.5,0.4,60,7.5
4/26/2001,4,2001,0.7768,25.9,0.2,3,7.5
4/27/2001,4,2001,0.8141,27,0.4,NS,7.7
4/28/2001,4,2001,0.769,28.1,0.4,NS,7.3
4/29/2001,4,2001,0.7709,28.8,0.3,NS,7.2
4/30/2001,4,2001,0.762,29.5,0.2,NS,7.5
5/11/2001,5,2001,0.7435,29.5,0.5,NS,7.4
5/12/2001,5,2001,0.831,29.9,0.3,NS,7.4
5/13/2001,5,2001,0.824,30.8,0.3,NS,7.3
5/14/2001,5,2001,0.7826,30.9,0.3,NS,7.4
5/15/2001,5,2001,0.8308,31.8,0.4,12,7.6
5/24/2001,5,2001,0.7356,27.2,0.5,15,7.3
5/25/2001,5,2001,0.765,28.7,0.3,NS,7.7
5/26/2001,5,2001,0.7276,29.4,0.4,NS,7.6
5/27/2001,5,2001,0.2886,28.8,0.5,NS,7.8
5/28/2001,5,2001,0.2974,26.8,0.3,NS,7.8
6/7/2001,6,2001,0.5617,28.8,0.4,14,7.4
6/8/2001,6,2001,0.8603,30.7,0.2,NS,7.5
6/9/2001,6,2001,0.8702,31.5,0.2,NS,7.6
6/10/2001,6,2001,0.7957,31.9,0.2,NS,7.6
6/11/2001,6,2001,0.8437,32.2,0.2,NS,7.5
6/21/2001,6,2001,0.829,30.6,0.4,5,7.3
6/22/2001,6,2001,0.8208,31,0.3,NS,7.5
6/23/2001,6,2001,0.8012,31.1,0.3,NS,7.5
6/24/2001,6,2001,0.8052,32,0.3,NS,7.6
6/25/2001,6,2001,0.8134,32.1,1.1,NS,7.7
7/5/2001,7,2001,0.5553,29.2,0.3,5,7.2
7/6/2001,7,2001,0.7823,29.9,0.4,NS,7.3
7/7/2001,7,2001,0.7309,30.4,0.3,NS,7.4
7/8/2001,7,2001,0.7702,31.8,0.3,NS,7.4
7/9/2001,7,2001,0.7322,32,0.3,NS,7.5
7/19/2001,7,2001,0.7976,27.6,0.2,6,7.2
7/20/2001,7,2001,0.8268,27.6,0.2,NS,7.3
7/21/2001,7,2001,0.8596,31.5,0.2,NS,7.4
7/22/2001,7,2001,0.8051,32.7,0.2,NS,7.4
7/23/2001,7,2001,0.8683,33.1,0.2,NS,7.5
7/24/2001,7,2001,0.7649,32.9,0.2,12,7.6
8/2/2001,8,2001,0.8812,28.9,0.2,12,7.4
8/3/2001,8,2001,0.8192,31,0.2,NS,7.4
8/4/2001,8,2001,0.7845,31,0.3,NS,7.4
8/5/2001,8,2001,0.7293,32.9,0.2,NS,7.4
8/6/2001,8,2001,0.9118,33.2,0.2,NS,7.4
8/16/2001,8,2001,0.817,29.4,0.1,22,7.3
8/17/2001,8,2001,0.8735,31.2,0.2,NS,7.4
8/18/2001,8,2001,0.8773,32.6,1,NS,7.4
8/19/2001,8,2001,0.9246,33.8,0.2,NS,7.5
8/20/2001,8,2001,0.8241,33.3,0.2,NS,7.5
8/21/2001,8,2001,0.7916,33.6,0.1,17,7.5
8/22/2001,8,2001,0.7973,32.3,0.2,NS,7.4
8/23/2001,8,2001,0.7192,31.8,0.2,NS,7.4
8/30/2001,8,2001,0.9043,28.4,0.2,20,7.3
8/31/2001,8,2001,0.9688,28.7,0.2,NS,7.4
9/1/2001,9,2001,0.9905,29.4,0.2,NS,7.4
9/2/2001,9,2001,0.7908,31.2,0.2,NS,7.3
9/3/2001,9,2001,0.8224,32.7,0.3,NS,7.3
9/13/2001,9,2001,0.7192,27.8,0.6,14,7.5
9/14/2001,9,2001,0.7217,28.1,0.6,NS,7.4
9/15/2001,9,2001,0.7525,29.8,0.3,NS,7.5
9/16/2001,9,2001,0.7402,30.5,0.3,NS,7.4
9/17/2001,9,2001,0.7424,31.1,0.2,NS,7.4
9/28/2001,9,2001,0.7688,28.9,0.2,NS,7.4
9/29/2001,9,2001,0.7854,29.4,0.2,NS,7.3
9/30/2001,9,2001,0.7797,32.4,0.3,NS,7.4
10/1/2001,10,2001,0.7844,33.9,0.2,NS,7.4
10/11/2001,10,2001,0.6967,27.4,0.5,41,7.3
10/12/2001,10,2001,0.8064,28.6,0.4,NS,7.3
10/13/2001,10,2001,0.8078,29.4,0.4,NS,7.3
10/14/2001,10,2001,0.8046,32.8,0.3,NS,7.4
10/15/2001,10,2001,0.7479,33.3,0.3,NS,7.4
10/26/2001,10,2001,0.7695,30.1,0.3,NS,7.6
10/27/2001,10,2001,0.7557,30.8,0.3,NS,7.5
10/28/2001,10,2001,0.8054,31.1,0.4,NS,7.6
10/29/2001,10,2001,0.7472,31.4,0.2,NS,7.4
10/30/2001,10,2001,0.7907,31.6,0.3,7,7.5
11/8/2001,11,2001,0.7093,28.6,0.3,12,7.4
11/9/2001,11,2001,0.6886,29.2,0.4,NS,7.5
11/10/2001,11,2001,0.8889,29.4,0.3,NS,7.5
11/11/2001,11,2001,0.7597,29.6,0.3,NS,7.3
11/12/2001,11,2001,0.9082,29.4,0.4,NS,7.4
11/24/2001,11,2001,0.6037,22.6,0.3,NS,7.3
11/25/2001,11,2001,0.7134,22.6,0.3,NS,7.2
11/26/2001,11,2001,0.7452,23.6,0.3,NS,7.4
11/27/2001,11,2001,0.7273,24.7,0.3,3,7.4
11/28/2001,11,2001,0.9294,24.9,0.2,NS,7.6
12/6/2001,12,2001,0.6844,25.3,0.3,10,7.5
12/7/2001,12,2001,0.946,26.7,0.1,NS,7.3
12/8/2001,12,2001,0.8928,27.6,0.2,NS,7.3
12/9/2001,12,2001,0.8878,28.3,0.3,NS,7.4
12/10/2001,12,2001,0.8391,29.2,0.4,NS,7.5
12/20/2001,12,2001,0.8501,24.7,0.3,20,7.4
12/21/2001,12,2001,0.7802,24.9,0.2,NS,7.4
12/22/2001,12,2001,0.8827,25.5,0.2,NS,7.4
12/23/2001,12,2001,0.8014,25.8,0.2,NS,7.4
12/24/2001,12,2001,0.3883,26.9,0.2,NS,7.3
1/3/2002,1,2002,0.7488,17.5,0.1,6,7.3
1/5/2002,1,2002,0.9124,22.4,0.1,NS,7.3
1/6/2002,1,2002,0.9289,23.8,0.2,NS,7.3
1/7/2002,1,2002,0.8604,25.2,0.2,NS,7.4
1/8/2002,1,2002,0.9203,27.1,0.2,4,7.4
1/17/2002,1,2002,0.7745,23.6,0.3,NS,7.5
1/20/2002,1,2002,0.8966,26.8,0.2,NS,7.4
1/21/2002,1,2002,0.9304,26.8,0.3,NS,7.2
1/31/2002,1,2002,0.7596,21.4,0.4,32,7.5
2/3/2002,2,2002,0.8249,26.9,0.2,NS,7.6
2/4/2002,2,2002,0.858,27.1,0.2,NS,7.5
2/13/2002,2,2002,0.526,21.7,0.3,NS,7.4
2/17/2002,2,2002,1.0354,26.2,14,NS,7.5
2/28/2002,2,2002,0.783,25.5,0.2,11,7.3
3/3/2002,3,2002,0.8097,28.4,0.2,NS,7.5
3/4/2002,3,2002,0.8043,28.9,0.2,NS,7.4
3/14/2002,3,2002,0.8513,24.2,0.4,3,7.3
3/18/2002,3,2002,0.7944,26.5,0.2,NS,7.4
3/28/2002,3,2002,0.8326,27.6,0.2,4,7.3
4/1/2002,4,2002,0.8743,29.6,0.3,NS,7.6
4/12/2002,4,2002,0.8087,28.1,0.3,NS,7.5
4/14/2002,4,2002,0.8596,31.3,0.3,NS,7.4
4/25/2002,4,2002,0.7737,27.4,0.2,3,7.3
4/28/2002,4,2002,0.8224,29.4,0.2,NS,7.4
4/29/2002,4,2002,0.8213,29.9,0.3,NS,7.6
5/9/2002,5,2002,0.73,28.9,0.3,13,7.4
5/12/2002,5,2002,0.7764,31.4,0.4,NS,7.6
5/13/2002,5,2002,0.7801,32.1,0.4,NS,7.4
5/23/2002,5,2002,0.7735,29.9,0.3,3,7.4
5/27/2002,5,2002,0.7763,33,0.4,NS,7.4
6/6/2002,6,2002,0.7668,32.4,0.3,18,7.6
6/19/2002,6,2002,0.7372,31.3,0.4,NS,7.5
6/21/2002,6,2002,0.7215,31.8,0.5,NS,7.7
6/23/2002,6,2002,0.8072,32.4,0.4,NS,7.6
7/5/2002,7,2002,0.5915,28.7,0.4,NS,7.4
7/9/2002,7,2002,0.7143,33.5,0.9,16,7.4
7/10/2002,7,2002,0.7496,34.1,0.5,NS,7.4
7/12/2002,7,2002,0.6789,33.4,0.3,NS,7.5
7/19/2002,7,2002,0.791,34.3,0.4,NS,7.5
7/20/2002,7,2002,0.241,34,0.3,NS,7.5
8/2/2002,8,2002,0.7716,31.1,1.7,NS,7.4
8/4/2002,8,2002,0.7621,31.8,0.8,NS,7.4
8/15/2002,8,2002,0.8085,33.6,0.4,31,7.5
8/16/2002,8,2002,0.7888,34.4,0.1,NS,7.4
8/19/2002,8,2002,0.8827,34.4,0.3,NS,7.6
9/5/2002,9,2002,0.3299,34.3,0.3,NS,7.3
9/7/2002,9,2002,0.4574,34.3,0.5,NS,7.5
9/12/2002,9,2002,0.7643,32.4,0.8,8,7.5
9/13/2002,9,2002,0.7725,32.5,0.7,NS,7.5
9/25/2002,9,2002,0.7081,31.9,0.6,NS,7.4
9/26/2002,9,2002,0.7737,32.9,0.4,7,7.6
10/12/2002,10,2002,0.7169,33.4,0.3,NS,7.5
10/14/2002,10,2002,0.7199,34.3,0.4,NS,7.6
10/15/2002,10,2002,0.7546,33.5,0.3,24,7.6
10/24/2002,10,2002,0.1727,25.5,0.2,5,7.2
10/25/2002,10,2002,0.4148,23.2,2.8,NS,7.4
11/7/2002,11,2002,1.208,28.1,0.3,7,7.6
11/8/2002,11,2002,0.8986,28.3,0.7,NS,7.6
11/21/2002,11,2002,0.776,29.5,0.3,11,7.5
11/22/2002,11,2002,0.7719,29.5,0.2,NS,7.4
12/5/2002,12,2002,0.9078,24.8,0.3,3,7.4
12/8/2002,12,2002,0.7775,29.7,0.4,NS,7.5
12/18/2002,12,2002,0.9231,23.1,0.3,NS,7.4
12/19/2002,12,2002,1.4444,24.1,0.3,5,7.4
1/3/2003,1,2003,0.5551,18.3,0.3,NS,7.2
1/17/2003,1,2003,0.8382,25.3,0.5,NS,7.6
1/30/2003,1,2003,0.888,25,0.3,3,7.5
2/1/2003,2,2003,0.8789,28,0.4,NS,7.5
2/13/2003,2,2003,0.7384,25.7,0.3,11,7.5
2/27/2003,2,2003,0.7358,23.7,0.2,7,7.4
2/28/2003,2,2003,1.0646,25.2,0.3,NS,7.5
3/13/2003,3,2003,0.8804,27.1,0.4,11,7.5
3/28/2003,3,2003,0.8913,29.1,0.4,NS,7.4
3/29/2003,3,2003,0.9884,29.7,0.4,NS,7.6
4/10/2003,4,2003,1.0098,27.2,0.3,3,7.4
4/11/2003,4,2003,0.7814,27.9,0.2,NS,7.5
4/28/2003,4,2003,0.8442,30.6,0.4,NS,7.5
4/29/2003,4,2003,0.7897,31.4,0.4,21,7.4
5/8/2003,5,2003,0.6449,26.4,1.1,130,7.1
5/9/2003,5,2003,0.4257,24.5,9.4,280,7.1
5/13/2003,5,2003,0.6812,29,0.6,NS,7.1
5/22/2003,5,2003,0.9291,27.9,0.5,20,7.1
6/10/2003,6,2003,0.7006,29.7,0.4,NS,7.5
6/11/2003,6,2003,0.6884,30.4,0.4,NS,7.4
6/12/2003,6,2003,0.7188,30.8,0.5,NS,7.5
6/13/2003,6,2003,0.7006,30.5,0.4,NS,7.4
6/19/2003,6,2003,0.6951,29.8,0.3,NS,7.4
6/20/2003,6,2003,0.6681,29.9,0.3,NS,7.4
6/21/2003,6,2003,0.7879,30.4,0.8,NS,7.5
6/22/2003,6,2003,0.822,32.2,0.6,NS,7.6
6/23/2003,6,2003,0.6363,31.3,0.5,NS,7.5
6/24/2003,6,2003,0.7579,32.5,0.4,51,7.5
6/25/2003,6,2003,0.2011,33.4,3.7,NS,7.5
6/26/2003,6,2003,0.7692,34.8,13,NS,7.4
6/27/2003,6,2003,0.7073,35.3,1.7,NS,7.3
6/28/2003,6,2003,0.2247,34.7,17,NS,7.4
7/8/2003,7,2003,0.2277,29.9,0.8,24,7.5
7/9/2003,7,2003,0.602,30.2,0.5,NS,7.6
7/10/2003,7,2003,0.5293,29.1,0.6,NS,7.5
7/11/2003,7,2003,0.373,28.6,0.7,NS,7.7
7/12/2003,7,2003,0.2559,27.1,0.9,NS,7.5
7/17/2003,7,2003,0.2288,28.3,0.4,15,7.4
7/18/2003,7,2003,0.2521,27.9,0.3,NS,7.2
7/19/2003,7,2003,0.2238,27.5,0.3,NS,7.4
7/20/2003,7,2003,0.2132,28,0.1,NS,7.2
7/21/2003,7,2003,0.4906,28,0.3,NS,7.4
7/31/2003,7,2003,0.6235,29.9,0.4,6,7.7
8/2/2003,8,2003,0.6248,31.3,0.8,NS,7.5
8/3/2003,8,2003,0.6886,32.7,0.4,NS,7.4
8/4/2003,8,2003,0.6273,32.7,0.5,NS,7.3
8/14/2003,8,2003,0.7179,32,0.5,12,7.5
8/15/2003,8,2003,0.7208,33.2,0.4,NS,7.5
8/16/2003,8,2003,0.6993,32.8,0.4,NS,7.6
8/17/2003,8,2003,0.7307,33.8,0.5,NS,7.5
8/18/2003,8,2003,0.6793,33.6,0.4,NS,7.5
8/19/2003,8,2003,0.7023,33.2,5.6,13,7.6
8/20/2003,8,2003,0.7758,33.5,0.4,NS,7.6
8/22/2003,8,2003,0.629,33,0.6,NS,7.6
8/28/2003,8,2003,0.7108,32,0.4,13,7.5
8/29/2003,8,2003,0.7314,32.5,0.6,NS,7.6
8/30/2003,8,2003,0.7224,33,0.4,NS,7.7
8/31/2003,8,2003,0.7091,33.7,0.3,NS,7.4
9/1/2003,9,2003,0.7575,33.7,0.4,NS,7.4
9/11/2003,9,2003,0.7121,30.8,15,11,7.5
9/12/2003,9,2003,0.7368,32.8,0.6,NS,7.5
9/13/2003,9,2003,0.7769,34,0.5,NS,7.6
9/14/2003,9,2003,0.768,35.2,0.4,NS,7.6
9/15/2003,9,2003,0.7227,34.5,0.4,NS,7.6
9/25/2003,9,2003,0.7138,32,0.3,7,7.6
9/26/2003,9,2003,0.6993,32.2,0.4,NS,7.5
9/27/2003,9,2003,0.6704,32.5,0.4,NS,7.5
9/28/2003,9,2003,0.71,32.6,0.4,NS,7.6
9/29/2003,9,2003,0.7749,32.8,0.6,NS,7.5
10/9/2003,10,2003,0.6969,30.9,5.4,8,7.6
10/10/2003,10,2003,0.6783,31.1,1,NS,7.6
10/11/2003,10,2003,0.6489,31,0.5,NS,7.7
10/12/2003,10,2003,0.7028,32.5,0.3,NS,7.5
10/23/2003,10,2003,0.7646,31.7,0.3,15,7.6
10/24/2003,10,2003,0.7789,32.5,0.2,NS,7.6
10/25/2003,10,2003,0.7632,34.1,0.5,NS,7.7
10/26/2003,10,2003,0.8499,35.2,1.4,NS,7.6
10/27/2003,10,2003,0.6945,35.2,0.6,NS,7.6
11/6/2003,11,2003,0.8926,27.9,0.5,11,7.4
11/7/2003,11,2003,0.5661,27.8,0.6,NS,7.4
11/8/2003,11,2003,0.8454,28.5,0.6,NS,7.3
11/9/2003,11,2003,0.7952,29.4,0.5,NS,7.2
11/10/2003,11,2003,0.7548,30,0.6,NS,7.2
11/11/2003,11,2003,0.7032,30.3,0.4,19,7.2
11/20/2003,11,2003,0.6244,27.7,4.6,12,7.5
11/21/2003,11,2003,0.6637,27.1,19,NS,7.6
11/22/2003,11,2003,0.6982,26.6,17,NS,7.5
11/23/2003,11,2003,0.7347,27,0.5,NS,7.2
12/4/2003,12,2003,0.7384,28,0.5,11,7.7
12/5/2003,12,2003,0.7332,29,0.5,NS,7.7
12/6/2003,12,2003,0.584,31,0.5,NS,7.8
12/7/2003,12,2003,0.8547,30.5,0.4,NS,7.7
12/8/2003,12,2003,0.7425,30.8,0.5,NS,7.9
12/18/2003,12,2003,0.8312,24.3,0.4,14,7.8
12/19/2003,12,2003,0.9586,26.4,0.4,NS,7.8
12/20/2003,12,2003,1.0051,27,0.4,NS,7.8
12/21/2003,12,2003,0.9124,28.1,0.4,NS,7.7
1/4/2004,1,2004,0.895,20,0.2,NS,7.6
1/5/2004,1,2004,0.8304,21.6,0.2,NS,7.6
1/7/2004,1,2004,0.8162,26,0.2,NS,7.6
1/8/2004,1,2004,0.8549,26,0.3,NS,7.5
1/15/2004,1,2004,0.8398,23.5,0.4,19,7.6
1/16/2004,1,2004,0.8715,25.1,0.4,NS,7.7
1/17/2004,1,2004,0.8755,27,0.3,NS,7.8
1/18/2004,1,2004,0.8982,27.6,0.4,NS,7.5
2/1/2004,2,2004,0.8233,25.3,0.2,NS,7.6
2/12/2004,2,2004,0.5804,21.2,0.2,14,7.5
2/13/2004,2,2004,0.8269,22.4,0.2,NS,7.6
2/14/2004,2,2004,0.8898,23.2,0.3,NS,7.7
2/15/2004,2,2004,0.8781,26.3,0.3,NS,7.7
2/26/2004,2,2004,0.5346,18,0.4,18,7.6
2/27/2004,2,2004,0.4954,17.2,0.3,NS,7.3
2/28/2004,2,2004,0.447,17.2,0.3,NS,7.4
2/29/2004,2,2004,0.4455,17.4,0.4,NS,7.2
3/11/2004,3,2004,0.8318,26.5,0.6,13,7.9
3/12/2004,3,2004,0.8542,27.6,0.5,NS,7.6
3/13/2004,3,2004,0.8921,28.7,0.4,NS,7.5
3/14/2004,3,2004,0.88,29,0.2,NS,7.6
3/15/2004,3,2004,0.9139,29.7,0.3,NS,7.6
3/25/2004,3,2004,1.0966,26.3,0.4,15,7.5
3/26/2004,3,2004,0.8804,27.2,0.3,NS,7.6
3/27/2004,3,2004,0.9493,28.4,0.3,NS,7.6
3/28/2004,3,2004,0.9693,30.3,0.3,NS,7.6
4/8/2004,4,2004,0.8787,27.8,0.4,NS,7.7
4/9/2004,4,2004,0.87,29.8,0.3,NS,7.8
4/10/2004,4,2004,0.9102,30.5,0.5,NS,7.6
4/11/2004,4,2004,0.927,30.4,0.3,NS,7.5
4/22/2004,4,2004,0.8565,27,0.5,NS,7.8
4/23/2004,4,2004,0.8943,29,0.4,NS,7.9
4/24/2004,4,2004,0.9036,29.6,0.3,NS,7.7
4/25/2004,4,2004,0.931,32.1,0.4,NS,7.7
4/26/2004,4,2004,0.9564,33.4,0.4,NS,7.8
5/6/2004,5,2004,0.8708,28.1,0.5,4,7.8
5/7/2004,5,2004,0.7989,29.8,0.4,NS,7.8
5/8/2004,5,2004,0.776,29.5,0.6,NS,7.6
5/9/2004,5,2004,0.8306,30,0.4,NS,7.6
5/10/2004,5,2004,0.8378,29.6,0.5,NS,7.6
5/20/2004,5,2004,0.8271,28.2,0.4,18,7.6
5/21/2004,5,2004,0.8522,29,0.3,NS,7.6
5/22/2004,5,2004,0.8766,29.9,0.2,NS,7.6
5/23/2004,5,2004,0.8626,31.2,0.3,NS,7.7
5/24/2004,5,2004,0.8746,31.9,0.2,NS,7.6
6/3/2004,6,2004,0.7102,26.3,0.5,8,7.7
6/4/2004,6,2004,0.7644,27.5,0.6,NS,7.8
6/5/2004,6,2004,0.7889,28.6,0.5,NS,7.9
6/6/2004,6,2004,0.8242,29.7,0.5,NS,7.9
6/7/2004,6,2004,0.8486,30.7,0.4,NS,7.9
6/18/2004,6,2004,0.7708,30.8,0.6,NS,7.8
6/19/2004,6,2004,0.7701,31.4,0.5,NS,7.9
6/20/2004,6,2004,1.6477,32.3,0.4,NS,7.9
6/21/2004,6,2004,0.0478,32.6,0.4,NS,7.6
6/22/2004,6,2004,0.8758,33.1,1.1,3,7.4
7/1/2004,7,2004,0.8254,31.6,0.4,5,7.9
7/2/2004,7,2004,0.9205,33.8,0.6,NS,7.9
7/3/2004,7,2004,0.9552,34,0.5,NS,7.8
7/4/2004,7,2004,0.9587,34.8,0.5,NS,7.9
7/5/2004,7,2004,0.8754,34.2,0.7,NS,7.8
7/15/2004,7,2004,0.8315,31.7,0.4,8,7.8
7/16/2004,7,2004,0.9043,34.2,0.6,NS,7.7
7/17/2004,7,2004,0.9121,33.5,0.5,NS,7.6
7/18/2004,7,2004,0.9067,34.4,0.6,NS,7.6
7/19/2004,7,2004,0.9095,35,0.6,NS,7.7
7/29/2004,7,2004,0.8333,30.9,0.5,14,7.6
7/30/2004,7,2004,0.9015,32.2,0.5,NS,7.4
7/31/2004,7,2004,0.9558,33.4,0.5,NS,7.4
8/1/2004,8,2004,0.9619,33.9,0.6,NS,7.6
8/2/2004,8,2004,0.943,33.1,0.6,NS,7.4
8/14/2004,8,2004,0.9229,34.5,0.5,NS,7.5
8/15/2004,8,2004,0.9906,34.5,0.5,NS,7.7
8/16/2004,8,2004,1.0857,35.6,0.3,NS,7.6
8/17/2004,8,2004,1.001,36.1,0.5,11,7.6
8/18/2004,8,2004,1.0167,36.6,0.5,NS,7.5
8/29/2004,8,2004,0.9402,36.5,0.5,NS,7.6
8/30/2004,8,2004,0.9816,36,0.5,NS,7.3
8/31/2004,8,2004,1.0197,36.2,0.4,18,7.4
9/1/2004,9,2004,1.0077,35.2,0.5,NS,7.3
9/2/2004,9,2004,0.9839,35,0.4,NS,7.3
9/3/2004,9,2004,0.8298,34.5,0.6,NS,7.3
9/14/2004,9,2004,1.0217,35.3,0.4,12,7.6
9/15/2004,9,2004,0.9825,36.2,0.4,NS,7.6
9/16/2004,9,2004,0.9474,36.3,0.4,NS,7.2
9/17/2004,9,2004,0.9118,36.6,0.4,NS,7.2
9/18/2004,9,2004,0.471,35.8,0.9,NS,7.3
9/23/2004,9,2004,0.7718,30.2,0.5,12,7.8
9/24/2004,9,2004,0.8543,32.4,0.5,NS,7.7
9/25/2004,9,2004,0.8802,32.8,0.6,NS,7.5
9/26/2004,9,2004,0.9005,33.3,0.6,NS,7.6
9/27/2004,9,2004,0.9238,34.2,0.5,NS,7.5
10/7/2004,10,2004,1.003,33.4,0.52,19,7.3
10/8/2004,10,2004,0.942,33.5,0.63,NS,7.3
10/9/2004,10,2004,0.968,33.8,0.59,NS,7.3
10/10/2004,10,2004,0.938,33.9,0.4,NS,7.3
10/11/2004,10,2004,1.132,35.3,0.41,NS,7.6
10/21/2004,10,2004,0.885,29,0.37,10,7.5
10/22/2004,10,2004,0.898,30.2,0.3,NS,7.4
10/23/2004,10,2004,1.13,31.9,0.25,NS,7.3
10/25/2004,10,2004,1.005,32.5,0.27,NS,7.1
11/4/2004,11,2004,0.974,26.8,0.24,7,7.5
11/5/2004,11,2004,0.858,27.5,0.26,NS,7.5
11/6/2004,11,2004,0.823,28,0.32,NS,7.5
11/7/2004,11,2004,0.943,29.1,0.3,NS,7.6
11/8/2004,11,2004,0.888,29.6,0.27,NS,7.6
11/18/2004,11,2004,0.968,27.8,0.29,10,7.5
11/19/2004,11,2004,0.989,29,0.44,NS,7.7
11/20/2004,11,2004,1.04,29.2,0.45,NS,7.6
11/21/2004,11,2004,1.023,29.4,0.53,NS,7.7
11/22/2004,11,2004,1.042,29.9,0.44,NS,7.8
12/2/2004,12,2004,1.072,24.7,0.49,14,7.3
12/3/2004,12,2004,0.994,26.2,0.42,NS,7.4
12/4/2004,12,2004,0.93,26.5,0.49,NS,7.4
12/5/2004,12,2004,0.993,26.5,0.53,NS,7.5
12/6/2004,12,2004,1.474,27.8,0.46,NS,7.5
12/16/2004,12,2004,1.011,24.8,0.3,3,7.5
12/17/2004,12,2004,1.044,26,0.31,NS,7.4
12/18/2004,12,2004,1.08,26.5,0.26,NS,7.3
12/19/2004,12,2004,1.174,25.7,0.3,NS,7.5
12/20/2004,12,2004,1.023,25.7,0.47,14,7.4
1/3/2005,1,2005,1.395,16.5,0.31,NS,7.3
1/4/2005,1,2005,0.789,18.6,0.25,2.1,7.3
1/5/2005,1,2005,1.226,20.8,0.3,NS,7.3
1/7/2005,1,2005,1.416,22.5,0.37,NS,7.2
1/13/2005,1,2005,1.322,23.2,0.33,51,7.3
1/14/2005,1,2005,1.394,23.5,0.29,NS,7.4
1/15/2005,1,2005,1.118,24.5,0.25,NS,7.3
1/16/2005,1,2005,1.156,25.3,0.43,NS,7.4
1/17/2005,1,2005,1.168,26,0.44,NS,7.4
1/27/2005,1,2005,1.001,23.1,0.4,10,7.5
1/28/2005,1,2005,1.165,24.2,0.4,NS,7.5
1/29/2005,1,2005,1.098,25.4,0.48,NS,7.4
1/30/2005,1,2005,1.332,26.1,0.51,NS,7.4
1/31/2005,1,2005,1.141,26.8,0.57,NS,7.4
2/10/2005,2,2005,1.03,23.8,0.63,3,7.4
2/11/2005,2,2005,1.056,26.4,0.53,NS,7.3
2/12/2005,2,2005,1.085,26.8,0.58,NS,7.2
2/13/2005,2,2005,1.128,28.2,0.35,NS,7.3
2/14/2005,2,2005,1.187,27.7,0.55,NS,7.4
2/24/2005,2,2005,1.101,21.9,0.25,20,7.6
2/25/2005,2,2005,1.119,24,0.29,NS,7.7
2/26/2005,2,2005,1.167,26.3,0.26,NS,7.5
2/27/2005,2,2005,1.592,26.2,0.4,NS,7.1
2/28/2005,2,2005,1.213,25.7,0.34,NS,7.4
3/10/2005,3,2005,1.29,27.2,0.43,3,7.4
3/11/2005,3,2005,1.13,29.2,0.33,NS,7.6
3/12/2005,3,2005,1.227,29.5,0.34,NS,7.6
3/13/2005,3,2005,1.287,31,0.47,NS,7.6
3/14/2005,3,2005,1.294,30.8,0.43,NS,7.7
3/24/2005,3,2005,1.106,23.5,0.29,3,7.5
3/25/2005,3,2005,1.12,25.4,0.42,NS,7.5
3/26/2005,3,2005,1.101,26.2,0.47,NS,7.5
3/27/2005,3,2005,1.504,27.2,0.31,NS,7.4
3/28/2005,3,2005,1.075,26.5,0.4,NS,7.2
4/7/2005,4,2005,1.037,24.5,0.63,8,7.3
4/8/2005,4,2005,1.057,24.6,0.64,NS,7.4
4/9/2005,4,2005,1.081,26.1,0.51,NS,7.4
4/10/2005,4,2005,1.073,26.9,0.62,NS,7.4
4/11/2005,4,2005,1.074,27.1,0.54,NS,7.5
4/21/2005,4,2005,0.985,27,0.47,3,7.6
4/22/2005,4,2005,0.924,27.8,0.6,NS,7.3
4/23/2005,4,2005,0.988,28.9,0.63,NS,7.3
4/24/2005,4,2005,1.101,29.2,0.38,NS,7.4
4/25/2005,4,2005,1.178,30,0.56,NS,7.6
5/4/2005,5,2005,0.437,25.1,0.45,NS,7.5
5/5/2005,5,2005,1.004,26.5,0.29,13,7.4
5/6/2005,5,2005,1.049,27.4,0.53,NS,7.5
5/7/2005,5,2005,1.071,27.6,0.58,NS,7.3
5/8/2005,5,2005,1.092,29.3,0.42,NS,7.5
5/19/2005,5,2005,1.083,27.7,0.3,8,7.7
5/20/2005,5,2005,0.946,29.5,0.27,NS,7.7
5/21/2005,5,2005,1.018,30.3,0.32,NS,7.8
5/22/2005,5,2005,1.006,31.7,0.3,NS,7.8
5/23/2005,5,2005,0.982,31.9,0.41,NS,7.7
6/3/2005,6,2005,0.944,28.4,0.55,NS,7.4
6/4/2005,6,2005,0.973,29.1,0.67,NS,7.4
6/5/2005,6,2005,1.114,29.6,0.54,NS,7.4
6/6/2005,6,2005,1.063,29.5,0.45,NS,7.4
6/7/2005,6,2005,1.114,29.8,0.66,6,7.4
6/16/2005,6,2005,0.966,28.5,0.25,12,7.4
6/17/2005,6,2005,1.143,29,0.14,NS,7.4
6/18/2005,6,2005,1.127,31.2,0.24,NS,7.2
6/19/2005,6,2005,1.019,31.2,0.24,NS,7.2
6/20/2005,6,2005,0.93,31.3,0.46,NS,7.4
6/30/2005,6,2005,0.917,28.8,0.25,8,7.3
7/1/2005,7,2005,0.975,30,0.41,NS,7.3
7/2/2005,7,2005,0.949,31.2,0.36,NS,7.2
7/3/2005,7,2005,1.046,32.1,0.34,NS,7.5
7/4/2005,7,2005,1.014,32.9,0.41,NS,7.5
7/14/2005,7,2005,0.979,30.5,0.35,3,7.6
7/15/2005,7,2005,1.029,31.2,0.33,NS,7.3
7/16/2005,7,2005,1.055,31.5,0.24,NS,7.3
7/17/2005,7,2005,1.046,33.6,0.23,NS,7.3
7/18/2005,7,2005,0.988,32.5,0.23,NS,7.4
7/28/2005,7,2005,1.185,29,0.26,7,7.6
7/29/2005,7,2005,0.706,30.5,0.29,NS,7.4
7/30/2005,7,2005,1.242,31.8,0.23,NS,7.5
7/31/2005,7,2005,1.093,32.8,0.25,NS,7.5
8/1/2005,8,2005,1.068,33,0.29,NS,7.5
8/11/2005,8,2005,1.205,30.7,0.18,4,7.5
8/12/2005,8,2005,0.998,30.9,0.26,NS,7.4
8/13/2005,8,2005,1.106,31.3,0.33,NS,7.4
8/14/2005,8,2005,1.066,31.3,0.34,NS,7.3
8/15/2005,8,2005,1.17,31.8,0.35,NS,7.5
8/25/2005,8,2005,0.948,28.9,0.24,3,7.4
8/26/2005,8,2005,0.971,30.3,0.26,NS,7.3
8/27/2005,8,2005,1.036,31.4,0.25,NS,7.4
8/28/2005,8,2005,1.076,32.5,0.35,NS,7.2
8/29/2005,8,2005,1.053,32.9,0.33,NS,7.2
9/12/2005,9,2005,0.859,32.8,0.41,NS,7.3
9/13/2005,9,2005,0.918,32.1,0.46,9,7.3
9/14/2005,9,2005,0.944,31.8,0.51,NS,7.3
9/15/2005,9,2005,1.025,31.7,0.42,NS,7.2
9/16/2005,9,2005,0.854,31.8,0.47,NS,7.4
9/22/2005,9,2005,0.932,30.3,0.34,7,7.5
9/23/2005,9,2005,0.948,31.1,0.32,NS,7.4
9/24/2005,9,2005,0.963,31.7,0.34,NS,7.4
9/25/2005,9,2005,1.019,32.1,0.32,NS,7.5
9/26/2005,9,2005,1.012,32.8,0.43,NS,7.4
10/6/2005,10,2005,0.993,31.1,0.21,4,7.5
10/7/2005,10,2005,1.04,31.6,0.44,NS,7.4
10/8/2005,10,2005,1.096,32.5,0.25,NS,7.3
10/9/2005,10,2005,1.102,33.5,0.32,NS,7.5
10/10/2005,10,2005,1.093,34,0.44,3,7.4
10/20/2005,10,2005,1.005,30.4,0.35,3,7.4
10/21/2005,10,2005,0.996,31.1,0.35,NS,7.3
10/22/2005,10,2005,1.019,31,0.38,NS,7.2
10/23/2005,10,2005,1.003,31,0.37,NS,7.2
10/24/2005,10,2005,1.001,30.7,0.33,NS,7.3
11/3/2005,11,2005,0.955,28.6,0.24,21,7.2
11/4/2005,11,2005,1.036,29.4,0.27,NS,7.4
11/5/2005,11,2005,1.06,30.1,0.3,NS,7.2
11/6/2005,11,2005,1.123,31.3,0.4,NS,7.5
11/7/2005,11,2005,1.53,32.5,0.24,NS,7.6
11/17/2005,11,2005,0.974,30.3,0.3,7,7.6
11/18/2005,11,2005,1.009,31.4,0.3,NS,7.6
11/19/2005,11,2005,1.132,32.3,0.29,NS,7.5
11/20/2005,11,2005,1.11,32.5,0.37,NS,7.5
11/21/2005,11,2005,1.113,32.4,0.36,NS,7.4
12/1/2005,12,2005,1.521,25.4,0.32,20,7.4
12/2/2005,12,2005,1.456,25.1,0.24,NS,7.3
12/3/2005,12,2005,1.192,27.1,0.27,NS,7.4
12/4/2005,12,2005,1.313,27.7,0.33,NS,7.4
12/5/2005,12,2005,1.118,27.5,0.38,NS,7.5
12/15/2005,12,2005,0.984,22,0.1,3,7
12/16/2005,12,2005,1.017,23.1,0.1,NS,7
12/17/2005,12,2005,1.414,23.6,0.1,NS,7.2
12/18/2005,12,2005,1.726,22.7,0.25,NS,7.2
12/19/2005,12,2005,1.696,22.3,0.24,NS,7.1
1/4/2006,1,2006,1.244,21.3,0.1,9,7.1
1/5/2006,1,2006,1.237,22.3,0.1,NS,7.1
1/6/2006,1,2006,1.186,24.4,0.1,NS,7.4
1/7/2006,1,2006,0.709,24.6,0.1,NS,7.3
1/8/2006,1,2006,0.407,22.9,0.088,NS,7.3
1/12/2006,1,2006,1.139,24.3,0.077,3,7.3
1/13/2006,1,2006,1.17,26.7,0.19,NS,7.4
1/14/2006,1,2006,1.348,27.5,0.11,NS,7.4
1/15/2006,1,2006,1.227,28.2,0.1,NS,7.3
1/16/2006,1,2006,1.072,28.6,0.1,NS,7.3
1/26/2006,1,2006,1.024,25.4,0.13,3,7.2
1/27/2006,1,2006,0.993,26.3,0.12,NS,7.4
1/28/2006,1,2006,1.141,27.6,0.16,NS,7.4
1/29/2006,1,2006,1.105,27.5,0.16,NS,7.3
1/30/2006,1,2006,1.069,27.5,0.11,NS,7.5
2/9/2006,2,2006,0.859,23.6,0.1,5.5,7.5
2/10/2006,2,2006,1.01,25.4,0.13,NS,7.5
2/11/2006,2,2006,0.965,26.8,0.1,NS,7.5
2/12/2006,2,2006,1.046,28,0.088,NS,7.5
2/13/2006,2,2006,0.901,27.8,0.1,NS,7.5
2/28/2006,2,2006,1.741,23,0.1,8,7.6
3/1/2006,3,2006,1.036,23.7,0.1,NS,7.6
3/2/2006,3,2006,1.124,24,0.29,NS,7.4
3/3/2006,3,2006,0.854,23.3,0.1,NS,7.6
3/4/2006,3,2006,0.349,23.1,0.1,NS,7.6
3/8/2006,3,2006,0.976,17.5,0.1,NS,7.7
3/10/2006,3,2006,1.203,21.3,0.1,NS,7.7
3/13/2006,3,2006,0.63,22.3,0.1,NS,7.8
3/23/2006,3,2006,0.993,22.3,0.15,5,7.4
3/25/2006,3,2006,1.799,23.8,0.099,NS,7.3
3/26/2006,3,2006,1.361,25.6,0.1,NS,7.4
3/27/2006,3,2006,1.605,26.8,0.14,NS,7.5
4/6/2006,4,2006,1.207,22.4,0.1,32,7.3
4/8/2006,4,2006,1.472,23.7,0.1,NS,7.3
4/9/2006,4,2006,1.311,25.1,0.1,NS,7.4
4/10/2006,4,2006,1.238,25.9,0.14,NS,7.2
4/20/2006,4,2006,1.229,26.6,0.1,7.5,7.2
4/21/2006,4,2006,1.259,28.2,0.29,NS,7.3
4/22/2006,4,2006,1.269,28.4,0.1,NS,7.3
4/23/2006,4,2006,1.305,29.3,0.1,NS,7.3
4/24/2006,4,2006,1.266,29.9,0.1,NS,7.2
5/4/2006,5,2006,1.011,27.3,0.1,9.5,7.5
5/5/2006,5,2006,1.003,28.3,0.1,NS,7.4
5/6/2006,5,2006,1.064,29.3,0.1,NS,7.2
5/7/2006,5,2006,1.184,30.7,0.1,NS,7.4
5/8/2006,5,2006,1.146,30.8,0.13,NS,7.4
5/18/2006,5,2006,1.094,32,0.1,4.5,7.3
5/23/2006,5,2006,1.186,33.7,0.1,7.5,7.6
5/24/2006,5,2006,1.032,34.1,0.077,NS,7.3
5/25/2006,5,2006,0.984,33.9,0.099,NS,7.4
5/26/2006,5,2006,0.831,32.3,0.1,NS,7.2
6/2/2006,6,2006,0.935,32.1,0.1,NS,7.6
6/3/2006,6,2006,0.916,32.8,0.22,NS,7.5
6/4/2006,6,2006,0.951,32.1,0.12,NS,7.6
6/5/2006,6,2006,0.934,32,0.077,NS,7.4
6/6/2006,6,2006,0.916,32,0.1,9,7.3
6/21/2006,6,2006,0.953,35.9,0.1,NS,7.3
6/22/2006,6,2006,1.003,37.2,0.1,NS,7.4
6/23/2006,6,2006,0.828,37.5,0.1,NS,7.4
6/24/2006,6,2006,0.45,36.3,0.1,NS,7.2
6/25/2006,6,2006,0.216,33.7,0.1,NS,7.7
7/1/2006,7,2006,1.094,34.2,0.14,NS,7.5
7/2/2006,7,2006,1.493,34.5,0.1,NS,7.3
7/3/2006,7,2006,0.891,34,0.1,NS,7.3
7/4/2006,7,2006,1.133,34,0.11,8.5,7.4
7/13/2006,7,2006,0.875,31.8,0.1,8.5,7.5
7/14/2006,7,2006,0.907,32.2,0.2,NS,7.5
7/15/2006,7,2006,1.042,33.5,0.1,NS,7.4
7/16/2006,7,2006,0.928,34.6,0.1,NS,7.6
7/17/2006,7,2006,1.004,34.9,0.1,NS,7.3
7/27/2006,7,2006,0.853,34,0.1,8.5,7.3
8/10/2006,8,2006,0.919,33,0.1,NS,7.5
8/11/2006,8,2006,0.905,33.5,0.1,NS,7.3
8/12/2006,8,2006,0.916,33.9,0.1,NS,7.2
8/13/2006,8,2006,0.975,34.6,0.1,NS,7.3
8/14/2006,8,2006,1.037,33.3,0.1,NS,7.1
8/24/2006,8,2006,0.828,32.8,0.1,NS,7.5
8/25/2006,8,2006,0.91,32.8,0.1,NS,7.7
8/26/2006,8,2006,1.053,32.9,0.1,NS,7.6
8/27/2006,8,2006,1.095,33.2,0.1,NS,7.7
8/28/2006,8,2006,1.035,33.3,0.1,NS,7.5
9/8/2006,9,2006,1.005,31.5,0.1,NS,7.4
9/9/2006,9,2006,1.156,32.4,0.1,NS,7.7
9/10/2006,9,2006,1.14,33.4,0.077,NS,7.2
9/11/2006,9,2006,1.274,35.2,0.1,NS,7.1
9/12/2006,9,2006,1.031,35.5,0.34,16,7.2
9/25/2006,9,2006,0.883,32,31,NS,7.3
9/26/2006,9,2006,1.026,31.4,31,8.5,7.4
9/27/2006,9,2006,0.953,31.5,10,NS,7.4
9/28/2006,9,2006,1.064,31.6,0.1,NS,7.5
9/29/2006,9,2006,0.976,32.2,0.11,NS,7.5
9/30/2006,9,2006,0.9,30.8,0.1,NS,7.3
10/5/2006,10,2006,1.12,31.4,0.1,4.5,7.5
10/6/2006,10,2006,0.999,32.2,0.1,NS,7.5
10/7/2006,10,2006,0.869,32.1,0.1,NS,7.5
10/8/2006,10,2006,0.494,31.3,0.1,NS,7.5
10/9/2006,10,2006,0.899,30.2,0.1,NS,7.5
10/19/2006,10,2006,1.028,32.1,0.066,6,7.6
10/20/2006,10,2006,1.121,32.5,0.15,NS,7.4
10/21/2006,10,2006,0.902,33.3,0.1,NS,7.3
10/22/2006,10,2006,0.48,32.6,0.055,NS,7.4
10/23/2006,10,2006,0.837,31.5,0.066,NS,7.5
11/2/2006,11,2006,1.018,29.1,0.1,8,7.4
11/3/2006,11,2006,0.856,30.1,0.13,NS,7.6
11/4/2006,11,2006,0.652,30.1,0.066,NS,7.9
11/5/2006,11,2006,0.414,30.6,0.055,NS,8
11/6/2006,11,2006,0.969,29.3,0.077,NS,7.9
11/16/2006,11,2006,0.934,27.9,0.055,4,7.7
11/17/2006,11,2006,0.903,28.4,0.1,NS,7.8
11/18/2006,11,2006,0.897,29.8,0.1,NS,7.8
11/19/2006,11,2006,0.612,28.8,0.15,NS,7.7
11/20/2006,11,2006,0.885,27.2,0.1,NS,7.4
11/30/2006,11,2006,1.065,26.2,0.1,4,7.8
12/4/2006,12,2006,0.719,25.7,0.1,NS,7.8
12/5/2006,12,2006,0.98,25.8,0.1,14,7.6
12/14/2006,12,2006,1.124,28.3,0.1,16,7.7
12/15/2006,12,2006,1.108,27.5,0.1,NS,7.6
12/16/2006,12,2006,1.155,27.4,0.1,NS,7.6
12/17/2006,12,2006,1.147,27.3,0.15,NS,7.6
12/18/2006,12,2006,1.158,27.8,0.1,NS,7.6
12/29/2006,12,2006,0.949,21.9,0.066,NS,7.6
12/30/2006,12,2006,0.589,21.3,0.1,NS,7.4
12/31/2006,12,2006,0.294,22,0.53,NS,7.4
1/1/2007,1,2007,0.479,21.2,0.1,NS,7.4
1/2/2007,1,2007,0.74,20.4,0.1,3,7.5
1/12/2007,1,2007,0.537,24.1,0.1,NS,7.6
1/13/2007,1,2007,0.384,22.5,0.1,NS,7.7
1/14/2007,1,2007,0.413,20.8,0.15,NS,7.4
1/15/2007,1,2007,0.711,19.9,0.43,NS,7.3
1/16/2007,1,2007,0.93,21.1,0.7,12,7.2
1/25/2007,1,2007,0.553,19.3,4.5,3,7.5
1/26/2007,1,2007,0.897,21,0.31,NS,7.5
1/27/2007,1,2007,1.064,23.1,0.33,NS,7.6
1/28/2007,1,2007,1.04,25.5,0.32,NS,7.6
1/29/2007,1,2007,1.036,27.2,0.44,NS,7.6
2/8/2007,2,2007,1.374,26.4,0.1,28,7.5
2/9/2007,2,2007,1.22,27.1,0.41,NS,7.5
2/10/2007,2,2007,0.865,27.5,0.53,NS,7.6
2/11/2007,2,2007,0.793,25.1,0.49,NS,7.7
2/12/2007,2,2007,0.958,23,0.42,NS,8
2/22/2007,2,2007,1.187,23.1,0.15,8,7.6
2/23/2007,2,2007,1.005,23.3,0.099,NS,7.7
2/24/2007,2,2007,1.045,24.7,0.23,NS,7.9
2/25/2007,2,2007,0.873,24.1,0.077,NS,7.6
2/26/2007,2,2007,1.006,22.9,0.1,NS,7.7
3/8/2007,3,2007,1.129,26.9,0.1,6,7.5
3/9/2007,3,2007,1.186,27.3,0.1,NS,7.5
3/10/2007,3,2007,1.212,28.4,0.1,NS,7.6
3/11/2007,3,2007,1.304,29.3,0.1,NS,7.3
3/12/2007,3,2007,1.196,30,0.1,NS,7.3
3/22/2007,3,2007,1.118,28.9,0.1,14,7.8
3/23/2007,3,2007,1.071,29.5,0.21,NS,7.6
3/24/2007,3,2007,0.818,29,0.15,NS,7.5
3/25/2007,3,2007,0.499,27.8,4.5,NS,7.1
3/26/2007,3,2007,0.774,26.2,0.47,NS,7.3
4/5/2007,4,2007,1.049,29.5,0.077,20,7.6
4/6/2007,4,2007,1.063,29.8,0.16,NS,7.6
4/7/2007,4,2007,0.712,30.4,0.088,NS,7.6
4/8/2007,4,2007,0.423,29.3,0.066,NS,7.5
4/9/2007,4,2007,0.765,27.9,0.22,NS,7.5
4/24/2007,4,2007,1.083,28.1,0.1,14,7.6
4/25/2007,4,2007,1.099,30.3,0.1,NS,7.6
4/26/2007,4,2007,1.088,31.1,0.11,NS,7.5
4/27/2007,4,2007,1.08,32.7,0.53,NS,7.4
4/28/2007,4,2007,0.751,33.1,0.22,NS,7.5
5/3/2007,5,2007,1.092,30.4,0.1,15,7.6
5/4/2007,5,2007,1.096,30.6,0.1,NS,7.6
5/5/2007,5,2007,1.131,31.1,0.1,NS,7.5
5/6/2007,5,2007,1.136,32.7,0.1,NS,7.6
5/7/2007,5,2007,1.092,33.4,0.1,NS,7.6
5/17/2007,5,2007,1.006,28.8,0.088,24,7.4
5/18/2007,5,2007,0.977,28.9,0.1,NS,7.5
5/19/2007,5,2007,1.063,29.2,0.1,NS,7.3
5/20/2007,5,2007,1.097,30.3,0.1,NS,7.4
5/21/2007,5,2007,0.994,30.4,0.1,NS,7.3
5/31/2007,5,2007,1.035,29.3,6.8,NS,7.3
6/1/2007,6,2007,1.093,30.6,0.16,NS,7.2
6/2/2007,6,2007,1.089,30.9,0.11,NS,7.4
6/3/2007,6,2007,1.156,32.1,0.1,NS,7.4
6/4/2007,6,2007,1.173,33.4,0.044,10,7.6
6/12/2007,6,2007,1.032,32.1,0.16,NS,7.6
6/14/2007,6,2007,0.824,33.4,0.21,NS,7.5
6/15/2007,6,2007,0.823,33.5,0.12,NS,7.3
6/16/2007,6,2007,0.878,32.1,0.11,NS,7.6
6/17/2007,6,2007,0.942,32.6,0.044,NS,7.5
6/18/2007,6,2007,0.977,32.3,0.088,3,7.6
6/29/2007,6,2007,1.006,32.5,0.077,NS,7.7
6/30/2007,6,2007,1.02,32.5,0.088,NS,7.6
7/1/2007,7,2007,1.043,32.6,0.13,NS,7.8
7/3/2007,7,2007,0.953,32.9,0.2,3,7.4
7/12/2007,7,2007,0.999,29.3,0.21,NS,7.4
7/13/2007,7,2007,0.922,30.1,0.16,NS,7.7
7/14/2007,7,2007,0.828,31.4,0.066,NS,7.7
7/15/2007,7,2007,0.381,31.7,0.79,NS,7.2
7/16/2007,7,2007,0.98,29.9,0.12,3,6.9
7/26/2007,7,2007,0.879,30.3,0.21,NS,7.7
7/27/2007,7,2007,1.006,31.5,0.33,NS,8
7/28/2007,7,2007,1.021,32.5,0.14,NS,7.6
7/29/2007,7,2007,0.997,33.6,0.077,NS,7.4
7/30/2007,7,2007,0.977,33.5,0.088,7,7.4
8/9/2007,8,2007,1.009,30.6,0.15,NS,7.3
8/10/2007,8,2007,1.077,31.8,0.13,NS,7.3
8/11/2007,8,2007,1.134,32.8,0.077,NS,7.2
8/12/2007,8,2007,1.119,33.5,0.12,NS,7.1
8/13/2007,8,2007,1.16,34.1,0.37,3,7.2
8/24/2007,8,2007,0.79,32.5,0.099,NS,7.3
8/25/2007,8,2007,0.726,32.1,0.1,NS,7.2
8/26/2007,8,2007,0.396,30.7,0.1,NS,7.3
8/27/2007,8,2007,0.787,30,0.1,3,7.4
8/28/2007,8,2007,0.894,31.1,0.1,NS,7.4
9/6/2007,9,2007,0.672,31.1,0.1,NS,7.4
9/7/2007,9,2007,1.027,31.1,0.15,NS,7.4
9/8/2007,9,2007,1.192,31,0.12,NS,7.4
9/9/2007,9,2007,0.839,30.2,0.077,NS,7.4
9/10/2007,9,2007,0.64,30,0.088,11,7.3
9/20/2007,9,2007,1.112,30.9,0.1,NS,7.4
9/21/2007,9,2007,0.919,31.7,0.1,NS,7.4
9/22/2007,9,2007,0.647,30.5,0.1,NS,7.5
9/23/2007,9,2007,0.421,31.5,0.11,NS,7.5
9/24/2007,9,2007,0.894,30,0.066,24,7.5
10/4/2007,10,2007,0.939,29.4,0.1,NS,7.4
10/5/2007,10,2007,0.876,29.1,0.1,NS,7.5
10/6/2007,10,2007,0.728,29,0.1,NS,7.5
10/7/2007,10,2007,0.367,28.7,0.1,NS,7.5
10/8/2007,10,2007,0.908,28.7,0.1,3,7.4
10/18/2007,10,2007,0.981,29.4,0.077,NS,7.4
10/19/2007,10,2007,1.053,30.1,0.1,NS,7.4
10/20/2007,10,2007,0.765,29.9,0.1,NS,7.3
10/21/2007,10,2007,0.439,29.1,0.1,NS,7.5
10/22/2007,10,2007,0.831,29.4,0.1,9,7.4
11/1/2007,11,2007,1.068,31.8,0.1,NS,7.3
11/2/2007,11,2007,1.173,32.6,0.1,NS,7.4
11/3/2007,11,2007,1.052,33.3,0.1,NS,7.5
11/4/2007,11,2007,0.567,32.9,0.1,NS,7.6
11/5/2007,11,2007,0.904,31.8,0.1,25,7.4
11/15/2007,11,2007,1.083,31.6,0.1,NS,7.7
11/16/2007,11,2007,1.107,31.7,0.1,NS,7.5
11/17/2007,11,2007,1.048,32.1,0.1,NS,7.5
11/18/2007,11,2007,1.174,31.6,0.1,NS,7.4
11/19/2007,11,2007,1.177,32.1,0.1,41,7.4
11/29/2007,11,2007,1.022,26.5,0.066,NS,7.4
11/30/2007,11,2007,1.016,27.7,0.066,NS,7.4
12/1/2007,12,2007,0.807,28.2,0.1,NS,7.6
12/2/2007,12,2007,0.577,27.5,0.1,NS,7.4
12/3/2007,12,2007,0.679,28.1,0.1,31,7.5
12/13/2007,12,2007,1.088,27,0.12,NS,7.4
12/14/2007,12,2007,1.065,27.2,0.1,NS,7.4
12/15/2007,12,2007,0.921,27,0.1,NS,7.4
12/16/2007,12,2007,0.41,27.3,0.1,NS,7.3
12/17/2007,12,2007,0.912,26.7,0.1,39,7.3
12/27/2007,12,2007,0.976,20.4,14,NS,7.3
12/28/2007,12,2007,1.015,21,0.1,NS,7.4
12/29/2007,12,2007,0.936,22.3,0.1,NS,7.4
12/30/2007,12,2007,1.131,24.2,0.1,NS,7.4
12/31/2007,12,2007,1.009,25.3,0.1,NS,7.4
1/11/2008,1,2008,1.203,25.5,0.077,NS,7.6
1/12/2008,1,2008,1.268,27.5,0.077,NS,7.5
1/13/2008,1,2008,1.191,28.1,0.066,NS,7.4
1/14/2008,1,2008,1.148,29.2,0.1,9,7.4
1/15/2008,1,2008,1.059,28.1,0.1,NS,7.4
1/24/2008,1,2008,1.014,21.6,0.22,NS,7.3
1/25/2008,1,2008,1.824,21.4,0.25,NS,7.5
1/26/2008,1,2008,1.755,19.6,0.32,NS,7.3
1/27/2008,1,2008,1.28,19.2,0.36,NS,7.3
1/28/2008,1,2008,0.935,18.2,0.22,4,7.4
2/7/2008,2,2008,1.117,23.1,0.22,NS,7.3
2/8/2008,2,2008,1.239,25,0.42,NS,7.2
2/9/2008,2,2008,0.798,25.2,0.23,NS,7.3
2/10/2008,2,2008,0.351,24.9,0.43,NS,7.4
2/11/2008,2,2008,0.891,24.4,0.35,3,7.4
2/13/2008,2,2008,1.089,24.9,0.16,NS,7.3
2/14/2008,2,2008,1.015,24.5,0.19,NS,7.2
2/15/2008,2,2008,0.598,24.9,0.2,NS,7.4
2/16/2008,2,2008,0.493,24.2,0.11,NS,7.2
2/17/2008,2,2008,0.242,24,0.16,NS,7.4
2/21/2008,2,2008,1.189,23.1,0.18,NS,7
2/22/2008,2,2008,2.049,24.1,0.18,NS,7.1
2/23/2008,2,2008,0.199,23.7,0.21,NS,7.1
2/24/2008,2,2008,1.359,23.2,0.19,NS,7.2
2/25/2008,2,2008,1.235,23.3,0.18,3,7.2
3/6/2008,3,2008,1.15,26.4,0.11,NS,7.2
3/7/2008,3,2008,1.198,27,0.18,NS,7.6
3/8/2008,3,2008,1.059,27.7,0.21,NS,7.7
3/9/2008,3,2008,1.161,28.7,0.24,16,7.2
3/10/2008,3,2008,1.302,28.8,0.18,NS,7.1
3/20/2008,3,2008,0.986,26.5,0.43,NS,7.7
3/21/2008,3,2008,0.575,26.4,0.38,NS,7.6
3/22/2008,3,2008,0.419,26,0.49,NS,7.5
3/23/2008,3,2008,0.282,25.5,0.31,NS,7.5
3/24/2008,3,2008,0.75,23.9,0.42,13,7.3
4/3/2008,4,2008,1.119,28.1,0.25,NS,8
4/4/2008,4,2008,1.162,28.2,0.29,NS,7.6
4/5/2008,4,2008,1.043,28.3,0.31,NS,7.7
4/6/2008,4,2008,1.19,28.4,0.22,NS,7.7
4/7/2008,4,2008,1.219,28.6,0.3,3,7.4
4/17/2008,4,2008,1.113,29.4,0.16,NS,7.2
4/18/2008,4,2008,0.571,28.9,0.24,NS,7.3
4/19/2008,4,2008,0.258,26.3,0.24,NS,7.5
4/20/2008,4,2008,0.37,24.9,0.27,NS,7.6
4/21/2008,4,2008,0.795,23.1,0.25,3,7.4
5/1/2008,5,2008,1.27,29.6,0.19,NS,7.5
5/2/2008,5,2008,0.781,29.9,0.2,NS,7.3
5/3/2008,5,2008,0.374,28.3,0.32,NS,7.7
5/4/2008,5,2008,0.402,27.7,0.22,NS,7.5
5/5/2008,5,2008,0.805,25.7,0.3,12,7.4
5/15/2008,5,2008,1.01,27.8,0.24,NS,7.5
5/16/2008,5,2008,1.092,29.8,0.24,NS,7.5
5/17/2008,5,2008,0.967,32.8,0.26,NS,7.5
5/18/2008,5,2008,1.048,33,0.26,NS,7.3
5/19/2008,5,2008,1.127,33.1,0.23,4,7.4
5/29/2008,5,2008,0.972,29.2,0.29,NS,7.2
5/30/2008,5,2008,0.97,31,0.29,NS,7.4
5/31/2008,5,2008,0.848,29.8,0.21,NS,7.3
6/1/2008,6,2008,0.996,31.2,0.31,NS,7.5
6/2/2008,6,2008,1.153,31.1,0.25,5,7.2
6/3/2008,6,2008,1.057,31.3,0.24,NS,7.1
6/4/2008,6,2008,1.132,31.5,0.29,NS,7.1
6/5/2008,6,2008,1.127,32,0.35,NS,7.1
6/6/2008,6,2008,1.089,32.2,0.19,NS,7.3
6/7/2008,6,2008,0.397,33.2,0.24,NS,7.6
6/14/2008,6,2008,0.989,32.1,0.25,NS,7.2
6/15/2008,6,2008,1.235,34.5,0.23,NS,7.2
6/16/2008,6,2008,1.238,34.8,0.29,8,7.3
6/17/2008,6,2008,1.024,34.3,0.24,NS,7.4
6/18/2008,6,2008,1.146,35.5,0.13,NS,7.1
6/26/2008,6,2008,0.928,31.6,0.29,NS,7.6
6/27/2008,6,2008,0.942,32.5,0.31,NS,7.6
6/28/2008,6,2008,0.979,31.8,0.27,NS,7.9
6/29/2008,6,2008,0.96,31.9,0.34,NS,7.5
6/30/2008,6,2008,0.98,32.1,0.22,11,7.5
7/10/2008,7,2008,0.971,32.5,0.066,NS,7.5
7/11/2008,7,2008,1.092,33.3,0.19,NS,7.7
7/12/2008,7,2008,1.022,33.9,0.24,NS,7.6
7/13/2008,7,2008,1.481,32.9,0.18,NS,7.4
7/14/2008,7,2008,0.662,34.1,0.13,3,7.4
7/24/2008,7,2008,1.587,29.2,0.077,NS,7.9
7/25/2008,7,2008,1.292,31.9,0.077,NS,7.1
7/26/2008,7,2008,1.093,29.6,0.077,NS,6.9
7/27/2008,7,2008,1.038,32.2,0.13,NS,7.3
7/28/2008,7,2008,1.084,32.7,0.055,11,7.4
8/7/2008,8,2008,0.889,33.3,0.15,NS,7.5
8/8/2008,8,2008,1.156,31.8,0.066,NS,7.4
8/9/2008,8,2008,1.144,32.7,0.12,NS,7.5
8/10/2008,8,2008,1.182,34.1,0.13,NS,7.4
8/11/2008,8,2008,1.467,34.2,0.12,16,7.3
8/22/2008,8,2008,1.046,33.8,0.18,NS,7.5
8/23/2008,8,2008,1.048,33.8,0.16,NS,7.4
8/24/2008,8,2008,1.128,33.6,0.22,NS,7.4
8/25/2008,8,2008,1.063,33.9,0.23,NS,7.3
8/26/2008,8,2008,1.093,33.9,0.22,3,7.4
9/4/2008,9,2008,1.074,34.2,0.33,NS,7.2
9/5/2008,9,2008,1.038,35.1,0.18,NS,7.1
9/6/2008,9,2008,1.066,35.1,0.2,NS,7.1
9/7/2008,9,2008,0.917,34.1,0.2,NS,7.2
9/8/2008,9,2008,0.871,34.3,0.14,3,7.2
9/18/2008,9,2008,1.076,31.8,0.45,NS,7.4
9/19/2008,9,2008,1.033,32.8,0.36,NS,7.2
9/20/2008,9,2008,1.08,33.5,0.26,NS,7
9/21/2008,9,2008,1.007,35.3,0.33,NS,7
9/22/2008,9,2008,0.985,35.2,0.32,12,7.1
10/2/2008,10,2008,1.042,32.9,0.29,NS,7.2
10/3/2008,10,2008,0.9,33.1,0.32,NS,7.1
10/4/2008,10,2008,0.406,32.2,0.45,NS,7.2
10/5/2008,10,2008,0.259,31.8,0.59,NS,7.1
10/6/2008,10,2008,0.391,30.2,0.48,33,7.2
10/16/2008,10,2008,1.047,31.4,0.22,NS,7
10/17/2008,10,2008,1.041,32.3,0.26,NS,7.1
10/18/2008,10,2008,1.051,32.9,0.23,NS,7.1
10/19/2008,10,2008,1.06,31.9,0.26,NS,7.2
10/20/2008,10,2008,1.06,31.4,0.87,4,7
10/30/2008,10,2008,0.744,26.9,0.34,NS,7.1
10/31/2008,10,2008,0.861,27.9,0.41,NS,7.1
11/1/2008,11,2008,1.152,29.2,0.21,NS,7.1
11/4/2008,11,2008,0.939,28.9,0.16,NS,6.9
11/5/2008,11,2008,1.014,29.2,0.2,NS,7.1
11/6/2008,11,2008,0.837,29.9,0.24,NS,7
11/7/2008,11,2008,0.681,30.5,0.12,NS,6.8
11/8/2008,11,2008,0.523,28.9,5.4,NS,7
11/13/2008,11,2008,0.914,30,1.6,NS,6.9
11/19/2008,11,2008,0.989,30.5,1,NS,7.5
11/20/2008,11,2008,1.015,31.1,1,NS,7.7
11/21/2008,11,2008,1.056,31.1,1,NS,7.7
11/22/2008,11,2008,1.182,30.8,1,NS,7.7
11/23/2008,11,2008,1.185,29.8,1,NS,7.3
11/27/2008,11,2008,0.264,27,4.8,NS,7.4
11/28/2008,11,2008,0.489,25.2,18,NS,7.4
11/29/2008,11,2008,0.314,24.1,15,NS,7.6
11/30/2008,11,2008,0.196,23.5,1.9,NS,7.6
12/1/2008,12,2008,0.538,22.8,2.1,3,7.7
12/11/2008,12,2008,1.072,26.5,0.34,NS,7.4
12/12/2008,12,2008,1.155,27.4,0.22,NS,7.2
12/13/2008,12,2008,1.18,27.4,0.29,NS,7.1
12/14/2008,12,2008,1.258,27.4,0.31,NS,7.2
12/15/2008,12,2008,1.299,27.1,0.35,19,7.2
12/20/2008,12,2008,0.373,24.4,0.78,NS,7.1
12/21/2008,12,2008,0.398,19.7,0.4,NS,7.7
12/22/2008,12,2008,1.008,23.6,0.29,180,7.6
12/23/2008,12,2008,0.883,23.4,0.25,NS,7.5
12/24/2008,12,2008,0.817,21.5,0.18,NS,7.3
1/6/2009,1,2009,0.972,24.4,0.3,NS,7.2
1/7/2009,1,2009,1.044,25.8,0.27,NS,7.3
1/8/2009,1,2009,0.973,26.1,0.23,NS,7.4
1/9/2009,1,2009,0.911,29.2,0.21,NS,7.4
1/10/2009,1,2009,0.374,24.1,0.24,NS,7.3
1/11/2009,1,2009,0.318,23.2,0.19,NS,7.4
1/12/2009,1,2009,0.731,22.6,0.25,3,7
1/13/2009,1,2009,0.725,23.2,0.41,NS,7.4
1/14/2009,1,2009,0.776,24,4.9,NS,7.5
1/15/2009,1,2009,0.786,24.9,24,NS,7.4
1/20/2009,1,2009,0.892,25.4,0.2,NS,7.3
1/21/2009,1,2009,0.84,26,0.31,NS,7.2
1/22/2009,1,2009,0.989,25.5,0.18,NS,7.5
1/23/2009,1,2009,0.824,26,0.2,NS,7.6
1/24/2009,1,2009,0.792,25.1,0.2,NS,7.4
2/2/2009,2,2009,0.703,23.9,0.3,3,7.2
2/4/2009,2,2009,0.796,26.4,0.32,NS,7.2
2/5/2009,2,2009,0.655,27.4,0.37,NS,7.2
2/6/2009,2,2009,1.215,28.6,0.33,NS,7.5
2/7/2009,2,2009,0.767,27.5,0.26,NS,7.4
2/17/2009,2,2009,1.136,18.7,1,NS,7.3
2/18/2009,2,2009,1.324,20.8,1,NS,7.4
2/19/2009,2,2009,1.005,24.2,1,NS,7.2
2/20/2009,2,2009,1.164,26.1,1,NS,7.2
2/21/2009,2,2009,1.09,27.4,1,NS,7.2
3/3/2009,3,2009,1.841,21.5,0.19,NS,7.4
3/4/2009,3,2009,2.203,22,0.3,NS,7.3
3/5/2009,3,2009,1.698,21.6,0.18,NS,7.3
3/6/2009,3,2009,0.729,22.2,0.2,NS,7.1
3/7/2009,3,2009,0.941,21.9,2.4,NS,7
3/17/2009,3,2009,1.019,25.6,0.23,NS,7.5
3/18/2009,3,2009,1.126,27.8,0.31,NS,7.4
3/19/2009,3,2009,1.111,27.8,0.39,NS,7.2
3/20/2009,3,2009,1.099,26.9,5.7,NS,7.2
3/21/2009,3,2009,1.011,26.5,2,NS,7.2
3/31/2009,3,2009,0.95,28.8,0.36,NS,7.5
4/1/2009,4,2009,1.039,28.4,0.3,NS,7.3
4/2/2009,4,2009,0.93,27.4,0.35,NS,7.5
4/3/2009,4,2009,1.161,28.1,0.44,NS,7.3
4/4/2009,4,2009,0.203,26.7,0.45,NS,7.6
4/14/2009,4,2009,1.217,24.4,0.43,NS,7.5
4/15/2009,4,2009,1.182,26.8,0.46,NS,7.5
4/16/2009,4,2009,1.116,27.8,0.46,NS,7.5
4/17/2009,4,2009,1.181,28.3,0.4,NS,7.3
4/18/2009,4,2009,1.119,30.8,0.37,NS,7.4
4/28/2009,4,2009,0.825,24.3,0.14,NS,7.5
4/29/2009,4,2009,0.675,24.4,0.14,NS,7.3
4/30/2009,4,2009,0.683,24.8,0.34,NS,7.1
5/1/2009,5,2009,0.781,25.2,0.21,NS,7.3
5/2/2009,5,2009,0.767,27.5,0.2,NS,7.2
5/12/2009,5,2009,0.868,28.7,0.26,NS,7.3
5/13/2009,5,2009,1.317,29.9,0.24,NS,7.3
5/14/2009,5,2009,1.027,30.9,0.42,NS,7.4
5/15/2009,5,2009,1.166,32.5,0.23,NS,7.3
5/16/2009,5,2009,1.129,32.7,0.13,NS,7.2
5/26/2009,5,2009,0.825,27.3,0.23,NS,7.4
5/27/2009,5,2009,1,29,0.26,NS,7.4
5/28/2009,5,2009,1,29.7,0.69,NS,7.3
5/29/2009,5,2009,0.984,29.8,0.33,NS,7.4
5/30/2009,5,2009,1.042,30.1,0.32,NS,7.3
6/10/2009,6,2009,0.857,28.1,0.21,NS,7.4
6/11/2009,6,2009,0.92,29.5,0.21,NS,7.3
6/12/2009,6,2009,0.855,30.2,0.33,NS,7.2
6/13/2009,6,2009,0.923,29.5,0.27,NS,7.3
6/14/2009,6,2009,0.902,29,0.22,NS,7.4
6/23/2009,6,2009,0.915,30.1,0.37,NS,7.4
6/24/2009,6,2009,0.962,30.3,0.46,NS,7.6
6/25/2009,6,2009,0.986,30.5,0.45,NS,7.7
6/26/2009,6,2009,0.93,30.6,0.25,NS,7.3
6/27/2009,6,2009,0.978,32.4,0.18,NS,7.4
6/28/2009,6,2009,0.958,33.2,0.23,NS,7.3
6/29/2009,6,2009,0.928,33.2,0.18,11,7.4
7/7/2009,7,2009,0.941,28.2,0.43,NS,7.3
7/8/2009,7,2009,0.921,29.6,0.3,NS,7.4
7/9/2009,7,2009,0.954,30.5,0.11,NS,7.5
7/10/2009,7,2009,0.891,30.7,0.077,NS,7.4
7/11/2009,7,2009,0.693,31.2,0.13,NS,7.4
7/21/2009,7,2009,0.477,30.1,0.79,NS,7.5
7/22/2009,7,2009,0.965,30.8,0.19,NS,7.6
7/23/2009,7,2009,0.993,30.5,0.24,NS,7.5
7/24/2009,7,2009,0.834,29.9,0.57,NS,7.4
7/25/2009,7,2009,0.464,28.9,0.36,NS,7.4
8/4/2009,8,2009,1.063,29.5,0.13,NS,7.5
8/5/2009,8,2009,1.119,30.9,0.2,NS,7.5
8/6/2009,8,2009,1.113,31.3,0.42,NS,7.4
8/7/2009,8,2009,1.034,31.2,0.24,NS,7.3
8/8/2009,8,2009,0.72,30.5,0.23,NS,7.4
8/18/2009,8,2009,0.955,30.7,0.21,NS,7.5
8/19/2009,8,2009,0.908,30.9,0.25,NS,7.4
8/20/2009,8,2009,0.806,31.5,0.13,NS,7.5
8/21/2009,8,2009,0.888,31.5,0.25,NS,7.6
8/22/2009,8,2009,0.591,31.1,0.31,NS,7.4
9/1/2009,9,2009,0.892,30.1,0.16,NS,7.4
9/2/2009,9,2009,0.837,31.5,0.22,NS,7.4
9/3/2009,9,2009,0.939,32.2,0.34,NS,7.5
9/4/2009,9,2009,0.908,32.4,0.22,NS,7.4
9/5/2009,9,2009,0.342,30.9,0.55,NS,7.3
9/15/2009,9,2009,0.934,31.7,0.14,NS,7.6
9/16/2009,9,2009,0.956,31.6,0.15,NS,7.6
9/17/2009,9,2009,0.874,32.2,0.077,NS,7.5
9/18/2009,9,2009,0.972,32.8,0.24,NS,7.6
9/19/2009,9,2009,1.049,33.1,0.21,NS,7.5
9/29/2009,9,2009,0.744,26.9,0.33,NS,7.5
9/30/2009,9,2009,0.697,27.7,0.24,NS,7.6
10/1/2009,10,2009,0.929,28.6,0.24,NS,7.3
10/2/2009,10,2009,0.817,28.9,0.3,NS,7.3
10/3/2009,10,2009,0.794,29.5,0.32,NS,7.3
10/13/2009,10,2009,1.496,25.5,0.1,NS,7.3
10/14/2009,10,2009,1.092,26.8,0.077,NS,7.3
10/15/2009,10,2009,0.875,28.6,0.13,NS,7.2
10/16/2009,10,2009,0.821,29.1,0.21,NS,7.3
10/17/2009,10,2009,0.926,30.2,0.21,NS,7.3
10/27/2009,10,2009,0.888,26.2,0.16,NS,7.5
10/28/2009,10,2009,0.872,26.5,0.23,NS,7.5
10/29/2009,10,2009,0.791,27.3,0.34,NS,7.4
10/30/2009,10,2009,0.587,27.8,0.38,NS,7.5
10/31/2009,10,2009,1.149,28.5,0.32,NS,7.5
11/10/2009,11,2009,0.844,24.3,0.15,NS,7.4
11/11/2009,11,2009,0.957,24.9,0.23,NS,7.5
11/12/2009,11,2009,1.119,25.9,0.26,NS,7.5
11/13/2009,11,2009,0.841,26.5,0.27,NS,7.3
11/14/2009,11,2009,0.355,25.5,0.43,NS,7.3
11/17/2009,11,2009,0.986,24.1,0.12,NS,7.4
11/18/2009,11,2009,0.992,24.7,0.24,NS,7.6
11/19/2009,11,2009,0.78,23.9,0.6,NS,7.4
11/20/2009,11,2009,0.642,23.9,0.12,NS,7.3
11/21/2009,11,2009,0.871,23.3,0.099,NS,7.1
12/1/2009,12,2009,0.924,21.6,0.1,NS,7.3
12/2/2009,12,2009,0.914,23.5,0.27,NS,7.5
12/3/2009,12,2009,0.792,24.4,0.25,NS,7.5
12/4/2009,12,2009,0.8,24.8,0.27,NS,7.6
12/5/2009,12,2009,0.391,23.8,0.26,NS,7.5
12/15/2009,12,2009,1.074,22.8,0.3,NS,7.4
12/16/2009,12,2009,1.146,24.8,0.36,NS,7.3
12/17/2009,12,2009,1.004,25.6,0.066,NS,7.3
12/18/2009,12,2009,0.867,24.5,0.1,NS,7.3
12/19/2009,12,2009,0.555,23.8,0.11,NS,7.2
12/30/2009,12,2009,0.876,20.5,0.18,NS,7.5
12/31/2009,12,2009,0.567,21.6,0.14,NS,7.3
1/1/2010,1,2010,0.303,21.1,0.4,NS,7.4
1/2/2010,1,2010,0.369,21.7,0.33,NS,7.1
1/3/2010,1,2010,0.24,19,0.18,NS,7.3
1/12/2010,1,2010,0.838,21.6,0.35,NS,7.3
1/13/2010,1,2010,0.819,22.5,0.24,NS,7.3
1/14/2010,1,2010,0.63,22.6,0.29,NS,7.3
1/15/2010,1,2010,0.409,22.6,0.27,NS,7.3
1/26/2010,1,2010,1.304,18.7,0.15,NS,7.3
1/27/2010,1,2010,1.234,21.2,0.14,NS,7.2
1/28/2010,1,2010,0.995,22.8,0.12,NS,7.4
1/29/2010,1,2010,0.712,22.6,0.099,NS,7.1
1/30/2010,1,2010,0.511,21.5,0.15,NS,7.2
2/10/2010,2,2010,1.107,22.5,0.13,NS,7.3
2/11/2010,2,2010,1.056,23.4,0.15,NS,7.2
2/12/2010,2,2010,0.991,23.3,0.18,NS,7.1
2/13/2010,2,2010,0.441,23.2,0.23,NS,7.2
2/14/2010,2,2010,0.338,22.7,0.25,NS,7.2
2/23/2010,2,2010,0.927,24.3,0.11,NS,7.3
2/24/2010,2,2010,0.842,22.5,0.16,NS,7.2
2/25/2010,2,2010,0.612,22,0.11,NS,7
2/26/2010,2,2010,0.723,20.1,0.12,NS,7
2/27/2010,2,2010,0.675,19.2,0.077,NS,7.2
3/9/2010,3,2010,0.922,20.5,0.2,NS,7.2
3/10/2010,3,2010,0.936,21.8,0.22,NS,7.3
3/11/2010,3,2010,0.372,22.3,0.1,NS,7.1
3/12/2010,3,2010,1.232,23,0.18,NS,7.2
3/13/2010,3,2010,1.04,22,0.1,NS,7.2
3/23/2010,3,2010,1.078,23.8,0.088,NS,7.5
3/24/2010,3,2010,1.326,25.3,0.077,NS,7.3
3/25/2010,3,2010,0.894,25.2,0.25,NS,7.3
3/27/2010,3,2010,1.134,25.8,0.22,NS,7.3
3/28/2010,3,2010,0.43,25.1,0.2,NS,7.3
3/29/2010,3,2010,0.852,23.6,0.31,NS,7.3
3/30/2010,3,2010,0.97,23.7,0.62,NS,7.4
3/31/2010,3,2010,1.191,25.2,0.45,NS,7.5
4/6/2010,4,2010,1.205,23,0.21,NS,7.7
4/7/2010,4,2010,1.238,25.5,0.29,NS,7.6
4/8/2010,4,2010,1.264,26.1,0.34,NS,7.4
4/9/2010,4,2010,0.988,25.2,0.29,NS,7.3
4/10/2010,4,2010,0.559,24.5,0.24,NS,7.3
4/20/2010,4,2010,1.356,23.8,0.15,NS,7.5
4/21/2010,4,2010,1.233,24.4,0.69,NS,7.3
4/22/2010,4,2010,1.203,25.8,0.19,NS,7.3
4/23/2010,4,2010,1.007,25.3,0.27,NS,7.2
4/24/2010,4,2010,0.51,25.7,0.35,NS,7.2
5/4/2010,5,2010,0.953,24.4,0.46,NS,7.6
5/5/2010,5,2010,0.991,26.1,0.52,NS,7.5
5/6/2010,5,2010,1.118,27.5,0.29,NS,7.6
5/7/2010,5,2010,1.058,27.2,0.29,NS,7.6
5/8/2010,5,2010,0.605,26.5,0.37,NS,7.4
5/18/2010,5,2010,1.007,24.9,0.25,NS,7.4
5/19/2010,5,2010,0.792,25.4,0.29,NS,7.5
5/20/2010,5,2010,0.949,25.5,0.32,NS,7.3
5/21/2010,5,2010,0.964,25.8,0.37,NS,7.4
5/22/2010,5,2010,0.641,24.5,0.31,NS,7.4
6/1/2010,6,2010,0.652,24.5,0.34,NS,7.7
6/2/2010,6,2010,0.923,25.4,0.25,NS,7.4
6/3/2010,6,2010,0.898,26.3,0.21,NS,7.4
6/4/2010,6,2010,0.836,28.2,0.21,NS,7.3
6/5/2010,6,2010,0.432,28.2,0.15,NS,7.4
6/16/2010,6,2010,1.029,29.5,0.43,NS,7.4
6/17/2010,6,2010,1.027,28.7,0.22,NS,7.3
6/18/2010,6,2010,1.018,28.5,0.22,NS,7.3
6/19/2010,6,2010,1.15,28.4,0.25,NS,7.3
6/20/2010,6,2010,1.146,29,0.19,NS,7.4
6/27/2010,6,2010,0.265,28.6,0.2,NS,7.3
6/28/2010,6,2010,0.674,28.3,0.26,3,7.4
6/29/2010,6,2010,1.005,28.6,0.32,NS,7.6
6/30/2010,6,2010,0.618,27,0.9,NS,7.4
7/1/2010,7,2010,0.98,28.5,0.32,NS,7.4
7/13/2010,7,2010,1.192,28.1,0.12,NS,7.4
7/14/2010,7,2010,1.153,29.7,0.11,NS,7.4
7/15/2010,7,2010,1.056,30.2,0.2,NS,7.5
7/16/2010,7,2010,1.183,30.7,0.19,NS,7.5
7/17/2010,7,2010,1.193,31.4,0.21,NS,7.3
7/27/2010,7,2010,0.992,27.5,0.27,NS,7.5
7/28/2010,7,2010,1.03,28.8,0.2,NS,7.6
7/29/2010,7,2010,1.031,29.2,0.36,NS,7.6
7/30/2010,7,2010,1.009,30.1,0.25,NS,7.6
7/31/2010,7,2010,0.442,28.7,0.19,NS,7.5
8/11/2010,8,2010,1.21,26.1,0.26,NS,7.4
8/12/2010,8,2010,0.933,27.5,0.25,NS,7.4
8/13/2010,8,2010,1.1,28.1,0.24,NS,7.4
8/14/2010,8,2010,0.995,29.4,0.23,NS,7.4
8/15/2010,8,2010,1.164,30.2,0.23,NS,7.4
8/24/2010,8,2010,1.157,33.4,0.25,NS,7.8
8/25/2010,8,2010,1.088,33.8,0.31,NS,7.8
8/26/2010,8,2010,1.086,32.3,0.33,NS,7.6
8/27/2010,8,2010,1.138,31.8,0.43,NS,7.4
8/28/2010,8,2010,0.654,30.1,0.41,NS,7.4
9/7/2010,9,2010,0.677,27.2,0.25,NS,7.6
9/8/2010,9,2010,0.451,27.4,0.22,NS,7.7
9/9/2010,9,2010,1.429,28.3,0.29,NS,7.4
9/10/2010,9,2010,1.067,27.9,0.21,NS,7
9/11/2010,9,2010,1.067,29.4,0.22,NS,7.2
9/21/2010,9,2010,1.053,31.8,0.21,NS,7.3
9/22/2010,9,2010,1.025,31.2,0.34,NS,7.2
9/23/2010,9,2010,1.032,30.6,0.34,NS,7.1
9/24/2010,9,2010,0.897,30.6,0.43,NS,7.4
9/25/2010,9,2010,0.454,31.3,0.41,NS,7.7
10/6/2010,10,2010,0.994,30.7,0.31,NS,7.5
10/7/2010,10,2010,1,30.5,0.44,NS,7.5
10/8/2010,10,2010,0.988,29.5,0.34,NS,7.5
10/9/2010,10,2010,0.523,28.8,0.31,NS,7.5
10/10/2010,10,2010,0.273,29.3,0.45,NS,7.5
10/19/2010,10,2010,0.908,28.5,0.3,NS,7.6
10/20/2010,10,2010,1.024,29.3,0.33,NS,7.6
10/21/2010,10,2010,1.029,29.7,0.32,NS,7.6
10/22/2010,10,2010,1.026,29.5,0.22,NS,7.5
10/23/2010,10,2010,0.467,29.4,1.1,NS,7.3
11/2/2010,11,2010,0.583,26,0.29,NS,7.7
11/3/2010,11,2010,0.353,25.7,0.33,NS,7.9
11/4/2010,11,2010,0.764,26.5,0.37,NS,7.8
11/5/2010,11,2010,0.897,26.2,0.38,NS,7.7
11/6/2010,11,2010,1.069,27.1,0.4,NS,7.7
11/16/2010,11,2010,0.781,27.3,0.43,NS,7.4
11/17/2010,11,2010,1.014,27.5,0.43,NS,7.6
11/18/2010,11,2010,1.162,27.3,0.45,NS,7.5
11/19/2010,11,2010,1.069,26.9,0.29,NS,7.5
11/20/2010,11,2010,1.223,25.8,0.22,NS,7.5
11/30/2010,11,2010,0.848,19.3,0.2,NS,7.5
12/1/2010,12,2010,0.897,21.3,0.21,NS,7.5
12/2/2010,12,2010,1.053,24.5,0.34,NS,7.4
12/3/2010,12,2010,0.653,23.8,0.15,NS,7.2
12/4/2010,12,2010,0.351,23.8,0.13,NS,7.2
12/14/2010,12,2010,0.916,24.2,0.37,NS,7.7
12/15/2010,12,2010,1.004,25.1,0.21,NS,7.6
12/16/2010,12,2010,0.932,24.5,0.2,NS,7.4
12/17/2010,12,2010,0.811,24.1,0.69,NS,7.4
12/18/2010,12,2010,0.59,23,5.2,NS,7.4
12/27/2010,12,2010,0.883,19.1,0.51,NS,7.4
12/28/2010,12,2010,0.881,19.6,0.18,NS,7.4
12/29/2010,12,2010,0.899,17.2,0.23,NS,7.5
12/30/2010,12,2010,0.487,17.1,0.2,NS,7.3
12/31/2010,12,2010,0.479,16.8,0.21,NS,7.4
1/11/2011,1,2011,0.985,25.2,0.039,NS,7.3
1/12/2011,1,2011,1.169,26,0.067,NS,7.6
1/13/2011,1,2011,1.179,26.5,0.036,NS,7.4
1/14/2011,1,2011,0.988,26.1,1,NS,7.3
1/15/2011,1,2011,0.365,25.1,0,NS,7.4
1/25/2011,1,2011,0.891,21.3,0.26,NS,7.5
1/26/2011,1,2011,1.056,22.8,0.18,NS,7.4
1/27/2011,1,2011,1.047,23.5,0.25,NS,7.6
1/28/2011,1,2011,0.762,23.5,0.14,NS,7.4
1/29/2011,1,2011,0.441,22.8,0.31,NS,7.4
2/8/2011,2,2011,0.919,24.8,0.48,NS,7.6
2/9/2011,2,2011,1.017,25.8,0.31,NS,7.5
2/10/2011,2,2011,0.999,25.5,0.31,NS,7.6
2/11/2011,2,2011,0.853,25.5,0.25,NS,7.4
2/12/2011,2,2011,0.452,24.8,0.29,NS,7.4
2/22/2011,2,2011,1.019,18.1,0.32,NS,7.5
2/23/2011,2,2011,0.105,20,0.56,NS,7.5
2/24/2011,2,2011,2.232,21.5,0.37,NS,7.4
2/25/2011,2,2011,1.473,19.7,0.99,NS,7.5
2/26/2011,2,2011,0.48,19.1,0.41,NS,7.4
3/8/2011,3,2011,1.14,27.3,4.1,NS,7.6
3/9/2011,3,2011,1.114,27.1,0.14,NS,7.4
3/10/2011,3,2011,1.137,26.4,0.32,NS,7.4
3/11/2011,3,2011,0.958,24.8,0.29,NS,7.6
3/13/2011,3,2011,0.616,25.2,0.74,NS,7.5
3/22/2011,3,2011,1.427,19.3,0.3,NS,7.3
3/23/2011,3,2011,1.607,21.5,0.2,NS,7.3
3/24/2011,3,2011,1.771,20.8,0.25,NS,7.3
3/25/2011,3,2011,1.689,20.8,0.27,NS,7.2
3/26/2011,3,2011,1.285,19.5,0.32,NS,7.2
4/5/2011,4,2011,0.63,25.9,0.6,NS,7.5
4/6/2011,4,2011,1.377,25.9,0.27,NS,7.7
4/7/2011,4,2011,1.613,24.6,0.52,NS,7.5
4/8/2011,4,2011,1.168,24.4,0.54,NS,7.4
4/9/2011,4,2011,0.694,24.4,0.77,NS,7.4
4/19/2011,4,2011,1.131,25.1,0.27,NS,7.6
4/20/2011,4,2011,1.525,25.6,0.42,NS,7.6
4/21/2011,4,2011,0.878,25.8,0.26,NS,7.6
4/22/2011,4,2011,0.769,25.5,0.23,NS,7.6
4/23/2011,4,2011,0.418,24.8,0.29,NS,7.8
5/3/2011,5,2011,1.151,25.6,0.25,NS,7.6
5/4/2011,5,2011,1.168,27.1,0.27,NS,7.5
5/5/2011,5,2011,0.991,26.8,0.24,NS,7.4
5/7/2011,5,2011,0.816,25.3,0.37,NS,7.5
5/8/2011,5,2011,0.453,25.3,0.23,NS,7.3
5/17/2011,5,2011,1.075,25.3,0.32,NS,7.5
5/18/2011,5,2011,1.113,26.5,0.23,NS,7.5
5/19/2011,5,2011,1.144,27.4,0.22,NS,7.6
5/20/2011,5,2011,0.96,27.7,0.34,NS,7.5
5/21/2011,5,2011,0.479,27.7,0.32,NS,7.4
5/31/2011,5,2011,0.676,24.7,2.1,NS,7.6
6/1/2011,6,2011,0.995,26.2,0.29,NS,7.4
6/2/2011,6,2011,1.051,26.5,0.22,NS,7.5
6/3/2011,6,2011,0.799,27.5,0.27,NS,7.4
6/4/2011,6,2011,0.84,26.2,0.14,NS,7.4
6/14/2011,6,2011,0.848,27.6,0.33,NS,7.9
6/15/2011,6,2011,0.872,27.8,0.32,NS,7.7
6/16/2011,6,2011,0.927,28.5,0.21,NS,7.7
6/17/2011,6,2011,0.805,28.5,9.5,NS,7.4
6/18/2011,6,2011,0.41,26.8,4,NS,7.5
6/28/2011,6,2011,1.243,27.5,0.2,NS,7.7
6/29/2011,6,2011,1.008,28,0.24,NS,7.6
7/1/2011,7,2011,1.125,30.7,0.26,NS,7.5
7/2/2011,7,2011,0.501,30.7,0.26,NS,7.6
7/12/2011,7,2011,0.928,28.9,0.27,NS,7.5
7/13/2011,7,2011,0.34,29.3,0.27,NS,7.4
7/14/2011,7,2011,1.171,30.4,0.27,NS,7.4
7/15/2011,7,2011,1.016,30.6,0.18,NS,7.5
7/16/2011,7,2011,0.552,30.1,0.29,NS,7.4
7/26/2011,7,2011,0.872,30.7,0.49,NS,7.7
7/27/2011,7,2011,0.893,30.6,0.2,NS,7.5
7/28/2011,7,2011,0.925,31.6,0.25,NS,7.6
7/29/2011,7,2011,0.768,30.3,0.44,NS,7.5
7/30/2011,7,2011,0.423,29.9,0.47,NS,7.7
8/9/2011,8,2011,1.04,30.6,0.35,NS,7.7
8/10/2011,8,2011,0.919,30.6,0.38,NS,7.8
8/11/2011,8,2011,1.089,31.4,0.23,NS,7.8
8/12/2011,8,2011,1.067,31.9,0.59,NS,7.5
8/13/2011,8,2011,0.689,31.7,0.3,NS,7.5
8/23/2011,8,2011,1.098,30.9,0.2,NS,7.6
8/24/2011,8,2011,1.058,32,0.2,NS,7.6
8/25/2011,8,2011,1.038,31.6,0.21,NS,7.8
8/26/2011,8,2011,0.98,31.9,0.24,NS,7.6
8/27/2011,8,2011,0.366,29.9,0.26,NS,7.4
