Date,Month,Year,Flow,NH3
1/1/2000,1,2000,7.51,
1/2/2000,1,2000,7.78,
1/3/2000,1,2000,7.97,
1/4/2000,1,2000,8.23,
1/5/2000,1,2000,8.29,
1/6/2000,1,2000,8.28,
1/7/2000,1,2000,8.24,23
1/8/2000,1,2000,8.29,
1/9/2000,1,2000,8.62,
1/10/2000,1,2000,8.58,
1/11/2000,1,2000,8.43,
1/12/2000,1,2000,8.54,
1/13/2000,1,2000,9.3,
1/14/2000,1,2000,8.31,
1/15/2000,1,2000,8.25,
1/16/2000,1,2000,8.22,
1/17/2000,1,2000,8.62,
1/18/2000,1,2000,9.09,
1/19/2000,1,2000,9.18,
1/20/2000,1,2000,8.32,
1/21/2000,1,2000,7.71,
1/22/2000,1,2000,8.29,
1/23/2000,1,2000,8.37,
1/24/2000,1,2000,10.81,
1/25/2000,1,2000,12.73,
1/26/2000,1,2000,12.93,
1/27/2000,1,2000,12.09,
1/28/2000,1,2000,12.94,
1/29/2000,1,2000,12.95,
1/30/2000,1,2000,10.13,
1/31/2000,1,2000,5.95,
4/1/2000,4,2000,13.19,
4/2/2000,4,2000,9.6,
4/3/2000,4,2000,10.18,
4/4/2000,4,2000,11.5,
4/5/2000,4,2000,10.79,
4/7/2000,4,2000,9.81,
4/8/2000,4,2000,9.48,
4/9/2000,4,2000,9.84,
4/10/2000,4,2000,10.13,
4/11/2000,4,2000,11,
4/12/2000,4,2000,11.83,
4/13/2000,4,2000,11.66,
4/14/2000,4,2000,11.26,
4/15/2000,4,2000,10.58,
4/16/2000,4,2000,11.73,
4/17/2000,4,2000,13.27,
4/18/2000,4,2000,13.16,
4/19/2000,4,2000,13.28,
4/20/2000,4,2000,13.58,
4/21/2000,4,2000,13.8,
4/22/2000,4,2000,13.28,
4/23/2000,4,2000,13.12,
6/1/2000,6,2000,0,
6/2/2000,6,2000,0,
6/3/2000,6,2000,0,
6/4/2000,6,2000,0,
6/5/2000,6,2000,0,
6/6/2000,6,2000,0,
6/7/2000,6,2000,0,
6/8/2000,6,2000,0,
6/9/2000,6,2000,0,
6/10/2000,6,2000,0,
6/11/2000,6,2000,0,
6/12/2000,6,2000,0,
6/13/2000,6,2000,1.33,
6/14/2000,6,2000,2.97,
6/15/2000,6,2000,3.4,
6/16/2000,6,2000,3.44,
6/17/2000,6,2000,3.46,
6/18/2000,6,2000,3.96,
6/19/2000,6,2000,3.35,
6/20/2000,6,2000,3.15,
6/21/2000,6,2000,4.2,
6/22/2000,6,2000,3.91,
6/23/2000,6,2000,3.87,
8/1/2000,8,2000,6.56,
8/2/2000,8,2000,3.21,
8/3/2000,8,2000,4.29,
8/4/2000,8,2000,4.5,
8/5/2000,8,2000,4.96,
8/6/2000,8,2000,5.34,
8/7/2000,8,2000,0.93,
8/8/2000,8,2000,4.32,
8/9/2000,8,2000,4.49,
8/10/2000,8,2000,5.02,
8/11/2000,8,2000,5.78,
8/12/2000,8,2000,5.94,
8/13/2000,8,2000,6.02,
8/14/2000,8,2000,5.38,
8/15/2000,8,2000,4.96,
8/16/2000,8,2000,4.72,
8/17/2000,8,2000,4.58,
8/18/2000,8,2000,1.71,
8/19/2000,8,2000,5.65,
8/20/2000,8,2000,5.52,
8/21/2000,8,2000,3.89,
8/22/2000,8,2000,4.64,
8/23/2000,8,2000,5.08,
8/24/2000,8,2000,5.39,
11/1/2000,11,2000,5.73,
11/2/2000,11,2000,16.45,
11/3/2000,11,2000,15.52,
11/4/2000,11,2000,14.53,
11/5/2000,11,2000,14.56,
11/6/2000,11,2000,14.48,
11/7/2000,11,2000,13.34,
11/8/2000,11,2000,10.41,
11/9/2000,11,2000,12.48,
11/10/2000,11,2000,11.8,
11/11/2000,11,2000,11.76,
11/12/2000,11,2000,11.66,
11/13/2000,11,2000,11.93,
11/14/2000,11,2000,10.06,
11/15/2000,11,2000,12.55,
11/16/2000,11,2000,12.14,
11/17/2000,11,2000,7.28,
11/18/2000,11,2000,12.45,
11/19/2000,11,2000,12.45,
11/20/2000,11,2000,12.33,
11/21/2000,11,2000,12.33,
11/22/2000,11,2000,11.84,
11/23/2000,11,2000,11.82,
11/24/2000,11,2000,12.21,
11/25/2000,11,2000,9.93,
11/26/2000,11,2000,7.17,
11/27/2000,11,2000,10.33,
11/28/2000,11,2000,10.32,
11/29/2000,11,2000,10,
11/30/2000,11,2000,11.89,
12/1/2000,12,2000,18.63,
12/2/2000,12,2000,18.37,
12/3/2000,12,2000,18.28,
12/4/2000,12,2000,18.24,
12/5/2000,12,2000,18.47,
12/6/2000,12,2000,18.76,
12/7/2000,12,2000,18.71,
12/8/2000,12,2000,18.68,
12/9/2000,12,2000,18.4,
12/10/2000,12,2000,14.3,
12/11/2000,12,2000,12.4,
12/12/2000,12,2000,11.52,
12/13/2000,12,2000,12.11,
12/14/2000,12,2000,11.47,
12/15/2000,12,2000,11.4,
12/16/2000,12,2000,11.36,
12/17/2000,12,2000,11.27,
12/18/2000,12,2000,11.09,
12/19/2000,12,2000,11.54,
12/20/2000,12,2000,5.62,
12/21/2000,12,2000,8.48,
12/22/2000,12,2000,14.07,
12/23/2000,12,2000,15.89,
12/24/2000,12,2000,15.92,
12/25/2000,12,2000,15.85,
12/26/2000,12,2000,15.8,
12/27/2000,12,2000,15.7,
12/28/2000,12,2000,7.89,
12/29/2000,12,2000,15.74,
12/30/2000,12,2000,15.53,
12/31/2000,12,2000,15.36,
1/1/2001,1,2001,15.06,
1/2/2001,1,2001,15.36,
1/3/2001,1,2001,15.74,
1/4/2001,1,2001,15.97,
1/5/2001,1,2001,16.03,
1/6/2001,1,2001,15.45,
1/7/2001,1,2001,15.23,
1/8/2001,1,2001,15.4,
1/9/2001,1,2001,10.99,
1/10/2001,1,2001,6.06,
1/11/2001,1,2001,5.19,
1/12/2001,1,2001,11.02,
1/13/2001,1,2001,11.11,
1/14/2001,1,2001,11.62,
1/15/2001,1,2001,11.21,
1/16/2001,1,2001,10.25,
1/17/2001,1,2001,11.45,
1/18/2001,1,2001,11.46,
1/19/2001,1,2001,11.46,
1/20/2001,1,2001,11.29,
1/21/2001,1,2001,11.38,
1/22/2001,1,2001,3.01,
1/23/2001,1,2001,0,
1/24/2001,1,2001,0,
1/25/2001,1,2001,0,
1/26/2001,1,2001,0,
1/27/2001,1,2001,0,
1/28/2001,1,2001,0.5,
1/29/2001,1,2001,16.72,
1/30/2001,1,2001,16.69,
1/31/2001,1,2001,15.99,
2/1/2001,2,2001,15,
2/2/2001,2,2001,16.75,
2/3/2001,2,2001,16.87,
2/4/2001,2,2001,16.85,
2/5/2001,2,2001,16.7,
2/6/2001,2,2001,16.96,
2/7/2001,2,2001,17.19,
2/8/2001,2,2001,17.19,
2/9/2001,2,2001,17.18,
2/10/2001,2,2001,14.45,
2/11/2001,2,2001,17.06,
2/12/2001,2,2001,17.22,
2/13/2001,2,2001,17.25,
2/14/2001,2,2001,17.25,
2/15/2001,2,2001,17.46,
2/16/2001,2,2001,17.79,
2/17/2001,2,2001,17.78,
2/18/2001,2,2001,17.84,
2/19/2001,2,2001,17.93,
2/20/2001,2,2001,18.35,
2/21/2001,2,2001,18.86,
2/22/2001,2,2001,18.9,
2/23/2001,2,2001,20,
2/24/2001,2,2001,21.03,
2/25/2001,2,2001,21.39,
2/26/2001,2,2001,21.18,
2/27/2001,2,2001,17.59,
2/28/2001,2,2001,21.06,
3/1/2001,3,2001,21.11,
3/2/2001,3,2001,21.41,
3/3/2001,3,2001,21.43,
3/4/2001,3,2001,21.29,
3/5/2001,3,2001,21.21,
3/6/2001,3,2001,21.26,
3/7/2001,3,2001,20.74,
3/8/2001,3,2001,21.13,
3/9/2001,3,2001,21.06,
3/10/2001,3,2001,21.01,
3/11/2001,3,2001,20.94,
3/12/2001,3,2001,20.85,
3/13/2001,3,2001,20.83,
3/14/2001,3,2001,18.9,
3/15/2001,3,2001,12.84,
3/16/2001,3,2001,12.68,
3/17/2001,3,2001,12.65,
3/18/2001,3,2001,12.63,
3/19/2001,3,2001,12.69,
3/20/2001,3,2001,12.27,
3/21/2001,3,2001,12.81,
3/22/2001,3,2001,11.98,
3/23/2001,3,2001,9.1,
3/24/2001,3,2001,10.03,
3/25/2001,3,2001,9.27,
3/26/2001,3,2001,9.25,
3/27/2001,3,2001,10.02,
3/28/2001,3,2001,10.15,
3/29/2001,3,2001,10.93,
3/30/2001,3,2001,11.12,
3/31/2001,3,2001,11.47,
4/1/2001,4,2001,10.76,
4/2/2001,4,2001,12.07,
4/3/2001,4,2001,15.13,
4/4/2001,4,2001,16.25,
4/5/2001,4,2001,15.5,
4/6/2001,4,2001,14.07,
4/7/2001,4,2001,14.03,
4/8/2001,4,2001,14.88,
4/9/2001,4,2001,14.97,
4/10/2001,4,2001,9.85,
4/11/2001,4,2001,13.79,
4/12/2001,4,2001,12.33,
4/13/2001,4,2001,13.47,
4/14/2001,4,2001,13.57,
4/15/2001,4,2001,13.58,
4/16/2001,4,2001,13.88,
4/17/2001,4,2001,13.65,
4/18/2001,4,2001,13.98,
4/19/2001,4,2001,13.26,
4/20/2001,4,2001,13.33,
4/21/2001,4,2001,13.19,
4/22/2001,4,2001,13.07,
4/23/2001,4,2001,15.42,
4/24/2001,4,2001,15.23,
4/25/2001,4,2001,11.04,
4/26/2001,4,2001,10.97,
4/27/2001,4,2001,11.29,
4/28/2001,4,2001,11.19,
4/29/2001,4,2001,11.48,
4/30/2001,4,2001,11.26,
9/7/2001,9,2001,2.48,20
9/8/2001,9,2001,2.81,
9/9/2001,9,2001,8.06,
9/10/2001,9,2001,7.95,
9/11/2001,9,2001,8.33,8
9/12/2001,9,2001,5.07,7
9/13/2001,9,2001,3.2,17
9/14/2001,9,2001,6.62,15
9/15/2001,9,2001,8.57,5
9/16/2001,9,2001,8.42,
9/17/2001,9,2001,9.63,
9/18/2001,9,2001,10.13,
9/19/2001,9,2001,9.74,16
9/20/2001,9,2001,9.35,
9/21/2001,9,2001,8.75,
9/22/2001,9,2001,9.29,
9/23/2001,9,2001,9.28,7
9/24/2001,9,2001,9.33,
9/25/2001,9,2001,8.75,
9/26/2001,9,2001,8.25,
9/27/2001,9,2001,8.41,
9/28/2001,9,2001,8.47,
9/29/2001,9,2001,8.72,
9/30/2001,9,2001,8.52,
10/1/2001,10,2001,8.44,
10/2/2001,10,2001,8.29,
10/3/2001,10,2001,8.58,
10/4/2001,10,2001,8.51,
10/5/2001,10,2001,9.14,
10/6/2001,10,2001,11.55,
10/7/2001,10,2001,11.65,
10/8/2001,10,2001,5.58,
10/9/2001,10,2001,3.79,
10/10/2001,10,2001,7.87,
10/11/2001,10,2001,2.88,
10/12/2001,10,2001,5.57,
10/13/2001,10,2001,11.32,
10/14/2001,10,2001,10.67,
10/15/2001,10,2001,10.86,
10/16/2001,10,2001,10.75,
10/17/2001,10,2001,10.8,
10/18/2001,10,2001,10.97,
10/19/2001,10,2001,11.21,
10/20/2001,10,2001,11.05,
10/21/2001,10,2001,10.69,
10/22/2001,10,2001,10.9,
10/23/2001,10,2001,11.29,
10/24/2001,10,2001,11.55,
10/25/2001,10,2001,11.91,
10/26/2001,10,2001,12.41,
10/27/2001,10,2001,11.96,
10/28/2001,10,2001,12.59,
10/29/2001,10,2001,11.8,
10/30/2001,10,2001,8.5,
10/31/2001,10,2001,11.16,
11/1/2001,11,2001,15.1,
11/2/2001,11,2001,15.05,
11/3/2001,11,2001,15.02,
11/4/2001,11,2001,9.95,
11/5/2001,11,2001,9.97,
11/6/2001,11,2001,12.13,
11/7/2001,11,2001,10.12,
11/8/2001,11,2001,7.52,
11/9/2001,11,2001,8.75,
11/10/2001,11,2001,8.88,
11/11/2001,11,2001,14.08,
11/12/2001,11,2001,15.18,
11/13/2001,11,2001,14.43,
11/14/2001,11,2001,14.84,
11/15/2001,11,2001,15.45,
11/16/2001,11,2001,17.61,
11/17/2001,11,2001,17.73,
11/18/2001,11,2001,17.62,
11/19/2001,11,2001,17.32,
11/20/2001,11,2001,17.15,
11/21/2001,11,2001,17.32,
11/22/2001,11,2001,19.41,
11/23/2001,11,2001,18.31,
11/24/2001,11,2001,15.92,
11/25/2001,11,2001,14.89,
11/26/2001,11,2001,15.27,
11/27/2001,11,2001,16.62,
11/28/2001,11,2001,15.61,
11/29/2001,11,2001,17.99,
11/30/2001,11,2001,19.08,
12/1/2001,12,2001,14.73,
12/2/2001,12,2001,16.08,
12/3/2001,12,2001,16.46,
12/4/2001,12,2001,16.3,
12/5/2001,12,2001,17.52,
12/6/2001,12,2001,18.17,
12/7/2001,12,2001,18.35,
12/8/2001,12,2001,18.24,
12/9/2001,12,2001,18.15,
12/10/2001,12,2001,17.94,
12/11/2001,12,2001,17.61,
12/12/2001,12,2001,16.68,
12/13/2001,12,2001,17.14,
12/14/2001,12,2001,17.3,
12/15/2001,12,2001,17.53,
12/16/2001,12,2001,17.96,
12/17/2001,12,2001,18.48,
12/18/2001,12,2001,16.58,
12/19/2001,12,2001,17.61,
12/20/2001,12,2001,18.56,
12/21/2001,12,2001,18.82,
12/22/2001,12,2001,19.6,
12/23/2001,12,2001,18.78,
12/24/2001,12,2001,18.2,
12/25/2001,12,2001,18.58,
12/26/2001,12,2001,18.05,
12/27/2001,12,2001,17.8,
12/28/2001,12,2001,17.74,
12/29/2001,12,2001,16.28,
12/30/2001,12,2001,18.42,
12/31/2001,12,2001,19.05,
1/1/2002,1,2002,16.97,
1/2/2002,1,2002,17.08,3
1/3/2002,1,2002,17.72,
1/4/2002,1,2002,11.99,2.9
1/5/2002,1,2002,10.66,
1/6/2002,1,2002,19.39,
1/7/2002,1,2002,19.67,2.2
1/8/2002,1,2002,20.24,
1/9/2002,1,2002,20.45,3.9
1/10/2002,1,2002,19.82,
1/11/2002,1,2002,20.19,3.5
1/12/2002,1,2002,18.74,
1/13/2002,1,2002,19.4,
1/14/2002,1,2002,19.42,
1/15/2002,1,2002,19.24,
1/16/2002,1,2002,18.71,5.8
1/17/2002,1,2002,18.62,
1/18/2002,1,2002,19.73,6.6
1/19/2002,1,2002,15.3,
1/20/2002,1,2002,13.95,7.8
1/21/2002,1,2002,13.69,8.3
1/22/2002,1,2002,10.87,
1/23/2002,1,2002,9.26,12
1/24/2002,1,2002,13.88,
1/25/2002,1,2002,15.82,13
1/26/2002,1,2002,15.27,
1/27/2002,1,2002,14.17,
1/28/2002,1,2002,15.57,11
1/29/2002,1,2002,13.76,
1/30/2002,1,2002,12.88,11
1/31/2002,1,2002,15.08,
2/1/2002,2,2002,17.37,13
2/2/2002,2,2002,18.05,
2/3/2002,2,2002,17.75,
2/4/2002,2,2002,17.73,14
2/5/2002,2,2002,18.85,
2/6/2002,2,2002,20.16,12
2/7/2002,2,2002,20.61,
2/8/2002,2,2002,21.2,10
2/9/2002,2,2002,20.89,
2/10/2002,2,2002,20.43,
2/11/2002,2,2002,20.57,8.2
2/12/2002,2,2002,20.58,
2/13/2002,2,2002,20.5,8.4
2/14/2002,2,2002,20.13,
2/15/2002,2,2002,20.01,0.8
2/16/2002,2,2002,19.71,
2/17/2002,2,2002,21.31,
2/18/2002,2,2002,21.35,
2/19/2002,2,2002,21.99,7.4
2/20/2002,2,2002,22.99,3.9
2/21/2002,2,2002,22.61,
2/22/2002,2,2002,23.58,3.3
2/23/2002,2,2002,22.84,
2/24/2002,2,2002,22.31,
2/25/2002,2,2002,21.18,2.4
2/26/2002,2,2002,20.06,
2/27/2002,2,2002,18.54,3.9
2/28/2002,2,2002,16.67,
3/1/2002,3,2002,15.69,2
3/2/2002,3,2002,13.55,
3/3/2002,3,2002,12.78,
3/4/2002,3,2002,14.39,0.1
3/5/2002,3,2002,11.43,
3/6/2002,3,2002,16.04,0.7
3/7/2002,3,2002,11.55,
3/8/2002,3,2002,12.5,0.2
3/9/2002,3,2002,13.44,
3/10/2002,3,2002,13.6,
3/11/2002,3,2002,15.93,
3/12/2002,3,2002,14.28,
3/13/2002,3,2002,15.8,0.2
3/14/2002,3,2002,12.86,0.2
3/15/2002,3,2002,16.58,0.2
3/16/2002,3,2002,16.22,
3/17/2002,3,2002,16.27,
3/18/2002,3,2002,16.66,0.3
3/19/2002,3,2002,14.98,
3/20/2002,3,2002,16.06,0.2
3/21/2002,3,2002,15.45,0.4
3/22/2002,3,2002,15.74,0.4
3/23/2002,3,2002,14.5,
3/24/2002,3,2002,14.78,
3/25/2002,3,2002,10.56,0.2
3/26/2002,3,2002,6.19,
3/27/2002,3,2002,7.22,0.2
3/28/2002,3,2002,8.5,
3/29/2002,3,2002,15.45,0.2
3/30/2002,3,2002,14.7,
3/31/2002,3,2002,14.06,
4/1/2002,4,2002,14.08,0.2
4/2/2002,4,2002,14.05,
4/3/2002,4,2002,14.41,1.4
4/4/2002,4,2002,14.57,
4/5/2002,4,2002,14.71,2.1
4/6/2002,4,2002,13.72,
4/7/2002,4,2002,11.78,
4/8/2002,4,2002,12.9,2.3
4/9/2002,4,2002,13.91,
4/10/2002,4,2002,12.51,1.5
4/11/2002,4,2002,13.24,
4/12/2002,4,2002,9.53,2.3
4/13/2002,4,2002,13.64,
4/14/2002,4,2002,13.34,
4/15/2002,4,2002,14,1.4
4/16/2002,4,2002,13.73,
4/17/2002,4,2002,11.37,0.2
4/18/2002,4,2002,13.1,
4/19/2002,4,2002,9.39,
4/20/2002,4,2002,10.77,
4/21/2002,4,2002,11.41,
4/22/2002,4,2002,8.33,0.3
4/23/2002,4,2002,4.2,
4/24/2002,4,2002,11.01,0.4
4/25/2002,4,2002,11.96,
4/26/2002,4,2002,12.48,0.2
4/27/2002,4,2002,10.73,
4/28/2002,4,2002,12.51,
4/29/2002,4,2002,10.8,0.2
4/30/2002,4,2002,1.88,
10/1/2002,10,2002,0,
10/2/2002,10,2002,0,
10/3/2002,10,2002,0,
10/4/2002,10,2002,0,
10/5/2002,10,2002,0,
10/6/2002,10,2002,0,
10/7/2002,10,2002,0,
10/8/2002,10,2002,0,
10/9/2002,10,2002,0,
10/10/2002,10,2002,0,
10/11/2002,10,2002,0.64,
10/12/2002,10,2002,3.06,
10/13/2002,10,2002,3.69,
10/14/2002,10,2002,4.11,
10/15/2002,10,2002,4.94,0.3
10/16/2002,10,2002,5.29,
10/17/2002,10,2002,5.72,
10/18/2002,10,2002,5.72,
10/19/2002,10,2002,5.87,
10/20/2002,10,2002,5.99,
10/21/2002,10,2002,5.82,
10/22/2002,10,2002,5.72,
10/23/2002,10,2002,5.51,
10/24/2002,10,2002,5.45,0.3
10/25/2002,10,2002,5.21,
10/26/2002,10,2002,5.52,
10/27/2002,10,2002,5.7,
10/28/2002,10,2002,5.7,
10/29/2002,10,2002,6.25,
10/30/2002,10,2002,6.31,
10/31/2002,10,2002,6.05,
11/1/2002,11,2002,5.97,
11/2/2002,11,2002,10.82,
11/3/2002,11,2002,10.89,
11/4/2002,11,2002,10.8,
11/5/2002,11,2002,10.62,
11/6/2002,11,2002,8.15,
11/7/2002,11,2002,10.28,
11/8/2002,11,2002,9.79,
11/9/2002,11,2002,11.13,
11/10/2002,11,2002,11.16,
11/11/2002,11,2002,11.34,
11/12/2002,11,2002,10.51,
11/13/2002,11,2002,10.4,
11/14/2002,11,2002,11.56,
11/15/2002,11,2002,11.32,
11/16/2002,11,2002,10.92,
11/17/2002,11,2002,10.12,
11/18/2002,11,2002,10.76,
11/19/2002,11,2002,6.68,
11/20/2002,11,2002,9.82,0.4
11/21/2002,11,2002,10.09,
11/22/2002,11,2002,11.07,
11/23/2002,11,2002,8.72,
11/24/2002,11,2002,7.87,
11/25/2002,11,2002,10.98,
11/26/2002,11,2002,13.18,
11/27/2002,11,2002,14.04,
11/28/2002,11,2002,14.22,
11/29/2002,11,2002,13.13,
11/30/2002,11,2002,13.98,
12/1/2002,12,2002,15.19,
12/2/2002,12,2002,14.63,
12/3/2002,12,2002,15.09,
12/4/2002,12,2002,15.13,
12/5/2002,12,2002,15.46,
12/6/2002,12,2002,15.67,
12/7/2002,12,2002,15.44,
12/8/2002,12,2002,15.16,
12/9/2002,12,2002,15.34,
12/10/2002,12,2002,15.71,
12/11/2002,12,2002,15.56,1.3
12/12/2002,12,2002,15.83,
12/13/2002,12,2002,16.75,
12/14/2002,12,2002,16.66,
12/15/2002,12,2002,16.47,
12/16/2002,12,2002,20.14,
12/17/2002,12,2002,24.82,
12/18/2002,12,2002,24.61,
12/19/2002,12,2002,24.74,
12/20/2002,12,2002,24.03,
12/21/2002,12,2002,23.87,
12/22/2002,12,2002,23.93,
12/23/2002,12,2002,24.27,
12/24/2002,12,2002,24.37,
12/25/2002,12,2002,24.31,
12/26/2002,12,2002,24.3,
12/27/2002,12,2002,24.22,
12/28/2002,12,2002,24.17,
12/29/2002,12,2002,24.22,
12/30/2002,12,2002,23.96,
12/31/2002,12,2002,24.16,
1/1/2003,1,2003,19.7,
1/2/2003,1,2003,19.94,
1/3/2003,1,2003,12.94,
1/4/2003,1,2003,19.04,
1/5/2003,1,2003,17.42,
1/6/2003,1,2003,19.23,
1/7/2003,1,2003,18.73,
1/8/2003,1,2003,20.07,
1/9/2003,1,2003,19.58,
1/10/2003,1,2003,20.25,
1/11/2003,1,2003,19.88,
1/12/2003,1,2003,20.06,
1/13/2003,1,2003,18.44,
1/14/2003,1,2003,18.82,
1/15/2003,1,2003,17.52,
1/16/2003,1,2003,19.01,0.2
1/17/2003,1,2003,19.61,
1/18/2003,1,2003,19.42,
1/19/2003,1,2003,19.61,
1/20/2003,1,2003,18.2,
1/21/2003,1,2003,19.82,
1/22/2003,1,2003,19.47,
1/23/2003,1,2003,19.76,
1/24/2003,1,2003,19.55,
1/25/2003,1,2003,19.16,
1/26/2003,1,2003,19.47,
1/27/2003,1,2003,17.74,
1/28/2003,1,2003,17.04,
1/29/2003,1,2003,19.96,
1/30/2003,1,2003,24.13,
1/31/2003,1,2003,23.86,
2/1/2003,2,2003,19.62,
2/2/2003,2,2003,19.94,
2/3/2003,2,2003,19.81,
2/4/2003,2,2003,19.84,
2/5/2003,2,2003,19.3,
2/6/2003,2,2003,19.5,
2/7/2003,2,2003,19.28,
2/8/2003,2,2003,18.55,
2/9/2003,2,2003,19.21,
2/10/2003,2,2003,17.5,5.2
2/11/2003,2,2003,19.49,
2/12/2003,2,2003,16.51,
2/13/2003,2,2003,18.39,
2/14/2003,2,2003,17.83,
2/15/2003,2,2003,17.83,
2/16/2003,2,2003,17.59,
2/17/2003,2,2003,17.07,
2/18/2003,2,2003,16.14,
2/19/2003,2,2003,17.32,
2/20/2003,2,2003,17.39,
2/21/2003,2,2003,17.19,
2/22/2003,2,2003,17.23,
2/23/2003,2,2003,17.08,
2/24/2003,2,2003,17.13,
2/25/2003,2,2003,17.07,
2/26/2003,2,2003,16.78,
2/27/2003,2,2003,16.25,
2/28/2003,2,2003,15.86,
3/1/2003,3,2003,16.01,
3/2/2003,3,2003,16.25,
3/3/2003,3,2003,14.39,
3/4/2003,3,2003,12.47,
3/5/2003,3,2003,12.81,
3/6/2003,3,2003,11.51,
3/7/2003,3,2003,9.6,
3/8/2003,3,2003,9.72,
3/9/2003,3,2003,9.62,
3/10/2003,3,2003,10.26,9.6
3/11/2003,3,2003,7.96,
3/12/2003,3,2003,10.12,
3/13/2003,3,2003,10.47,
3/14/2003,3,2003,10.28,
3/15/2003,3,2003,10.82,
3/16/2003,3,2003,11.02,
3/17/2003,3,2003,10.66,
3/18/2003,3,2003,10.91,
3/19/2003,3,2003,10.97,
3/20/2003,3,2003,10.9,
3/21/2003,3,2003,10.86,
3/22/2003,3,2003,12.67,
3/23/2003,3,2003,10.61,
3/24/2003,3,2003,10.75,
3/25/2003,3,2003,10.31,
3/26/2003,3,2003,10.55,
3/27/2003,3,2003,10.25,
3/28/2003,3,2003,9.58,
3/29/2003,3,2003,9.02,
3/30/2003,3,2003,9.54,
3/31/2003,3,2003,8.61,
4/1/2003,4,2003,10.06,
4/2/2003,4,2003,10.09,
4/3/2003,4,2003,10.24,
4/4/2003,4,2003,9.91,
4/5/2003,4,2003,9.35,
4/6/2003,4,2003,10.13,
4/7/2003,4,2003,9.28,
4/8/2003,4,2003,8.12,
4/9/2003,4,2003,8.28,2.6
4/10/2003,4,2003,8.77,
4/11/2003,4,2003,7.88,
4/12/2003,4,2003,4.88,
4/13/2003,4,2003,9,
4/14/2003,4,2003,6.93,
4/15/2003,4,2003,5.78,
4/16/2003,4,2003,5,
4/17/2003,4,2003,3.9,
4/18/2003,4,2003,6.11,
4/19/2003,4,2003,5.81,
4/20/2003,4,2003,5.99,
4/21/2003,4,2003,7.2,
4/22/2003,4,2003,10.06,
4/23/2003,4,2003,10.08,
4/24/2003,4,2003,10.35,
4/25/2003,4,2003,10.26,
4/26/2003,4,2003,10.06,
4/27/2003,4,2003,9.37,
4/28/2003,4,2003,10.4,
4/29/2003,4,2003,10.34,
4/30/2003,4,2003,6.15,
6/4/2003,6,2003,2.89,
6/5/2003,6,2003,2.7,
6/6/2003,6,2003,2.4,
6/7/2003,6,2003,3.39,
6/8/2003,6,2003,4.76,0.1
6/9/2003,6,2003,3.41,
6/10/2003,6,2003,2.68,
6/11/2003,6,2003,2.27,
6/12/2003,6,2003,3.05,
6/13/2003,6,2003,3.58,
6/14/2003,6,2003,4.46,
6/15/2003,6,2003,4.64,
6/16/2003,6,2003,4.1,
6/17/2003,6,2003,3.56,
6/18/2003,6,2003,2.02,
6/19/2003,6,2003,2.69,
6/20/2003,6,2003,1.87,
6/21/2003,6,2003,2.8,
6/22/2003,6,2003,3.71,
6/23/2003,6,2003,3.49,
6/24/2003,6,2003,3.56,
11/1/2003,11,2003,22.02,
11/2/2003,11,2003,22.35,
11/3/2003,11,2003,23.15,
11/4/2003,11,2003,23.8,
11/5/2003,11,2003,23.59,0.4
11/6/2003,11,2003,19.59,
11/7/2003,11,2003,17.6,
11/8/2003,11,2003,22.19,
11/9/2003,11,2003,21.81,
11/10/2003,11,2003,22.01,
11/11/2003,11,2003,22.45,
11/12/2003,11,2003,21.88,
11/13/2003,11,2003,21.51,
11/14/2003,11,2003,21.42,
11/15/2003,11,2003,19.75,
11/16/2003,11,2003,16.46,
11/17/2003,11,2003,15.51,
11/18/2003,11,2003,14.75,
11/19/2003,11,2003,17.15,
11/20/2003,11,2003,20.46,
11/21/2003,11,2003,18.5,
11/22/2003,11,2003,19.91,
11/23/2003,11,2003,19.79,
11/24/2003,11,2003,20.07,
11/25/2003,11,2003,20.11,
11/26/2003,11,2003,19.41,
11/27/2003,11,2003,19.61,
11/28/2003,11,2003,17.32,
11/29/2003,11,2003,18.31,
11/30/2003,11,2003,15.33,
12/1/2003,12,2003,15.83,
12/2/2003,12,2003,17.16,
12/3/2003,12,2003,20.08,
12/4/2003,12,2003,19.95,0.1
12/5/2003,12,2003,20.52,
12/6/2003,12,2003,20.41,
12/7/2003,12,2003,20.02,
12/8/2003,12,2003,17.63,
12/9/2003,12,2003,14.76,
12/10/2003,12,2003,15.33,
12/11/2003,12,2003,16.6,
12/12/2003,12,2003,17.93,
12/13/2003,12,2003,13.74,
12/14/2003,12,2003,13.96,
12/15/2003,12,2003,14.01,
12/16/2003,12,2003,14.05,
12/17/2003,12,2003,15.55,
12/18/2003,12,2003,15.43,
12/19/2003,12,2003,17.58,
12/20/2003,12,2003,18.85,
12/21/2003,12,2003,17.46,
12/22/2003,12,2003,17.49,
12/23/2003,12,2003,18.31,
12/24/2003,12,2003,16.79,
12/25/2003,12,2003,13.77,
12/26/2003,12,2003,13.33,
12/27/2003,12,2003,15.05,
12/28/2003,12,2003,14.93,
12/29/2003,12,2003,12.91,
12/30/2003,12,2003,11.6,
12/31/2003,12,2003,13.72,
1/1/2004,1,2004,18.66,
1/2/2004,1,2004,18.08,
1/3/2004,1,2004,18.19,
1/4/2004,1,2004,18.6,
1/5/2004,1,2004,18.41,0.4
1/6/2004,1,2004,18.53,
1/7/2004,1,2004,18.68,10
1/8/2004,1,2004,18.68,
1/9/2004,1,2004,18.72,
1/10/2004,1,2004,18.71,
1/11/2004,1,2004,18.67,
1/12/2004,1,2004,18.57,
1/13/2004,1,2004,18.47,
1/14/2004,1,2004,18.48,
1/15/2004,1,2004,18.49,
1/16/2004,1,2004,18.42,
1/17/2004,1,2004,18.25,
1/18/2004,1,2004,18.26,
1/19/2004,1,2004,18.21,
1/20/2004,1,2004,18.14,
1/21/2004,1,2004,18.07,
1/22/2004,1,2004,15.43,
1/23/2004,1,2004,10.53,
1/24/2004,1,2004,10.69,
1/25/2004,1,2004,10.3,
1/26/2004,1,2004,10.65,
1/27/2004,1,2004,10.33,
1/28/2004,1,2004,10.39,
1/29/2004,1,2004,10.63,
1/30/2004,1,2004,10.56,
1/31/2004,1,2004,10.67,
2/1/2004,2,2004,10.69,
2/2/2004,2,2004,11.2,6.2
2/3/2004,2,2004,8.12,
2/4/2004,2,2004,6.65,
2/5/2004,2,2004,10.83,
2/6/2004,2,2004,10.88,
2/7/2004,2,2004,11,
2/8/2004,2,2004,10.81,
2/9/2004,2,2004,10.54,
2/10/2004,2,2004,11.13,
2/11/2004,2,2004,11.58,
2/12/2004,2,2004,11.41,
2/13/2004,2,2004,11.62,
2/14/2004,2,2004,11.62,
2/15/2004,2,2004,11.33,
2/16/2004,2,2004,11.68,
2/17/2004,2,2004,11.85,
2/18/2004,2,2004,11.89,
2/19/2004,2,2004,11.97,
2/20/2004,2,2004,11.78,
2/21/2004,2,2004,14.57,
2/22/2004,2,2004,20.01,
2/23/2004,2,2004,20.04,
2/24/2004,2,2004,20.05,
2/25/2004,2,2004,20.14,
2/26/2004,2,2004,19.85,
2/27/2004,2,2004,19.85,
2/28/2004,2,2004,19.9,
2/29/2004,2,2004,19.96,
3/1/2004,3,2004,20.01,8.4
3/2/2004,3,2004,19.32,
3/3/2004,3,2004,19.26,
3/4/2004,3,2004,19.23,
3/5/2004,3,2004,17.46,
3/6/2004,3,2004,19.28,
3/7/2004,3,2004,19.22,
3/8/2004,3,2004,16.09,
3/9/2004,3,2004,18.96,
3/10/2004,3,2004,18.96,
3/11/2004,3,2004,18.86,
3/12/2004,3,2004,18.85,
3/13/2004,3,2004,18.94,
3/14/2004,3,2004,18.88,
3/15/2004,3,2004,14.17,
3/16/2004,3,2004,9.38,
3/17/2004,3,2004,7.67,
3/18/2004,3,2004,7.63,
3/19/2004,3,2004,8,
3/20/2004,3,2004,11.33,
3/21/2004,3,2004,12.09,
3/22/2004,3,2004,11.73,
3/23/2004,3,2004,11.66,
3/24/2004,3,2004,9.79,
3/25/2004,3,2004,7.49,
3/26/2004,3,2004,8.85,
3/27/2004,3,2004,11.83,
3/28/2004,3,2004,12.36,
3/29/2004,3,2004,11.93,
3/30/2004,3,2004,10.36,
3/31/2004,3,2004,9.49,
4/1/2004,4,2004,6.93,
4/2/2004,4,2004,7.42,
4/3/2004,4,2004,8.71,
4/4/2004,4,2004,9.89,
4/5/2004,4,2004,10.11,0.3
4/6/2004,4,2004,9.77,0.3
4/7/2004,4,2004,9.76,0.3
4/8/2004,4,2004,8.11,0.3
4/9/2004,4,2004,3.61,0.3
4/10/2004,4,2004,3.77,
4/11/2004,4,2004,3.97,
4/12/2004,4,2004,3.56,
4/13/2004,4,2004,3.58,
4/14/2004,4,2004,3.28,
4/15/2004,4,2004,4.87,
4/16/2004,4,2004,8.75,
4/17/2004,4,2004,8.76,
4/18/2004,4,2004,8.75,
4/19/2004,4,2004,8.84,
4/20/2004,4,2004,8,
4/21/2004,4,2004,8.56,
4/22/2004,4,2004,6.96,
4/23/2004,4,2004,8.24,
4/24/2004,4,2004,8.02,
4/25/2004,4,2004,5.04,
4/26/2004,4,2004,5.55,
4/27/2004,4,2004,3.76,
4/28/2004,4,2004,1.69,
11/1/2004,11,2004,15.95,
11/2/2004,11,2004,15.44,
11/3/2004,11,2004,15.54,
11/4/2004,11,2004,15.37,0.5
11/5/2004,11,2004,15.1,
11/6/2004,11,2004,15.38,
11/7/2004,11,2004,15.18,
11/8/2004,11,2004,16.1,
11/9/2004,11,2004,16.17,
11/10/2004,11,2004,16.66,
11/11/2004,11,2004,16.9,
11/12/2004,11,2004,16.55,
11/13/2004,11,2004,16.75,
11/14/2004,11,2004,16.86,
11/15/2004,11,2004,16.74,
11/16/2004,11,2004,16.97,
11/17/2004,11,2004,17.18,
11/18/2004,11,2004,16.63,
11/19/2004,11,2004,16.62,
11/20/2004,11,2004,16.61,
11/21/2004,11,2004,16.55,
11/22/2004,11,2004,15.91,
11/23/2004,11,2004,15.89,
11/24/2004,11,2004,16.24,
11/25/2004,11,2004,15.4,
11/26/2004,11,2004,15.67,
11/27/2004,11,2004,16.11,
11/28/2004,11,2004,16.12,
11/29/2004,11,2004,15.81,
11/30/2004,11,2004,14.9,
12/1/2004,12,2004,15.59,
12/2/2004,12,2004,15.35,0.3
12/3/2004,12,2004,14.75,
12/4/2004,12,2004,14.75,
12/5/2004,12,2004,14.22,
12/6/2004,12,2004,14.35,
12/7/2004,12,2004,16.66,
12/8/2004,12,2004,15.19,
12/9/2004,12,2004,14.39,
12/10/2004,12,2004,15.69,
12/11/2004,12,2004,15.7,
12/12/2004,12,2004,16.2,
12/13/2004,12,2004,15.75,
12/14/2004,12,2004,15.86,
12/15/2004,12,2004,15.91,
12/16/2004,12,2004,16.24,
12/17/2004,12,2004,15.83,
12/18/2004,12,2004,15.9,
12/19/2004,12,2004,16.06,
12/20/2004,12,2004,15.97,
12/21/2004,12,2004,15.68,
12/22/2004,12,2004,15.59,
12/23/2004,12,2004,15.55,
12/24/2004,12,2004,15.25,
12/25/2004,12,2004,15.07,
12/26/2004,12,2004,14.94,
12/27/2004,12,2004,15.17,
12/28/2004,12,2004,15.91,
12/29/2004,12,2004,16.58,
12/30/2004,12,2004,16.48,
12/31/2004,12,2004,16.81,
1/1/2005,1,2005,17.09,
1/2/2005,1,2005,17.55,
1/3/2005,1,2005,17.2,
1/4/2005,1,2005,17.16,
1/5/2005,1,2005,17.1,
1/6/2005,1,2005,17.19,
1/7/2005,1,2005,17.59,
1/8/2005,1,2005,17.58,
1/9/2005,1,2005,17.62,
1/10/2005,1,2005,17.64,
1/11/2005,1,2005,8.46,
1/12/2005,1,2005,17.88,
1/13/2005,1,2005,17.96,6.8
1/14/2005,1,2005,17.87,
1/15/2005,1,2005,17.95,
1/16/2005,1,2005,18.1,
1/17/2005,1,2005,18,
1/18/2005,1,2005,17.82,
1/19/2005,1,2005,17.49,
1/20/2005,1,2005,17.11,
1/21/2005,1,2005,17.39,
1/22/2005,1,2005,17.57,
1/23/2005,1,2005,17.49,
1/24/2005,1,2005,17.55,
1/25/2005,1,2005,17.7,
1/26/2005,1,2005,17.72,
1/27/2005,1,2005,17.24,
1/28/2005,1,2005,17.5,
1/29/2005,1,2005,17.51,
1/30/2005,1,2005,17.54,
1/31/2005,1,2005,17.66,
2/1/2005,2,2005,17.66,
2/2/2005,2,2005,17.51,
2/3/2005,2,2005,17.48,6.1
2/4/2005,2,2005,17.29,
2/5/2005,2,2005,17.19,
2/6/2005,2,2005,17.1,
2/7/2005,2,2005,17.41,
2/8/2005,2,2005,17.76,
2/9/2005,2,2005,19.65,
2/10/2005,2,2005,19.4,
2/11/2005,2,2005,20.24,
2/12/2005,2,2005,21.13,
2/13/2005,2,2005,19.76,
2/14/2005,2,2005,20.21,
2/15/2005,2,2005,20.24,
2/16/2005,2,2005,22.43,
2/17/2005,2,2005,21.32,
2/18/2005,2,2005,18.22,
2/19/2005,2,2005,15.61,
2/20/2005,2,2005,15.42,
2/21/2005,2,2005,15.49,
2/22/2005,2,2005,15.28,
2/23/2005,2,2005,15.31,
2/24/2005,2,2005,14.91,
2/25/2005,2,2005,14.61,
2/26/2005,2,2005,14.19,
2/27/2005,2,2005,14.52,
2/28/2005,2,2005,12.83,
3/1/2005,3,2005,14.87,
3/2/2005,3,2005,16.43,
3/3/2005,3,2005,17.42,
3/4/2005,3,2005,17.4,3.8
3/5/2005,3,2005,17.29,
3/6/2005,3,2005,17.4,
3/7/2005,3,2005,17.04,
3/8/2005,3,2005,16.58,
3/9/2005,3,2005,16.38,
3/10/2005,3,2005,16.55,
3/11/2005,3,2005,16.35,
3/12/2005,3,2005,16.02,
3/13/2005,3,2005,15.52,
3/14/2005,3,2005,14.82,
3/15/2005,3,2005,10.79,
3/16/2005,3,2005,8.51,
3/17/2005,3,2005,7.98,
3/18/2005,3,2005,8.14,
3/19/2005,3,2005,9.62,
3/20/2005,3,2005,9.64,
3/21/2005,3,2005,9.53,
3/22/2005,3,2005,9.75,
3/23/2005,3,2005,10.53,
3/24/2005,3,2005,11.33,
3/25/2005,3,2005,13.19,
3/26/2005,3,2005,13.63,
3/27/2005,3,2005,13.65,
3/28/2005,3,2005,13.05,
3/29/2005,3,2005,14.48,
3/30/2005,3,2005,14.24,
3/31/2005,3,2005,14.05,
4/1/2005,4,2005,14.12,7.8
4/2/2005,4,2005,14,
4/3/2005,4,2005,13.37,
4/4/2005,4,2005,14.45,
4/5/2005,4,2005,16.76,
4/6/2005,4,2005,17.23,
4/7/2005,4,2005,18.09,
4/8/2005,4,2005,18.51,
4/9/2005,4,2005,17.72,
4/10/2005,4,2005,17.55,
4/11/2005,4,2005,17.4,
4/12/2005,4,2005,17.92,
4/13/2005,4,2005,18.12,
4/14/2005,4,2005,17.26,
4/15/2005,4,2005,16.74,
4/16/2005,4,2005,13.85,
4/17/2005,4,2005,12.83,
4/18/2005,4,2005,11.31,
4/19/2005,4,2005,8.8,
4/20/2005,4,2005,7.98,
4/21/2005,4,2005,6.57,
4/22/2005,4,2005,6.56,
4/23/2005,4,2005,7.23,
4/24/2005,4,2005,8.58,
4/25/2005,4,2005,8.43,
4/26/2005,4,2005,6.66,
4/27/2005,4,2005,5.65,
4/28/2005,4,2005,6.83,
4/29/2005,4,2005,8.46,
4/30/2005,4,2005,5.39,
10/21/2005,10,2005,2.4,
10/22/2005,10,2005,6.64,
10/23/2005,10,2005,7.45,
10/24/2005,10,2005,7.61,
10/25/2005,10,2005,6.12,
10/26/2005,10,2005,4.77,0.4
10/27/2005,10,2005,7.24,
10/28/2005,10,2005,7.78,
10/29/2005,10,2005,8.53,
10/30/2005,10,2005,8.94,
10/31/2005,10,2005,8.73,
11/1/2005,11,2005,3.75,
11/2/2005,11,2005,11.87,
11/3/2005,11,2005,13.62,
11/4/2005,11,2005,14.32,
11/5/2005,11,2005,14.13,
11/6/2005,11,2005,14.21,
11/7/2005,11,2005,14.37,
11/8/2005,11,2005,15.49,
11/9/2005,11,2005,14.55,0.3
11/10/2005,11,2005,14.32,
11/11/2005,11,2005,14.22,
11/12/2005,11,2005,13.86,
11/13/2005,11,2005,14.08,
11/14/2005,11,2005,13.77,
11/15/2005,11,2005,13.69,
11/16/2005,11,2005,13.59,
11/17/2005,11,2005,13.92,
11/18/2005,11,2005,14.05,
11/19/2005,11,2005,13.95,
11/20/2005,11,2005,14.06,
11/21/2005,11,2005,13.99,
11/22/2005,11,2005,13.95,
11/23/2005,11,2005,13.95,
11/24/2005,11,2005,13.74,
11/25/2005,11,2005,14.24,
11/26/2005,11,2005,14.21,
11/27/2005,11,2005,14.14,
11/28/2005,11,2005,14.3,
11/29/2005,11,2005,14.19,
11/30/2005,11,2005,14.85,
12/1/2005,12,2005,15.14,
12/2/2005,12,2005,14.84,
12/3/2005,12,2005,16.2,
12/4/2005,12,2005,13.36,
12/5/2005,12,2005,14.6,
12/6/2005,12,2005,14.85,
12/7/2005,12,2005,16.44,0.5
12/8/2005,12,2005,18.27,
12/9/2005,12,2005,17.99,
12/10/2005,12,2005,16.65,
12/11/2005,12,2005,17.84,
12/12/2005,12,2005,17.55,
12/13/2005,12,2005,17.06,
12/14/2005,12,2005,17.39,
12/15/2005,12,2005,15.63,
12/16/2005,12,2005,16.98,
12/17/2005,12,2005,17.04,
12/18/2005,12,2005,18.92,
12/19/2005,12,2005,18.98,
12/20/2005,12,2005,18.42,
12/21/2005,12,2005,19.77,
12/22/2005,12,2005,20.09,
12/23/2005,12,2005,20.34,
12/24/2005,12,2005,20.14,
12/25/2005,12,2005,20.44,
12/26/2005,12,2005,20.56,
12/27/2005,12,2005,20.58,
12/28/2005,12,2005,20.9,
12/29/2005,12,2005,20.38,
12/30/2005,12,2005,20.85,
12/31/2005,12,2005,20.78,
1/1/2006,1,2006,21.05,
1/2/2006,1,2006,21.51,
1/3/2006,1,2006,21.1,
1/4/2006,1,2006,21.05,
1/5/2006,1,2006,21.11,
1/6/2006,1,2006,19.6,
1/7/2006,1,2006,21.22,
1/8/2006,1,2006,20.7,
1/9/2006,1,2006,20.33,
1/10/2006,1,2006,20.12,
1/11/2006,1,2006,20.33,
1/12/2006,1,2006,20.58,3.6
1/13/2006,1,2006,20.34,
1/14/2006,1,2006,20.37,
1/15/2006,1,2006,20.26,
1/16/2006,1,2006,20.2,
1/17/2006,1,2006,20.26,
1/18/2006,1,2006,20.49,
1/19/2006,1,2006,19.9,
1/20/2006,1,2006,19.9,
1/21/2006,1,2006,19.87,
1/22/2006,1,2006,20.49,
1/23/2006,1,2006,20.56,
1/24/2006,1,2006,20.24,
1/25/2006,1,2006,20.06,
1/26/2006,1,2006,19.75,
1/27/2006,1,2006,19.71,
1/28/2006,1,2006,19.33,
1/29/2006,1,2006,18.65,
1/30/2006,1,2006,16.06,
1/31/2006,1,2006,16.07,
2/1/2006,2,2006,16.25,
2/2/2006,2,2006,16.27,
2/3/2006,2,2006,16.26,
2/4/2006,2,2006,16.12,
2/5/2006,2,2006,13.75,
2/6/2006,2,2006,12.8,
2/7/2006,2,2006,12.2,
2/8/2006,2,2006,12.03,
2/9/2006,2,2006,11.89,
2/10/2006,2,2006,11.68,
2/11/2006,2,2006,11.48,
2/12/2006,2,2006,11.37,
2/13/2006,2,2006,11.37,
2/14/2006,2,2006,11.21,
2/15/2006,2,2006,11.3,2.7
2/16/2006,2,2006,11.17,
2/17/2006,2,2006,10.93,
2/18/2006,2,2006,10.67,
2/19/2006,2,2006,10.62,
2/20/2006,2,2006,10.42,
2/21/2006,2,2006,9.67,
2/22/2006,2,2006,9.34,
2/23/2006,2,2006,9.32,
2/24/2006,2,2006,9.27,
2/25/2006,2,2006,9.09,
2/26/2006,2,2006,9,
2/27/2006,2,2006,10.52,
2/28/2006,2,2006,12.11,
3/1/2006,3,2006,15.1,
3/2/2006,3,2006,15.92,
3/3/2006,3,2006,16.13,
3/4/2006,3,2006,16.12,
3/5/2006,3,2006,16.21,
3/6/2006,3,2006,16.21,
3/7/2006,3,2006,16.16,2.3
3/8/2006,3,2006,16.07,
3/9/2006,3,2006,16.14,
3/10/2006,3,2006,16.15,
3/11/2006,3,2006,16.16,
3/12/2006,3,2006,16.18,
3/13/2006,3,2006,16.18,
3/14/2006,3,2006,16.18,
3/15/2006,3,2006,16.02,
3/16/2006,3,2006,16.09,
3/17/2006,3,2006,16.2,
3/18/2006,3,2006,16.14,
3/19/2006,3,2006,16.6,
3/20/2006,3,2006,17.97,
3/21/2006,3,2006,20.31,
3/22/2006,3,2006,20.29,
3/23/2006,3,2006,20.08,
3/24/2006,3,2006,20.48,
3/25/2006,3,2006,20.54,
3/26/2006,3,2006,20.48,
3/27/2006,3,2006,20.39,
3/28/2006,3,2006,20.43,
3/29/2006,3,2006,20.3,
3/30/2006,3,2006,20.22,
3/31/2006,3,2006,20.45,
4/1/2006,4,2006,20.34,
4/2/2006,4,2006,19.63,
4/3/2006,4,2006,20.43,
4/4/2006,4,2006,20.67,
4/5/2006,4,2006,20.73,
4/6/2006,4,2006,20.85,
4/7/2006,4,2006,20.97,
4/8/2006,4,2006,20.97,
4/9/2006,4,2006,20.98,
4/10/2006,4,2006,20.96,
4/11/2006,4,2006,21,
4/12/2006,4,2006,21.04,
4/13/2006,4,2006,21.07,5.3
4/14/2006,4,2006,21.03,
4/15/2006,4,2006,21.06,
4/16/2006,4,2006,21.06,
4/17/2006,4,2006,21.05,
4/18/2006,4,2006,20.97,
4/19/2006,4,2006,21.05,
4/20/2006,4,2006,20.99,
4/21/2006,4,2006,20.91,
4/22/2006,4,2006,16.73,
4/23/2006,4,2006,20.67,
4/24/2006,4,2006,17.79,
4/25/2006,4,2006,14.04,
4/26/2006,4,2006,15,
4/27/2006,4,2006,16.03,
4/28/2006,4,2006,18.43,
4/29/2006,4,2006,19.86,
4/30/2006,4,2006,19.54,
5/2/2006,5,2006,3.77,
5/3/2006,5,2006,10.5,
5/4/2006,5,2006,10.95,
5/5/2006,5,2006,10.97,11.2
5/6/2006,5,2006,10.42,
5/7/2006,5,2006,10.13,
5/8/2006,5,2006,10.14,11.3
5/9/2006,5,2006,9.98,
5/10/2006,5,2006,9.72,
5/11/2006,5,2006,10.16,12.3
5/12/2006,5,2006,9.38,
5/13/2006,5,2006,8.11,
5/14/2006,5,2006,7.82,
5/15/2006,5,2006,8.65,
5/16/2006,5,2006,7.93,
5/17/2006,5,2006,7.86,
5/18/2006,5,2006,7.82,
5/19/2006,5,2006,8.4,
5/20/2006,5,2006,8.7,
5/21/2006,5,2006,8.73,
5/22/2006,5,2006,8.82,
5/23/2006,5,2006,7.94,
5/24/2006,5,2006,12.66,
5/25/2006,5,2006,9.3,
5/26/2006,5,2006,7.5,
5/27/2006,5,2006,8.65,
5/28/2006,5,2006,8.74,
5/29/2006,5,2006,7.43,
5/30/2006,5,2006,7.33,
5/31/2006,5,2006,3.65,
11/1/2006,11,2006,3.67,
11/2/2006,11,2006,13.01,0.2
11/3/2006,11,2006,12.88,
11/4/2006,11,2006,14.55,
11/5/2006,11,2006,12.08,
11/6/2006,11,2006,14.42,
11/7/2006,11,2006,14.47,0.1
11/8/2006,11,2006,14.49,
11/9/2006,11,2006,14.31,
11/10/2006,11,2006,11.69,
11/11/2006,11,2006,14.82,
11/12/2006,11,2006,14.73,
11/13/2006,11,2006,15.12,
11/14/2006,11,2006,15.66,
11/15/2006,11,2006,15.11,
11/16/2006,11,2006,14.97,
11/17/2006,11,2006,14.84,
11/18/2006,11,2006,14.71,
11/19/2006,11,2006,14.75,
11/20/2006,11,2006,14.66,
11/21/2006,11,2006,15.49,
11/22/2006,11,2006,16.4,
11/23/2006,11,2006,17.77,
11/24/2006,11,2006,17.64,
11/25/2006,11,2006,17.72,
11/26/2006,11,2006,13.4,
11/27/2006,11,2006,18.03,
11/28/2006,11,2006,18.04,
11/29/2006,11,2006,17.59,0.3
11/30/2006,11,2006,17.93,
12/1/2006,12,2006,18.29,0.1
12/2/2006,12,2006,16.81,
12/3/2006,12,2006,18.03,
12/4/2006,12,2006,17.22,0.1
12/5/2006,12,2006,14.98,
12/6/2006,12,2006,14.6,
12/7/2006,12,2006,16.86,0.2
12/8/2006,12,2006,17.87,
12/9/2006,12,2006,16.6,
12/10/2006,12,2006,16.18,
12/11/2006,12,2006,12.65,
12/12/2006,12,2006,15.98,
12/13/2006,12,2006,23.12,2.9
12/14/2006,12,2006,19.66,
12/15/2006,12,2006,18.77,
12/16/2006,12,2006,18.14,
12/17/2006,12,2006,17.8,
12/18/2006,12,2006,17.81,
12/19/2006,12,2006,17.73,
12/20/2006,12,2006,16.98,
12/21/2006,12,2006,16.34,
12/22/2006,12,2006,15.76,
12/23/2006,12,2006,14.9,
12/24/2006,12,2006,11.23,
12/25/2006,12,2006,10.52,
12/26/2006,12,2006,10.43,
12/27/2006,12,2006,12.43,
12/28/2006,12,2006,12.15,
12/29/2006,12,2006,11.76,
12/30/2006,12,2006,11.4,
12/31/2006,12,2006,11.1,
1/1/2007,1,2007,10.92,
1/2/2007,1,2007,10.88,
1/3/2007,1,2007,10.58,
1/4/2007,1,2007,10.69,
1/5/2007,1,2007,10.41,
1/6/2007,1,2007,10.14,
1/7/2007,1,2007,8.69,
1/8/2007,1,2007,10.15,5.9
1/9/2007,1,2007,9.82,9
1/10/2007,1,2007,9.08,6.7
1/11/2007,1,2007,9.04,5
1/12/2007,1,2007,9.01,6.1
1/13/2007,1,2007,8.15,
1/14/2007,1,2007,7.31,
1/15/2007,1,2007,7.52,
1/16/2007,1,2007,7.95,
1/17/2007,1,2007,7.87,
1/18/2007,1,2007,7.86,
1/19/2007,1,2007,7.8,
1/20/2007,1,2007,7.66,
1/21/2007,1,2007,7.64,
1/22/2007,1,2007,7.68,
1/23/2007,1,2007,7.65,
1/24/2007,1,2007,7.62,
1/25/2007,1,2007,7.56,
1/26/2007,1,2007,6.6,
1/27/2007,1,2007,6.21,
1/28/2007,1,2007,5.77,
1/29/2007,1,2007,4.94,
1/30/2007,1,2007,6.16,
1/31/2007,1,2007,5.16,
2/1/2007,2,2007,6.07,
2/2/2007,2,2007,6.31,1
2/3/2007,2,2007,6.18,
2/4/2007,2,2007,6.1,
2/5/2007,2,2007,6.16,
2/6/2007,2,2007,5.96,
2/7/2007,2,2007,6.21,
2/8/2007,2,2007,6.78,
2/9/2007,2,2007,7.66,
2/10/2007,2,2007,7.7,
2/11/2007,2,2007,8.31,
2/12/2007,2,2007,8.45,
2/13/2007,2,2007,10.22,
2/14/2007,2,2007,10.48,
2/15/2007,2,2007,9.92,
2/16/2007,2,2007,13.09,
2/17/2007,2,2007,13.86,
2/18/2007,2,2007,13.47,
2/19/2007,2,2007,13.19,
2/20/2007,2,2007,13.17,
2/21/2007,2,2007,13.09,
2/22/2007,2,2007,14.32,
2/23/2007,2,2007,15.02,
2/24/2007,2,2007,14.77,
2/25/2007,2,2007,15.32,
2/26/2007,2,2007,15.32,
2/27/2007,2,2007,15.39,
2/28/2007,2,2007,15.21,
3/1/2007,3,2007,14.58,
3/2/2007,3,2007,14.06,
3/3/2007,3,2007,12.1,
3/4/2007,3,2007,13.62,
3/5/2007,3,2007,11.98,3.6
3/6/2007,3,2007,10.67,3.5
3/7/2007,3,2007,10.7,3.9
3/8/2007,3,2007,10.44,2.9
3/9/2007,3,2007,9.33,2.5
3/10/2007,3,2007,8.76,
3/11/2007,3,2007,8.54,
3/12/2007,3,2007,5.38,
3/13/2007,3,2007,6.5,
3/14/2007,3,2007,3.13,
3/15/2007,3,2007,4.64,
3/16/2007,3,2007,4.59,
3/17/2007,3,2007,5.68,
3/18/2007,3,2007,6,
3/19/2007,3,2007,6.76,
3/20/2007,3,2007,7.15,
3/21/2007,3,2007,7.44,
3/22/2007,3,2007,6.66,
3/23/2007,3,2007,2.98,
3/24/2007,3,2007,6.13,
3/25/2007,3,2007,8.31,
3/26/2007,3,2007,8.04,
3/27/2007,3,2007,7.89,
3/28/2007,3,2007,6.9,
3/29/2007,3,2007,6.95,
3/30/2007,3,2007,6.9,
3/31/2007,3,2007,7.26,
4/1/2007,4,2007,7.19,
4/2/2007,4,2007,6.4,
4/3/2007,4,2007,4.96,
4/4/2007,4,2007,5.59,
4/5/2007,4,2007,7.48,
4/6/2007,4,2007,7.79,
4/7/2007,4,2007,8.22,
4/8/2007,4,2007,7.64,
4/9/2007,4,2007,9.06,
4/10/2007,4,2007,7.38,6
4/11/2007,4,2007,8.7,
4/12/2007,4,2007,7.86,
4/13/2007,4,2007,6.34,
4/14/2007,4,2007,7.11,
4/15/2007,4,2007,7.13,
4/16/2007,4,2007,6.78,
4/17/2007,4,2007,6.12,
4/18/2007,4,2007,6.46,
4/19/2007,4,2007,5.51,
4/20/2007,4,2007,6.01,
4/21/2007,4,2007,5.89,
4/22/2007,4,2007,7.46,
4/23/2007,4,2007,6.96,
4/24/2007,4,2007,6.14,
4/25/2007,4,2007,6.97,
4/26/2007,4,2007,5.15,
4/27/2007,4,2007,7.42,
4/28/2007,4,2007,6.84,
4/29/2007,4,2007,6.43,
4/30/2007,4,2007,5.19,
11/1/2007,11,2007,4.29,
11/2/2007,11,2007,13.69,
11/3/2007,11,2007,13.61,
11/4/2007,11,2007,14.11,
11/5/2007,11,2007,13.64,
11/6/2007,11,2007,13.55,
11/7/2007,11,2007,13.52,
11/8/2007,11,2007,13.4,5.5
11/9/2007,11,2007,13.41,
11/10/2007,11,2007,13.64,
11/11/2007,11,2007,15.06,
11/12/2007,11,2007,14.09,
11/13/2007,11,2007,13.81,
11/14/2007,11,2007,13.71,
11/15/2007,11,2007,13.62,
11/16/2007,11,2007,13.52,
11/17/2007,11,2007,13.62,
11/18/2007,11,2007,13.49,
11/19/2007,11,2007,9.77,
11/20/2007,11,2007,10.21,
11/21/2007,11,2007,13.66,
11/22/2007,11,2007,13.53,
11/23/2007,11,2007,13.39,
11/24/2007,11,2007,13.53,
11/25/2007,11,2007,13.55,
11/26/2007,11,2007,9.25,
11/27/2007,11,2007,9.24,
11/28/2007,11,2007,9.45,
11/29/2007,11,2007,10.36,
11/30/2007,11,2007,13.53,
12/1/2007,12,2007,13.62,
12/2/2007,12,2007,13.59,
12/3/2007,12,2007,13.56,
12/4/2007,12,2007,14.04,12.1
12/5/2007,12,2007,13.98,
12/6/2007,12,2007,14.25,14.3
12/7/2007,12,2007,15.71,11.8
12/8/2007,12,2007,14.64,
12/9/2007,12,2007,14.37,
12/10/2007,12,2007,14.4,
12/11/2007,12,2007,14.23,
12/12/2007,12,2007,14.13,
12/13/2007,12,2007,14,
12/14/2007,12,2007,12.81,
12/15/2007,12,2007,12.86,
12/16/2007,12,2007,7.69,
12/17/2007,12,2007,4.66,
12/18/2007,12,2007,4.92,
12/19/2007,12,2007,7.2,
12/20/2007,12,2007,9.23,
12/21/2007,12,2007,9.05,
12/22/2007,12,2007,9.16,
12/23/2007,12,2007,9.2,
12/24/2007,12,2007,9.03,
12/25/2007,12,2007,8.78,
12/26/2007,12,2007,8.71,
12/27/2007,12,2007,8.64,
12/28/2007,12,2007,9.06,
12/29/2007,12,2007,8.97,
12/30/2007,12,2007,8.72,
12/31/2007,12,2007,9.79,
1/1/2008,1,2008,10.22,
1/2/2008,1,2008,10.5,
1/3/2008,1,2008,10.56,
1/4/2008,1,2008,12.94,
1/5/2008,1,2008,15.56,
1/6/2008,1,2008,15.5,
1/7/2008,1,2008,14.88,
1/8/2008,1,2008,17.49,
1/9/2008,1,2008,19.35,
1/10/2008,1,2008,19.35,7.2
1/11/2008,1,2008,18.7,
1/12/2008,1,2008,19.27,
1/13/2008,1,2008,19.2,
1/14/2008,1,2008,19.12,
1/15/2008,1,2008,19.01,
1/16/2008,1,2008,18.04,
1/17/2008,1,2008,18.77,
1/18/2008,1,2008,18.75,
1/19/2008,1,2008,18.16,
1/20/2008,1,2008,13.86,
1/21/2008,1,2008,12.09,
1/22/2008,1,2008,11.51,
1/23/2008,1,2008,11.6,
1/24/2008,1,2008,11.47,
1/25/2008,1,2008,11.53,
1/26/2008,1,2008,13.55,
1/27/2008,1,2008,15.54,
1/28/2008,1,2008,15.18,
1/29/2008,1,2008,14.97,
1/30/2008,1,2008,15.52,
1/31/2008,1,2008,15.27,
2/1/2008,2,2008,17.6,
2/2/2008,2,2008,19.37,
2/3/2008,2,2008,19.37,
2/4/2008,2,2008,19.32,
2/5/2008,2,2008,19.35,
2/6/2008,2,2008,19.45,
2/7/2008,2,2008,19.57,
2/8/2008,2,2008,19.54,
2/9/2008,2,2008,19.5,
2/10/2008,2,2008,19.4,
2/11/2008,2,2008,19.37,
2/12/2008,2,2008,19.35,
2/13/2008,2,2008,19.28,
2/14/2008,2,2008,19.13,
2/15/2008,2,2008,19.11,7.6
2/16/2008,2,2008,18.99,
2/17/2008,2,2008,18.24,
2/18/2008,2,2008,15.21,
2/19/2008,2,2008,13.49,
2/20/2008,2,2008,12.95,4.7
2/21/2008,2,2008,11.9,
2/22/2008,2,2008,11.68,3.4
2/23/2008,2,2008,11.79,
2/24/2008,2,2008,12.06,
2/25/2008,2,2008,11.93,
2/26/2008,2,2008,12.07,
2/27/2008,2,2008,12,
2/28/2008,2,2008,11.19,
2/29/2008,2,2008,11.49,
3/1/2008,3,2008,11.79,
3/2/2008,3,2008,11.71,
3/3/2008,3,2008,11.7,
3/4/2008,3,2008,13.55,
3/5/2008,3,2008,14.95,
3/6/2008,3,2008,14.86,7.7
3/7/2008,3,2008,14.82,
3/8/2008,3,2008,14.71,
3/9/2008,3,2008,14.8,
3/10/2008,3,2008,12.46,
3/11/2008,3,2008,10.46,
3/12/2008,3,2008,8.63,
3/13/2008,3,2008,8.88,
3/14/2008,3,2008,21.6,
3/15/2008,3,2008,11.14,
3/16/2008,3,2008,12.22,
3/17/2008,3,2008,11.59,
3/18/2008,3,2008,10.94,
3/19/2008,3,2008,10.57,
3/20/2008,3,2008,10.68,
3/21/2008,3,2008,10.92,
3/22/2008,3,2008,8.6,
3/23/2008,3,2008,6.28,
3/24/2008,3,2008,5.87,
3/25/2008,3,2008,5.44,
3/26/2008,3,2008,5.2,
3/27/2008,3,2008,4.48,
3/28/2008,3,2008,7.7,
3/29/2008,3,2008,8.49,
3/30/2008,3,2008,7.13,
3/31/2008,3,2008,7.58,
4/1/2008,4,2008,5.79,
4/2/2008,4,2008,4.26,
4/3/2008,4,2008,5.67,
4/4/2008,4,2008,6.71,
4/5/2008,4,2008,4.78,
4/6/2008,4,2008,2.86,
4/7/2008,4,2008,1.31,
4/8/2008,4,2008,0.9,
4/9/2008,4,2008,2.47,
4/10/2008,4,2008,4.22,
4/11/2008,4,2008,3.34,
4/12/2008,4,2008,1.49,
4/13/2008,4,2008,1.47,
4/14/2008,4,2008,1.38,
4/15/2008,4,2008,2.85,
4/16/2008,4,2008,3.51,
4/17/2008,4,2008,3.58,9.4
4/18/2008,4,2008,3.98,
4/19/2008,4,2008,6.46,
4/20/2008,4,2008,7.82,
4/21/2008,4,2008,5.57,
4/22/2008,4,2008,4,
4/23/2008,4,2008,3.58,
4/24/2008,4,2008,5.02,
4/25/2008,4,2008,3.42,
4/26/2008,4,2008,3.83,
4/27/2008,4,2008,1.98,
4/28/2008,4,2008,3.08,
4/29/2008,4,2008,3.01,
4/30/2008,4,2008,2.79,
11/3/2008,11,2008,5.15,
11/4/2008,11,2008,14.72,
11/5/2008,11,2008,14.23,
11/6/2008,11,2008,13.15,0.6
11/7/2008,11,2008,13.38,
11/8/2008,11,2008,14.6,
11/9/2008,11,2008,14.44,
11/10/2008,11,2008,14.48,
11/11/2008,11,2008,13.3,
11/12/2008,11,2008,13.59,
11/13/2008,11,2008,15.43,
11/14/2008,11,2008,16.9,
11/15/2008,11,2008,16.76,
11/16/2008,11,2008,16.83,
11/17/2008,11,2008,16.85,
11/18/2008,11,2008,17.13,
11/19/2008,11,2008,13.79,
11/20/2008,11,2008,14.64,
11/21/2008,11,2008,17.8,
11/22/2008,11,2008,10.71,
11/23/2008,11,2008,17.38,
11/24/2008,11,2008,17.46,
11/25/2008,11,2008,17.37,
11/26/2008,11,2008,17.5,
11/27/2008,11,2008,17.33,
11/28/2008,11,2008,17.17,
11/29/2008,11,2008,17.29,
11/30/2008,11,2008,17.36,
12/1/2008,12,2008,17.46,
12/2/2008,12,2008,17.19,
12/3/2008,12,2008,14.67,
12/4/2008,12,2008,11.46,
12/5/2008,12,2008,9.8,
12/6/2008,12,2008,8.63,
12/7/2008,12,2008,7.57,
12/8/2008,12,2008,7.82,
12/9/2008,12,2008,6.67,
12/10/2008,12,2008,6.93,
12/11/2008,12,2008,7.08,2.7
12/12/2008,12,2008,7.14,
12/13/2008,12,2008,6.71,
12/14/2008,12,2008,6.99,
12/15/2008,12,2008,7.72,
12/16/2008,12,2008,7.43,
12/17/2008,12,2008,6.42,
12/18/2008,12,2008,6.04,
12/19/2008,12,2008,8.85,
12/20/2008,12,2008,8.53,
12/21/2008,12,2008,8.43,
12/22/2008,12,2008,9.46,
12/23/2008,12,2008,9.28,
12/24/2008,12,2008,9.43,
12/25/2008,12,2008,10.54,
12/26/2008,12,2008,9.83,
12/27/2008,12,2008,9.23,
12/28/2008,12,2008,8.7,
12/29/2008,12,2008,8.76,
12/30/2008,12,2008,8.39,
12/31/2008,12,2008,8.63,
1/1/2009,1,2009,7.86,
1/2/2009,1,2009,7.55,
1/3/2009,1,2009,8.77,
1/4/2009,1,2009,8.61,
1/5/2009,1,2009,9.28,
1/6/2009,1,2009,9.41,
1/7/2009,1,2009,9.28,
1/8/2009,1,2009,8.79,0.3
1/9/2009,1,2009,9.22,
1/10/2009,1,2009,9.1,
1/11/2009,1,2009,9.16,
1/12/2009,1,2009,6.79,
1/13/2009,1,2009,6.37,
1/14/2009,1,2009,4.35,
1/15/2009,1,2009,5.49,
1/16/2009,1,2009,8.72,
1/17/2009,1,2009,8.36,
1/18/2009,1,2009,7.67,
1/19/2009,1,2009,8.32,
1/20/2009,1,2009,8.16,
1/21/2009,1,2009,7.43,
1/22/2009,1,2009,7.96,
1/23/2009,1,2009,8.36,
1/24/2009,1,2009,8.36,
1/25/2009,1,2009,8.2,
1/26/2009,1,2009,8.1,
1/27/2009,1,2009,7.67,
1/28/2009,1,2009,7.72,
1/29/2009,1,2009,7.61,
1/30/2009,1,2009,8.28,
1/31/2009,1,2009,8.72,
2/1/2009,2,2009,8.09,
2/2/2009,2,2009,8.01,
2/3/2009,2,2009,8.06,
2/4/2009,2,2009,7.37,0.2
2/5/2009,2,2009,6.21,
2/6/2009,2,2009,8.01,
2/7/2009,2,2009,8.37,
2/8/2009,2,2009,8.26,
2/9/2009,2,2009,8,
2/10/2009,2,2009,8.12,
2/11/2009,2,2009,8.1,
2/12/2009,2,2009,8.34,
2/13/2009,2,2009,4.44,
2/14/2009,2,2009,9,
2/15/2009,2,2009,8.75,
2/16/2009,2,2009,12.42,
2/17/2009,2,2009,15.62,
2/18/2009,2,2009,15.7,
2/19/2009,2,2009,15.02,
2/20/2009,2,2009,14.33,
2/21/2009,2,2009,14.77,
2/22/2009,2,2009,16.2,
2/23/2009,2,2009,14.94,
2/24/2009,2,2009,19.85,
2/25/2009,2,2009,20.63,
2/26/2009,2,2009,20.63,
2/27/2009,2,2009,20.61,
2/28/2009,2,2009,20.54,
3/1/2009,3,2009,20.61,
3/2/2009,3,2009,19.77,
3/3/2009,3,2009,20.52,
3/4/2009,3,2009,18.72,
3/5/2009,3,2009,20.55,
3/6/2009,3,2009,20.53,2.2
3/7/2009,3,2009,20.5,
3/8/2009,3,2009,19.65,
3/9/2009,3,2009,20.4,
3/10/2009,3,2009,20.27,
3/11/2009,3,2009,20.14,
3/12/2009,3,2009,19.26,
3/13/2009,3,2009,20.06,
3/14/2009,3,2009,19.88,
3/15/2009,3,2009,19.71,
3/16/2009,3,2009,19.71,
3/17/2009,3,2009,19.25,
3/18/2009,3,2009,19.46,
3/19/2009,3,2009,18.17,
3/20/2009,3,2009,18.96,
3/21/2009,3,2009,19.41,
3/22/2009,3,2009,18.34,
3/23/2009,3,2009,18.17,
3/24/2009,3,2009,11.2,
3/25/2009,3,2009,14.03,
3/26/2009,3,2009,13.82,
3/27/2009,3,2009,11.09,
3/28/2009,3,2009,7.33,
3/29/2009,3,2009,9.24,
3/30/2009,3,2009,9.3,
3/31/2009,3,2009,10.95,
4/1/2009,4,2009,9.49,
4/2/2009,4,2009,8.85,
4/3/2009,4,2009,7.29,
4/4/2009,4,2009,5.49,
4/5/2009,4,2009,6.14,
4/6/2009,4,2009,4.82,
4/7/2009,4,2009,5.92,
4/8/2009,4,2009,8.92,
4/9/2009,4,2009,10.87,2
4/10/2009,4,2009,10.94,
4/11/2009,4,2009,10.83,
4/12/2009,4,2009,10.95,
4/13/2009,4,2009,10.26,
4/14/2009,4,2009,10.11,
4/15/2009,4,2009,10.08,
4/16/2009,4,2009,9.89,
4/17/2009,4,2009,10.25,
4/18/2009,4,2009,11.69,
4/19/2009,4,2009,11.8,
4/20/2009,4,2009,10.34,
4/21/2009,4,2009,10.69,
4/22/2009,4,2009,10.66,
4/23/2009,4,2009,11.49,
4/24/2009,4,2009,14.01,
4/25/2009,4,2009,11.66,
4/26/2009,4,2009,11.95,
4/27/2009,4,2009,8.95,
4/28/2009,4,2009,3.24,
11/2/2009,11,2009,4.96,
11/3/2009,11,2009,15.58,
11/4/2009,11,2009,15.81,
11/5/2009,11,2009,9.34,
11/6/2009,11,2009,15.7,1.1
11/7/2009,11,2009,15.72,
11/8/2009,11,2009,15.82,
11/9/2009,11,2009,15.08,3.2
11/10/2009,11,2009,18.66,
11/11/2009,11,2009,18.88,
11/12/2009,11,2009,18.81,
11/13/2009,11,2009,18.81,
11/14/2009,11,2009,18.62,
11/15/2009,11,2009,18.61,
11/16/2009,11,2009,18.76,
11/17/2009,11,2009,18.62,
11/18/2009,11,2009,18.48,
11/19/2009,11,2009,18.59,
11/20/2009,11,2009,18.9,
11/21/2009,11,2009,18.91,
11/22/2009,11,2009,18.73,
11/23/2009,11,2009,18.72,
11/24/2009,11,2009,15.01,
11/25/2009,11,2009,15.8,
11/26/2009,11,2009,14.7,
11/27/2009,11,2009,14.63,
11/28/2009,11,2009,15.2,
11/29/2009,11,2009,16.33,
11/30/2009,11,2009,17.76,
12/1/2009,12,2009,17.22,
12/2/2009,12,2009,16.83,
12/3/2009,12,2009,17.51,4.3
12/4/2009,12,2009,16.86,
12/5/2009,12,2009,16.97,
12/6/2009,12,2009,16.45,
12/7/2009,12,2009,10.74,
12/8/2009,12,2009,5.49,
12/9/2009,12,2009,8.63,
12/10/2009,12,2009,11.36,
12/11/2009,12,2009,15.68,
12/12/2009,12,2009,19.08,
12/13/2009,12,2009,19.39,
12/14/2009,12,2009,16.08,
12/15/2009,12,2009,13.76,
12/16/2009,12,2009,12.84,
12/17/2009,12,2009,10.72,
12/18/2009,12,2009,9,
12/19/2009,12,2009,9,
12/20/2009,12,2009,8.79,
12/21/2009,12,2009,8.89,
12/22/2009,12,2009,8.82,
12/23/2009,12,2009,8.7,
12/24/2009,12,2009,8.63,
12/25/2009,12,2009,7.73,
12/26/2009,12,2009,8.12,
12/27/2009,12,2009,8.57,
12/28/2009,12,2009,8.55,
12/29/2009,12,2009,8.54,
12/30/2009,12,2009,8.93,
12/31/2009,12,2009,8.7,
1/1/2010,1,2010,8.36,
1/2/2010,1,2010,8.6,
1/3/2010,1,2010,8.55,
1/4/2010,1,2010,8.52,
1/5/2010,1,2010,7.26,
1/6/2010,1,2010,8.37,
1/7/2010,1,2010,8.33,
1/8/2010,1,2010,8.39,
1/9/2010,1,2010,8.33,
1/10/2010,1,2010,8.36,
1/11/2010,1,2010,8.43,
1/12/2010,1,2010,7.87,
1/13/2010,1,2010,7.12,
1/14/2010,1,2010,6.55,0.2
1/15/2010,1,2010,8.22,
1/16/2010,1,2010,7.97,
1/17/2010,1,2010,7.54,
1/18/2010,1,2010,8.41,
1/19/2010,1,2010,10.89,
1/20/2010,1,2010,17.4,
1/21/2010,1,2010,16.83,
1/22/2010,1,2010,17.36,
1/23/2010,1,2010,19.44,
1/24/2010,1,2010,19.23,
1/25/2010,1,2010,19.45,
1/26/2010,1,2010,19.86,
1/27/2010,1,2010,19.9,
1/28/2010,1,2010,19.92,
1/29/2010,1,2010,19.9,
1/30/2010,1,2010,19.87,
1/31/2010,1,2010,16.84,
2/1/2010,2,2010,19.79,
2/2/2010,2,2010,19.72,
2/3/2010,2,2010,19.68,
2/4/2010,2,2010,19.63,5.5
2/5/2010,2,2010,19.87,
2/6/2010,2,2010,19.84,
2/7/2010,2,2010,18.17,
2/8/2010,2,2010,18.3,
2/9/2010,2,2010,19.94,
2/10/2010,2,2010,19.93,
2/11/2010,2,2010,19.91,
2/12/2010,2,2010,19.87,
2/13/2010,2,2010,19.87,
2/14/2010,2,2010,19.78,
2/15/2010,2,2010,18.25,
2/16/2010,2,2010,19.66,
2/17/2010,2,2010,20.01,
2/18/2010,2,2010,20.23,
2/19/2010,2,2010,17.41,
2/20/2010,2,2010,15.7,
2/21/2010,2,2010,15.62,
2/22/2010,2,2010,15.08,
2/23/2010,2,2010,15.6,
2/24/2010,2,2010,15.28,
2/25/2010,2,2010,16.19,
2/26/2010,2,2010,16.06,
2/27/2010,2,2010,15.74,
2/28/2010,2,2010,15.44,
3/1/2010,3,2010,13.99,
3/2/2010,3,2010,12.81,
3/3/2010,3,2010,13.7,
3/4/2010,3,2010,15.06,
3/5/2010,3,2010,16.33,
3/6/2010,3,2010,16.15,
3/7/2010,3,2010,16.22,
3/8/2010,3,2010,16.02,
3/9/2010,3,2010,15.8,
3/10/2010,3,2010,16.09,
3/11/2010,3,2010,16.12,
3/12/2010,3,2010,16.03,
3/13/2010,3,2010,16.19,
3/14/2010,3,2010,15.35,
3/15/2010,3,2010,16.22,
3/16/2010,3,2010,19.6,
3/17/2010,3,2010,19.59,5.7
3/18/2010,3,2010,19.45,
3/19/2010,3,2010,19.37,
3/20/2010,3,2010,19.23,
3/21/2010,3,2010,19.1,
3/22/2010,3,2010,17.53,
3/23/2010,3,2010,15.27,
3/24/2010,3,2010,14.97,
3/25/2010,3,2010,14.26,
3/26/2010,3,2010,12.45,
3/27/2010,3,2010,12.28,
3/28/2010,3,2010,12.21,
3/29/2010,3,2010,12.27,
3/30/2010,3,2010,12.24,
3/31/2010,3,2010,14.47,
4/1/2010,4,2010,15.03,
4/2/2010,4,2010,14.4,
4/3/2010,4,2010,15.19,
4/4/2010,4,2010,15,
4/5/2010,4,2010,15.05,
4/6/2010,4,2010,15.4,
4/7/2010,4,2010,13.14,
4/8/2010,4,2010,12.56,
4/9/2010,4,2010,9.65,5.4
4/10/2010,4,2010,15.11,
4/11/2010,4,2010,14.87,
4/12/2010,4,2010,15.84,
4/13/2010,4,2010,14.76,
4/14/2010,4,2010,15.67,
4/15/2010,4,2010,15.77,
4/16/2010,4,2010,15.67,
4/17/2010,4,2010,15.58,
4/18/2010,4,2010,14.98,
4/19/2010,4,2010,15.5,
4/20/2010,4,2010,14.48,
4/21/2010,4,2010,13.62,
4/22/2010,4,2010,13.43,
4/23/2010,4,2010,14.12,
4/24/2010,4,2010,14.49,
4/25/2010,4,2010,11.95,
4/26/2010,4,2010,9.3,
4/27/2010,4,2010,5.5,
4/28/2010,4,2010,11.11,4.8
4/29/2010,4,2010,12.46,
4/30/2010,4,2010,6.73,
11/1/2010,11,2010,8.72,
11/2/2010,11,2010,17.79,
11/3/2010,11,2010,17.97,
11/4/2010,11,2010,18.37,1.8
11/5/2010,11,2010,18.5,
11/6/2010,11,2010,16.91,
11/7/2010,11,2010,19.52,
11/8/2010,11,2010,19.33,
11/9/2010,11,2010,18.87,
11/10/2010,11,2010,19.03,
11/11/2010,11,2010,18.79,
11/12/2010,11,2010,18.7,
11/13/2010,11,2010,18.59,
11/14/2010,11,2010,18.36,
11/15/2010,11,2010,18.53,
11/16/2010,11,2010,18.35,
11/17/2010,11,2010,18.23,
11/18/2010,11,2010,18.14,
11/19/2010,11,2010,18.29,
11/20/2010,11,2010,19.22,
11/21/2010,11,2010,19.8,
11/22/2010,11,2010,18.32,
11/23/2010,11,2010,19.43,
11/24/2010,11,2010,19.21,
11/25/2010,11,2010,18.86,
11/26/2010,11,2010,18.63,
11/27/2010,11,2010,19.05,
11/28/2010,11,2010,19.36,
11/29/2010,11,2010,19.17,
11/30/2010,11,2010,18.96,
12/1/2010,12,2010,18.86,
12/2/2010,12,2010,18.79,
12/3/2010,12,2010,19.01,
12/4/2010,12,2010,18.61,
12/5/2010,12,2010,11.96,
12/6/2010,12,2010,8.28,
12/7/2010,12,2010,7.9,
12/8/2010,12,2010,7.91,
12/9/2010,12,2010,10.77,0.1
12/10/2010,12,2010,15.15,
12/11/2010,12,2010,15.04,
12/12/2010,12,2010,15.52,
12/13/2010,12,2010,15.67,
12/14/2010,12,2010,16.95,
12/15/2010,12,2010,19.98,
12/16/2010,12,2010,19.59,
12/17/2010,12,2010,18.27,
12/18/2010,12,2010,20.6,
12/19/2010,12,2010,20.51,
12/20/2010,12,2010,18.57,
12/21/2010,12,2010,17.64,
12/22/2010,12,2010,18.22,
12/23/2010,12,2010,18.66,
12/24/2010,12,2010,18.36,
12/25/2010,12,2010,18.43,
12/26/2010,12,2010,18.66,
12/27/2010,12,2010,19.3,
12/28/2010,12,2010,20.37,
12/29/2010,12,2010,20.57,
12/30/2010,12,2010,20.67,
12/31/2010,12,2010,20.61,
1/1/2011,1,2011,20.68,
1/2/2011,1,2011,20.67,
1/3/2011,1,2011,20.56,
1/4/2011,1,2011,20.53,
1/5/2011,1,2011,20.64,
1/6/2011,1,2011,20.67,4.7
1/7/2011,1,2011,20.64,
1/8/2011,1,2011,20.56,
1/9/2011,1,2011,20.48,
1/10/2011,1,2011,20.42,
1/11/2011,1,2011,20.32,
1/12/2011,1,2011,19.33,
1/13/2011,1,2011,17.93,
1/14/2011,1,2011,17.34,
1/15/2011,1,2011,16.04,
1/16/2011,1,2011,16.11,
1/17/2011,1,2011,16.19,
1/18/2011,1,2011,14.26,
1/19/2011,1,2011,13.1,
1/20/2011,1,2011,13.05,
1/21/2011,1,2011,12.79,
1/22/2011,1,2011,12.89,
1/23/2011,1,2011,12.94,
1/24/2011,1,2011,12.23,
1/25/2011,1,2011,10.65,
1/26/2011,1,2011,10.37,
1/27/2011,1,2011,10.47,
1/28/2011,1,2011,10.29,
1/29/2011,1,2011,10.01,
1/30/2011,1,2011,10.9,
1/31/2011,1,2011,11.08,
2/1/2011,2,2011,10.76,
2/2/2011,2,2011,10.08,
2/3/2011,2,2011,9.35,
2/4/2011,2,2011,9.42,1
2/5/2011,2,2011,9.26,
2/6/2011,2,2011,9.18,
2/7/2011,2,2011,10.2,
2/8/2011,2,2011,11.3,
2/9/2011,2,2011,11.23,
2/10/2011,2,2011,11.16,
2/11/2011,2,2011,11.1,
2/12/2011,2,2011,10.99,
2/13/2011,2,2011,10.98,
2/14/2011,2,2011,11.01,
2/15/2011,2,2011,12.09,
2/16/2011,2,2011,12.16,
2/17/2011,2,2011,12.32,
2/18/2011,2,2011,12.32,
2/19/2011,2,2011,12.33,
2/20/2011,2,2011,12.33,
2/21/2011,2,2011,12.3,
2/22/2011,2,2011,12.32,
2/23/2011,2,2011,12.31,
2/24/2011,2,2011,12.76,
2/25/2011,2,2011,15.18,
2/26/2011,2,2011,15.81,
2/27/2011,2,2011,15.68,
2/28/2011,2,2011,15.83,
3/1/2011,3,2011,15.96,
3/2/2011,3,2011,15.89,
3/3/2011,3,2011,17.68,3.4
3/4/2011,3,2011,18.16,
3/5/2011,3,2011,18.09,
3/6/2011,3,2011,18.25,
3/7/2011,3,2011,18.99,
3/8/2011,3,2011,19.45,3.6
3/9/2011,3,2011,19.43,
3/10/2011,3,2011,19.38,
3/11/2011,3,2011,17.52,
3/12/2011,3,2011,15.94,
3/13/2011,3,2011,15.26,
3/14/2011,3,2011,16.23,
3/15/2011,3,2011,16.41,
3/16/2011,3,2011,16.48,
3/17/2011,3,2011,16.47,
3/18/2011,3,2011,18.64,
3/19/2011,3,2011,20.16,
3/20/2011,3,2011,20.23,
3/21/2011,3,2011,20.18,
3/22/2011,3,2011,20.24,
3/23/2011,3,2011,20.19,
3/24/2011,3,2011,20.23,
3/25/2011,3,2011,19.78,
3/26/2011,3,2011,20.01,
3/27/2011,3,2011,19.96,
3/28/2011,3,2011,20.38,
3/29/2011,3,2011,20.67,
3/30/2011,3,2011,20.12,
3/31/2011,3,2011,20.71,
4/1/2011,4,2011,20.63,
4/2/2011,4,2011,20.61,
4/3/2011,4,2011,20.55,
4/4/2011,4,2011,19.63,
4/5/2011,4,2011,20.45,
4/6/2011,4,2011,19.2,
4/7/2011,4,2011,20.39,6
4/8/2011,4,2011,20.36,
4/9/2011,4,2011,19.94,
4/10/2011,4,2011,19.66,
4/11/2011,4,2011,19.93,
4/12/2011,4,2011,19.83,
4/13/2011,4,2011,19.91,
4/14/2011,4,2011,19.93,
4/15/2011,4,2011,19.4,
4/16/2011,4,2011,19.83,
4/17/2011,4,2011,19.79,
4/18/2011,4,2011,19.83,
4/19/2011,4,2011,19.67,
4/20/2011,4,2011,18.52,
4/21/2011,4,2011,16.95,
4/22/2011,4,2011,12.64,
4/23/2011,4,2011,13.5,
4/24/2011,4,2011,14.08,
4/25/2011,4,2011,12.06,
4/26/2011,4,2011,10.69,
4/27/2011,4,2011,10.63,
4/28/2011,4,2011,11.8,
4/29/2011,4,2011,9.94,
4/30/2011,4,2011,3.48,
10/16/2011,10,2011,5.19,
10/17/2011,10,2011,9.29,
10/18/2011,10,2011,8.95,
10/19/2011,10,2011,8.3,0.1
10/20/2011,10,2011,8.83,
10/21/2011,10,2011,9.1,
10/22/2011,10,2011,8.88,
10/23/2011,10,2011,8.83,
10/24/2011,10,2011,9.09,
10/25/2011,10,2011,8.78,
10/26/2011,10,2011,8.93,
10/27/2011,10,2011,8.11,
10/28/2011,10,2011,8.03,
10/29/2011,10,2011,7.68,
10/30/2011,10,2011,7.85,
10/31/2011,10,2011,9.12,
11/1/2011,11,2011,12.78,
11/2/2011,11,2011,16.02,
11/3/2011,11,2011,16.39,0.1
11/4/2011,11,2011,18.79,
11/5/2011,11,2011,17.35,
11/6/2011,11,2011,17.35,
11/7/2011,11,2011,19.88,
11/8/2011,11,2011,18.84,
11/9/2011,11,2011,17.74,
11/10/2011,11,2011,18.75,
11/11/2011,11,2011,18.51,
11/12/2011,11,2011,18.71,
11/13/2011,11,2011,18.43,
11/14/2011,11,2011,18.77,
11/15/2011,11,2011,18.5,
11/16/2011,11,2011,18.66,
11/17/2011,11,2011,18.73,
11/18/2011,11,2011,18.35,
11/19/2011,11,2011,18.28,
11/20/2011,11,2011,19.39,
11/21/2011,11,2011,19.1,
11/22/2011,11,2011,18.91,
11/23/2011,11,2011,18.8,
11/24/2011,11,2011,18.02,
11/25/2011,11,2011,17.08,
11/26/2011,11,2011,15.69,
11/27/2011,11,2011,16.1,
11/28/2011,11,2011,15.63,
11/29/2011,11,2011,15.4,
11/30/2011,11,2011,15.21,
12/1/2011,12,2011,17.15,
12/2/2011,12,2011,15.92,
12/3/2011,12,2011,12.09,
12/4/2011,12,2011,14.34,
12/5/2011,12,2011,13.77,
12/6/2011,12,2011,13.91,
12/7/2011,12,2011,14.13,
12/8/2011,12,2011,14.15,2.8
12/9/2011,12,2011,13.38,
12/10/2011,12,2011,11.81,
12/11/2011,12,2011,10.28,
12/12/2011,12,2011,10.17,
12/13/2011,12,2011,10.06,
12/14/2011,12,2011,8.97,
12/15/2011,12,2011,9.12,
12/16/2011,12,2011,9.1,
12/17/2011,12,2011,8.72,
12/18/2011,12,2011,8,
12/19/2011,12,2011,8.51,
12/20/2011,12,2011,9.46,
12/21/2011,12,2011,9.45,
12/22/2011,12,2011,9.35,
12/23/2011,12,2011,9.16,
12/24/2011,12,2011,8.72,
12/25/2011,12,2011,8.31,
12/26/2011,12,2011,7.01,
12/27/2011,12,2011,7.16,
12/28/2011,12,2011,8.61,
12/29/2011,12,2011,8.75,
12/30/2011,12,2011,8.76,
12/31/2011,12,2011,8.86,
