Date,Month,Year,Flow,TSS ,NH3 ,NO3 ,NO2,PO4 ,OrthoP,OrgN
1/31/1957,1,1957,,159,,,,,,
2/28/1957,2,1957,,114,,,,,,
3/31/1957,3,1957,,251,,,,,,
4/30/1957,4,1957,,137,,,,,,
5/31/1957,5,1957,,97,,,,,,
6/30/1957,6,1957,,113,,,,,,
7/31/1957,7,1957,,100,,,,,,
8/31/1957,8,1957,,299,,,,,,
9/30/1957,9,1957,,167,,,,,,
10/31/1957,10,1957,,100,,,,,,
11/30/1957,11,1957,,121,,,,,,
12/31/1957,12,1957,,146,,,,,,
1/31/1958,1,1958,26.56,106,,,,,,
2/28/1958,2,1958,31.23,105,,,,,,
3/31/1958,3,1958,31.39,127,,,,,,
4/30/1958,4,1958,37.07,97,,,,,,
5/31/1958,5,1958,30.02,94,,,,,,
6/30/1958,6,1958,30.72,135,,,,,,
7/31/1958,7,1958,35.4,,,,,,,
8/31/1958,8,1958,50.7,153,,,,,,
9/30/1958,9,1958,46,77,,,,,,
10/31/1958,10,1958,38.5,92,,,,,,
11/30/1958,11,1958,31.68,,,,,,,
12/31/1958,12,1958,29.43,,,,,,,
1/31/1959,1,1959,27.53,,,,,,,
2/28/1959,2,1959,29.65,111,,,,,,
3/31/1959,3,1959,32.18,121,,,,,,
4/30/1959,4,1959,35.7,118,,,,,,
5/31/1959,5,1959,33,106,,,,,,
6/30/1959,6,1959,35.41,104,,,,,,
7/31/1959,7,1959,37.08,78,,,,,,
8/31/1959,8,1959,50.83,191,,,,,,
9/30/1959,9,1959,50.16,107,,,,,,
10/31/1959,10,1959,37.56,93,,,,,,
11/30/1959,11,1959,33.86,93,,,,,,
12/31/1959,12,1959,33.67,98,,,,,,
1/31/1960,1,1960,,118,,,,,,
2/29/1960,2,1960,,110,,,,,,
3/31/1960,3,1960,,91,,,,,,
4/30/1960,4,1960,,86,,,,,,
5/31/1960,5,1960,,77,,,,,,
6/30/1960,6,1960,,89,,,,,,
7/31/1960,7,1960,,101,,,,,,
8/31/1960,8,1960,,200,,,,,,
9/30/1960,9,1960,,97,,,,,,
10/31/1960,10,1960,,78,,,,,,
11/30/1960,11,1960,,110,,,,,,
12/31/1960,12,1960,,111,,,,,,
1/31/1961,1,1961,34.93,124,,,,,,
2/28/1961,2,1961,35.16,119,,,,,,
3/31/1961,3,1961,36.35,100,,,,,,
4/30/1961,4,1961,38.19,121,,,,,,
5/31/1961,5,1961,40.14,116,,,,,,
6/30/1961,6,1961,41.47,177,,,,,,
7/31/1961,7,1961,40.2,166,,,,,,
8/31/1961,8,1961,49.39,247,,,,,,
9/30/1961,9,1961,52.1,242,,,,,,
10/31/1961,10,1961,37.47,170,,,,,,
11/30/1961,11,1961,28.24,198,,,,,,
12/31/1961,12,1961,37.17,176,,,,,,
1/31/1962,1,1962,41.03,176,,,,,,
2/28/1962,2,1962,41.58,146,,,,,,
3/31/1962,3,1962,42.78,156,,,,,,
4/30/1962,4,1962,42.01,156,,,,,,
5/31/1962,5,1962,43.39,121,,,,,,
6/30/1962,6,1962,43.91,149,,,,,,
7/31/1962,7,1962,49.38,138,,,,,,
8/31/1962,8,1962,60,199,,,,,,
9/30/1962,9,1962,62.19,130,,,,,,
10/31/1962,10,1962,57.31,94,,,,,,
11/30/1962,11,1962,45.87,93,,,,,,
12/31/1962,12,1962,46.18,133,,,,,,
1/31/1963,1,1963,45.64,125,,,,,,
2/28/1963,2,1963,46,139,,,,,,
3/31/1963,3,1963,48,137,,,,,,
4/30/1963,4,1963,48.43,157,,,,,,
5/31/1963,5,1963,50.64,151,,,,,,
6/30/1963,6,1963,40.11,,,,,,,
7/31/1963,7,1963,47.89,105,,,,,,
8/31/1963,8,1963,61.62,212,,,,,,
9/30/1963,9,1963,65.36,129,,,,,,
10/31/1963,10,1963,55.7,127,,,,,,
11/30/1963,11,1963,46.73,140,,,,,,
12/31/1963,12,1963,44.55,141,,,,,,
1/31/1964,1,1964,49,130,,,,,,
2/29/1964,2,1964,48.6,232,,,,,,
3/31/1964,3,1964,54.6,62,,,,,,
4/30/1964,4,1964,50.3,53,,,,,,
5/31/1964,5,1964,53,,,,,,,
6/30/1964,6,1964,52.6,47,,,,,,
7/31/1964,7,1964,58.1,47,,,,,,
8/31/1964,8,1964,72.4,113,,,,,,
9/30/1964,9,1964,75.9,103,,,,,,
10/31/1964,10,1964,57.4,32,,,,,,
11/30/1964,11,1964,52.6,,,,,,,
12/31/1964,12,1964,53.2,36,,,,,,
1/31/1965,1,1965,56,27,13,,,,,6.0
2/28/1965,2,1965,52.4,32,17,,,,,7.0
3/31/1965,3,1965,56.4,35,19,,,,,7.0
4/30/1965,4,1965,52.4,33,15,,,,,6.0
5/31/1965,5,1965,53.7,22,13,,,,,5.0
6/30/1965,6,1965,52.1,28.6,12,,,,,6.0
7/31/1965,7,1965,59.8,43,14,,,,,6.0
8/31/1965,8,1965,78.6,53,4,,,,,7.0
9/30/1965,9,1965,82.9,30,2.6,,,,,5.0
10/31/1965,10,1965,64.3,15,3.5,,,,,4.0
11/30/1965,11,1965,59.5,25,15,,,,,5.0
12/31/1965,12,1965,58.9,43.8,24,,,,,7.0
1/31/1966,1,1966,57.3,54,24.5,,,,,7.8
2/28/1966,2,1966,54.8,56,25.7,,,,,8.3
3/31/1966,3,1966,57.3,62,32,,,,,10.4
4/30/1966,4,1966,56.2,54,26.6,,,,,7.2
5/31/1966,5,1966,55.9,62,24.6,,,,,7.4
6/30/1966,6,1966,59.5,47,19.5,,,,,6.4
7/31/1966,7,1966,63.6,52,11.9,,,,,6.4
8/31/1966,8,1966,78.6,115,6.7,,,,,11.3
9/30/1966,9,1966,77.8,125,6.4,,,,,11.5
10/31/1966,10,1966,64.3,58,9.6,,,,,6.4
11/30/1966,11,1966,59,74,24.7,,,,,7.3
12/31/1966,12,1966,61.1,36,26.4,,,,,5.8
1/31/1967,1,1967,69,49,20.8,,,,,6.2
2/28/1967,2,1967,65.7,39,27.8,,,,,7.0
3/31/1967,3,1967,70.3,32,25.5,,,,,5.9
4/30/1967,4,1967,71.2,18,24.9,,,,,4.7
5/31/1967,5,1967,64.9,30,22.5,,,,,5.4
6/30/1967,6,1967,62.7,40,22.9,,,,,6.3
7/31/1967,7,1967,69.4,37,22.3,,,,,6.9
8/31/1967,8,1967,78.9,64,10.3,,,,,9.5
9/30/1967,9,1967,90.2,68,5.1,,,,,9.1
10/31/1967,10,1967,78.2,33,4.8,,,,,5.8
11/30/1967,11,1967,70.5,41,11.2,,,,,6.0
12/31/1967,12,1967,65.8,82,24.3,,,,,10.4
1/31/1968,1,1968,72.1,32,31.4,,,,,6.3
2/29/1968,2,1968,70.2,34,28.9,,,,,6.0
3/31/1968,3,1968,71.6,61,28.1,,,,,9.5
4/30/1968,4,1968,71,65,28.9,,,,,9.0
5/31/1968,5,1968,67.4,53,14,,,,,7.7
6/30/1968,6,1968,72.4,38,9.9,,,,,6.5
7/31/1968,7,1968,78.2,123,4.3,,,,,10.3
8/31/1968,8,1968,97,272,4.8,,,,,22.6
9/30/1968,9,1968,91.4,191,14.2,,,,,18.1
10/31/1968,10,1968,77,28,5,,,,,5.9
11/30/1968,11,1968,60.5,40,3.8,,,,,7.0
12/31/1968,12,1968,57.7,125,15,,,,,12.0
1/31/1969,1,1969,67.5,104,17,,,,,10.3
2/28/1969,2,1969,87.4,112,20.9,,,,,10.2
3/31/1969,3,1969,69.8,65,24.6,,,,,8.5
4/30/1969,4,1969,69.7,33,25,,,,,6.5
5/31/1969,5,1969,68.8,28,24.1,,,,,5.3
6/30/1969,6,1969,72.1,33,23.1,,,,,7.2
7/31/1969,7,1969,75.8,57,14.9,,,,,8.4
8/31/1969,8,1969,90.7,106,3.6,,,,,10.5
9/30/1969,9,1969,93.8,77,12.1,,,,,10.0
10/31/1969,10,1969,74,27,23.1,,,,,5.1
11/30/1969,11,1969,76.8,32,28.8,,,,,5.6
12/31/1969,12,1969,70.1,33,24.8,,,,,5.8
1/31/1970,1,1970,73,48,22.7,,,,,6.8
2/28/1970,2,1970,69,39,22.6,,,,,7.5
3/31/1970,3,1970,74.5,43,21.1,,,,,7.9
4/30/1970,4,1970,70.9,37,22.8,,,,,6.8
5/31/1970,5,1970,67,26,23.8,,,,,5.8
6/30/1970,6,1970,68.4,25,21.7,,,,,5.4
7/31/1970,7,1970,78,38,12.4,,,,,5.8
8/31/1970,8,1970,84.9,45,6.4,,,,,4.1
9/30/1970,9,1970,84.4,64,17.9,,,,,
10/31/1970,10,1970,71.5,39,21.9,,,,,
11/30/1970,11,1970,75.2,34,23.8,,,,,
12/31/1970,12,1970,77.8,34,26.6,,,,,
1/31/1971,1,1971,76.4,41,26.1,,,,,7.5
2/28/1971,2,1971,75.3,25,26.3,,,,,6.3
3/31/1971,3,1971,78.1,24,24.7,,,,,5.2
4/30/1971,4,1971,79.3,82,24.7,,,,,8.1
5/31/1971,5,1971,77.6,50,23.1,,,,,7.3
6/30/1971,6,1971,77.2,31,24,,,,,5.8
7/31/1971,7,1971,84,83,18.2,,,,,10.2
8/31/1971,8,1971,97.6,79,12,,,,,8.8
9/30/1971,9,1971,101.9,106,11.8,,,,,5.1
10/31/1971,10,1971,82.7,55,21.6,,,,,7.4
11/30/1971,11,1971,71.4,54,25.2,,,,,8.2
12/31/1971,12,1971,77.4,59,26.9,,,,,8.6
1/31/1972,1,1972,76.7,64,29.7,,,,,11.1
2/29/1972,2,1972,76.3,40,31.6,,,,,7.6
3/31/1972,3,1972,79.3,36,29.5,,,,,6.8
4/30/1972,4,1972,78.3,45,27.3,,,,,6.9
5/31/1972,5,1972,75.4,46,27.4,,,,,6.9
6/30/1972,6,1972,81.5,70,24.9,,,,,9.6
7/31/1972,7,1972,83.7,94,22.2,,,,,11.2
8/31/1972,8,1972,97,187,10.4,,,,,18.8
9/30/1972,9,1972,93.7,122,19.1,,,,,12.4
10/31/1972,10,1972,84.8,51,23.4,,,,,7.6
11/30/1972,11,1972,84.4,39,26.4,,,,,6.4
12/31/1972,12,1972,77.9,38,27.8,,,,,7.0
1/31/1973,1,1973,85.3,48,27.5,,,,,7.6
2/28/1973,2,1973,88.7,56,25.1,,,,,8.5
3/31/1973,3,1973,81.6,31,12.9,,,,,3.4
4/30/1973,4,1973,75.6,63,10.9,,,,,4.4
5/31/1973,5,1973,73.4,68,10.8,,,,,4.3
6/30/1973,6,1973,81.5,26,20.6,,,,,6.3
7/31/1973,7,1973,86.6,33,18.5,,,,,6.3
8/31/1973,8,1973,94.9,70,18.5,,,,,6.3
9/30/1973,9,1973,98.3,124,8.1,,,,,12.2
10/31/1973,10,1973,92.1,67,9,,,,,4.4
11/30/1973,11,1973,76.7,39,23.8,,,,,5.3
12/31/1973,12,1973,79,41,12.1,,,,,2.6
1/31/1974,1,1974,77.2,39,22.8,,,22,,5.7
2/28/1974,2,1974,75.8,39,27.6,,,25,,7.0
3/31/1974,3,1974,81.5,36,26.7,,,25,,6.1
4/30/1974,4,1974,82.4,24,23.6,,,23,,4.7
5/31/1974,5,1974,75.7,20,20.7,,,22,,3.9
6/30/1974,6,1974,79.7,33,19.2,,,26,,7.2
7/31/1974,7,1974,85.8,48,19.9,,,12,,5.1
8/31/1974,8,1974,96.7,94,4.3,,,17,,10.0
9/30/1974,9,1974,96.5,148,8.5,,,17,,13.5
10/31/1974,10,1974,80.8,30,20.8,,,15,,5.8
11/30/1974,11,1974,76.1,25,23.5,,,24,,4.4
12/31/1974,12,1974,76.9,25,24.2,,,27,,5.4
1/31/1975,1,1975,82.5,34,26.8,1,,28.5,,6.8
2/28/1975,2,1975,84,24,22.1,1.3,2.3,24.2,,4.8
3/31/1975,3,1975,92.9,20,19.6,1.2,,26,,5.0
4/30/1975,4,1975,90.5,24,22.2,1.1,0.9,24.5,,5.1
5/31/1975,5,1975,87.1,21,20.5,2.1,1.1,25,,4.5
6/30/1975,6,1975,82.9,22,19.1,2.2,1.7,20.5,,4.5
7/31/1975,7,1975,91,30,12,2.4,1.2,20.5,,4.9
8/31/1975,8,1975,109.1,27,7,0.8,0.4,8.5,,4.7
9/30/1975,9,1975,119.8,28,14.6,0.5,1,10.7,,6.6
10/31/1975,10,1975,100.7,20,11.8,4.2,2.7,24.3,,5.4
11/30/1975,11,1975,84.2,19,18.5,2.2,1.5,25,,5.2
12/31/1975,12,1975,84,18,20.6,1.2,1.4,30.2,,4.8
1/31/1976,1,1976,85.7,26,18.6,2.6,1.3,26,,5.7
2/29/1976,2,1976,80.6,24,18.6,4.7,0.8,22.7,,4.1
3/31/1976,3,1976,89.2,21,17.4,5,1,22.5,,3.8
4/30/1976,4,1976,84.1,17,15.6,3.4,1.6,25.5,,3.6
5/31/1976,5,1976,84.7,19,18,2.9,3.8,25,,3.8
6/30/1976,6,1976,86.5,18,8.7,8.1,4.1,27.8,,4.1
7/31/1976,7,1976,88.1,21,8.1,8.7,1.6,25.8,,3.9
8/31/1976,8,1976,106.5,39,8.1,2.5,1,9,,5.0
9/30/1976,9,1976,105.1,32,8.7,6.1,1.6,25.1,,4.7
10/31/1976,10,1976,88,20,7.5,7.3,1.4,26.3,,3.2
11/30/1976,11,1976,84.1,30,14.4,5,0.8,20.2,,4.1
12/31/1976,12,1976,82.4,23,18,3.2,0.6,19.2,,3.5
1/31/1977,1,1977,81.8,23,18.4,3.2,0.6,23,,4.0
2/28/1977,2,1977,75.3,26,20.3,5.5,1.6,21.5,,3.9
3/31/1977,3,1977,75.8,25,17.5,5.2,0.6,23.8,,4.5
4/30/1977,4,1977,70.5,28,20.7,4.7,0.3,20,,5.2
5/31/1977,5,1977,72.9,21,18.9,1,1.3,22.7,,3.9
6/30/1977,6,1977,72.8,17,13.1,5,0.9,8.1,,3.2
7/31/1977,7,1977,74.4,27,15.6,4,1.7,15.5,,5.0
8/31/1977,8,1977,87.1,53,15,1.5,1.4,14.2,,7.9
9/30/1977,9,1977,86,26,15.1,3.7,1.8,10.8,,4.4
10/31/1977,10,1977,77.9,23,16,10,2.9,31.8,,4.2
11/30/1977,11,1977,70.6,44,10.9,9.5,1.7,28.5,,4.7
12/31/1977,12,1977,77,83,13.8,3.3,1.1,24.7,,7.2
1/31/1978,1,1978,88.6,40,14.9,5.3,1.8,17.6,,4.0
2/28/1978,2,1978,84.2,48,16.1,3.8,0.9,19.5,,4.7
3/31/1978,3,1978,88,41,18.8,2.3,0.2,18.5,,6.0
4/30/1978,4,1978,86.8,20,25.9,2.1,0.7,20.1,,4.1
5/31/1978,5,1978,84.9,16,22.8,0.9,2.4,16.9,,3.6
6/30/1978,6,1978,86.1,20,16.8,2.3,1.8,17.1,,3.9
7/31/1978,7,1978,97.6,26,15.2,,,18.1,,3.9
8/31/1978,8,1978,112,37,10.7,2.3,0.5,10.2,,5.4
9/30/1978,9,1978,108.9,57,15.6,3.9,1,23.3,,6.6
10/31/1978,10,1978,93.4,21,21,4,0.7,24.3,,3.8
11/30/1978,11,1978,89.4,22,22.7,4.4,0.2,21,,4.1
12/31/1978,12,1978,83.5,21,22.6,,0.2,32,,3.3
1/31/1979,1,1979,91.4,15.2,26.6,2.1,,23.1,,3.1
2/28/1979,2,1979,93.4,10.1,18.8,6.8,,21.9,,2.7
3/31/1979,3,1979,99.9,9.3,1.8,24,,21.9,,2.0
4/30/1979,4,1979,94.7,5.9,0.4,17.2,,19.4,,2.1
5/31/1979,5,1979,97,2.3,0.6,18.6,,14.8,,1.7
6/30/1979,6,1979,92.3,3.9,0.3,22.6,,9.7,,1.8
7/31/1979,7,1979,104.4,5.5,0.9,17.9,0.02,16.2,,2.0
8/31/1979,8,1979,122,7.4,0.1,12.7,0.02,8.7,,2.2
9/30/1979,9,1979,122.1,76,4.9,8.3,0.35,23.9,,10.2
10/31/1979,10,1979,106.3,2.2,0.2,23.5,0.02,23.7,,1.5
11/30/1979,11,1979,104.1,1.5,0.3,21.4,0.021,19.1,,0.6
12/31/1979,12,1979,95.2,1.6,0.3,20.3,0.018,21,,1.1
1/31/1980,1,1980,97.8,1.6,0.1,20,0.015,14,,1.2
2/29/1980,2,1980,110.7,1.6,0.1,18,0.013,13.9,,1.3
3/31/1980,3,1980,107,1.5,0.1,15.7,0.016,16.1,,1.3
4/30/1980,4,1980,97.9,1.9,0.1,16.2,0.017,15.7,,1.3
5/31/1980,5,1980,97.4,1.7,0.1,14.9,0.02,14.5,,1.3
6/30/1980,6,1980,101.4,1,0.1,15.8,0.013,16,,1.2
7/31/1980,7,1980,105.1,2,0.1,11,0.014,10,,1.3
8/31/1980,8,1980,120.5,55.5,1.1,5.7,0.036,4.9,,2.6
9/30/1980,9,1980,121.7,1.4,0.1,10.1,0.008,14.9,,1.5
10/31/1980,10,1980,106.1,1,0.1,16.1,0.013,25,,1.3
11/30/1980,11,1980,101.7,0.7,0.2,22.1,0.011,24.7,,1.0
12/31/1980,12,1980,99.7,1.2,0.9,21.1,0.031,19.7,,1.3
1/31/1981,1,1981,105,0.9,0.5,18.1,0.011,14.6,,1.4
2/28/1981,2,1981,100,0.8,0.3,18.3,,12.4,,1.5
3/31/1981,3,1981,103,1.6,0.1,17.9,0.006,16.2,,1.6
4/30/1981,4,1981,101,3,0.2,15.8,0.009,16.9,,1.5
5/31/1981,5,1981,103,0.7,1.5,16.8,0.044,23.1,,1.4
6/30/1981,6,1981,103,2.8,1.7,17.2,0.032,23.8,,1.9
7/31/1981,7,1981,104,1.2,0.2,18.1,0.011,25.9,,1.5
8/31/1981,8,1981,109,1.7,0.1,12.8,0.022,15.2,,1.7
9/30/1981,9,1981,103,1.6,0.1,13.4,0.009,22.3,,2.5
10/31/1981,10,1981,101,1.6,0.1,15.7,0.003,17.1,,1.5
11/30/1981,11,1981,101,1.3,0.1,16.7,0.005,19.6,,0.9
12/31/1981,12,1981,97,0.6,0.1,14.9,0.001,19.8,,1.3
1/31/1982,1,1982,109,1.1,0.1,15.7,0.002,17.5,,1.4
2/28/1982,2,1982,108,1.6,0.1,19.4,0.004,19.8,,1.6
3/31/1982,3,1982,114,1.6,0.1,20.7,0.003,19.9,,1.6
4/30/1982,4,1982,114,1.5,0.1,18.1,0.003,18.4,,1.6
5/31/1982,5,1982,110,0.8,0.1,19.9,0.003,21.2,,1.6
6/30/1982,6,1982,108,0.8,0.1,16.3,0.026,21.7,,1.4
7/31/1982,7,1982,106,1.5,0.1,15.8,0.005,19.8,,1.5
8/31/1982,8,1982,112,1.8,0.1,13.9,0.002,21.2,,1.5
9/30/1982,9,1982,116,1.6,0.4,11.6,,25.3,,1.0
10/31/1982,10,1982,111,1.7,1,15.6,,25.3,,1.1
11/30/1982,11,1982,108,1.3,1.3,15.3,0.3,19.3,,1.3
12/31/1982,12,1982,107,2.6,1.2,14.2,0.4,18.2,,1.5
1/31/1983,1,1983,120,3.9,1.2,15.5,0.3,16.1,,1.4
2/28/1983,2,1983,125,3.1,1.3,16.6,0.1,16.7,,1.9
3/31/1983,3,1983,140,2,1.1,17.1,0,16.7,,1.8
4/30/1983,4,1983,125,1.9,1.3,17.8,0.2,17.6,,1.7
5/31/1983,5,1983,123,1.6,1.6,20.4,0.3,18.3,,2.5
6/30/1983,6,1983,116,1.8,0.8,16.9,0.4,12.7,,1.3
7/31/1983,7,1983,113,1.8,0.7,18.2,0.4,19.7,,1.6
8/31/1983,8,1983,119,1.9,0.7,11.6,0.4,6.2,,1.5
9/30/1983,9,1983,116,2.2,0.8,15.1,0.4,9.9,,1.5
10/31/1983,10,1983,109,2.2,1,15.6,0.4,7.9,,1.7
11/30/1983,11,1983,112,2.4,1,15.3,0.3,15.8,,1.8
12/31/1983,12,1983,117,1.2,1,15,0.3,15.4,,1.6
1/31/1984,1,1984,117,1.9,1.3,18.1,0.1,19.5,,1.5
2/29/1984,2,1984,111,2.4,0.9,19,0.4,17.8,,1.8
3/31/1984,3,1984,115,1.9,0.9,19.6,0.3,17.7,,2.3
4/30/1984,4,1984,116,2.2,1,18.5,0.2,19,,1.9
5/31/1984,5,1984,114,2.1,1.1,18,0.2,20.1,,1.5
6/30/1984,6,1984,114,1.9,1.5,16,0.1,18.1,,1.4
7/31/1984,7,1984,117,4.4,1.1,10.7,0.2,11.7,,1.7
8/31/1984,8,1984,120,1.5,1.4,13.1,0.1,16.4,,1.4
9/30/1984,9,1984,115,1.1,1.2,13.6,,17.2,,1.3
10/31/1984,10,1984,111,1.4,1.3,14.9,0.1,21.9,,1.6
11/30/1984,11,1984,112,1.8,1.3,16.4,0.1,16.3,,1.9
12/31/1984,12,1984,111,2,1.5,20,0.1,26.1,,1.2
1/31/1985,1,1985,111,2,1.4,19.6,0.1,18.5,,1.6
2/28/1985,2,1985,116,1.8,1.8,19.4,0.1,22.3,,1.3
3/31/1985,3,1985,114,1.8,1.6,20.4,0.1,21.9,,1.3
4/30/1985,4,1985,111,1.2,1.8,19.9,0.1,19.5,,0.8
5/31/1985,5,1985,115,2.1,1.9,16.2,0.1,20.8,,1.5
6/30/1985,6,1985,118,2.2,1.5,17.6,0.1,18.1,,1.1
7/31/1985,7,1985,118,1.1,1.5,13.7,0.1,17.3,,1.4
8/31/1985,8,1985,120,2.1,1.5,15.9,0.1,14,,2.0
9/30/1985,9,1985,118,1.2,1.7,16.4,0.1,14.4,,1.5
10/31/1985,10,1985,116,1.2,1.8,18.1,0.1,18.8,,0.9
11/30/1985,11,1985,115,1.3,1.8,22.4,0.2,20.9,,1.3
12/31/1985,12,1985,114,0.9,1.9,24.8,0.1,19.1,,1.0
1/31/1986,1,1986,115,1.1,1.7,22.5,0.1,15.6,,0.8
2/28/1986,2,1986,132,1,1.6,16.6,0.1,11.2,,1.2
3/31/1986,3,1986,130,0.7,1.5,15.7,0.1,14.5,,1.1
4/30/1986,4,1986,120,1,1.6,16.1,0.1,13.5,,1.1
5/31/1986,5,1986,119,0.9,1.8,16.1,0.1,12.7,,0.9
6/30/1986,6,1986,120,1.2,1.8,16.5,0.1,18.2,,1.3
7/31/1986,7,1986,122,1.5,1.8,13.2,0,15.2,,1.2
8/31/1986,8,1986,122,0.8,1.8,12.4,0.1,12.3,,0.9
9/30/1986,9,1986,121,1.1,1.7,17.3,0.2,16.9,,1.2
10/31/1986,10,1986,118,0.7,1.9,19,0.1,10.4,,2.8
11/30/1986,11,1986,117,1,2,20.9,0.1,15.8,,1.1
12/31/1986,12,1986,117,1.1,1.9,19,0.2,18.7,,0.8
1/31/1987,1,1987,118,2.3,1.8,19,0.2,9.3,,2.0
2/28/1987,2,1987,119,1.3,1.8,16.8,0.2,10.7,,1.5
3/31/1987,3,1987,119,1.3,1.9,18.2,0.1,12.4,,1.9
4/30/1987,4,1987,118,1.1,1.6,18.2,0,15.4,,1.5
5/31/1987,5,1987,118,0.7,2,19,0.1,11.6,,2.1
6/30/1987,6,1987,121,1.3,2.1,17.7,0.1,10.9,,1.1
7/31/1987,7,1987,123,0.8,2.1,15.8,0.1,19.3,,1.1
8/31/1987,8,1987,126,1.5,2,13.3,0,7.8,,1.4
9/30/1987,9,1987,124,1.1,1.4,17,0,17.1,,1.2
10/31/1987,10,1987,121,1.5,2.1,21.3,0,14.9,,0.2
11/30/1987,11,1987,118,1.2,2.1,20,0.2,13.5,,1.5
12/31/1987,12,1987,118,1.3,0.7,21.8,0.1,11.3,,1.6
1/31/1988,1,1988,121,1.3,1.2,21.2,0.1,24.8,,2.1
2/29/1988,2,1988,119,0.8,1.2,22.3,0.1,20.1,,0.4
3/31/1988,3,1988,121,1.2,0.1,22.8,0,19.6,,1.5
4/30/1988,4,1988,120,1.1,0.1,21.9,0,19,,0.6
5/31/1988,5,1988,117,1.3,1.6,18.6,0.1,11.3,,0.8
6/30/1988,6,1988,118,1,2,16.1,0.1,19.2,,2.6
7/31/1988,7,1988,118,1.2,1.8,15.6,0.1,10.9,,1.9
8/31/1988,8,1988,122,1.3,2,14.5,0.1,12.8,,1.5
9/30/1988,9,1988,119,0.9,1.9,19.3,0.1,18.5,,0.1
10/31/1988,10,1988,115,1.1,2,20,0.1,20.4,,1.5
11/30/1988,11,1988,115,1,2,20.6,0.1,17.4,,0.5
12/31/1988,12,1988,115,1.9,2.1,22.9,0.1,15.3,,1.2
1/31/1989,1,1989,116,1.6,2.1,19.9,0.1,17,,1.5
2/28/1989,2,1989,114,1.3,2.1,21.2,0.1,17.2,,0.9
3/31/1989,3,1989,111,1.5,1.7,21.1,0.1,16.3,,0.6
4/30/1989,4,1989,109,1.4,1,20,,17.1,,0.5
5/31/1989,5,1989,108,0.9,1.5,19.3,,14.7,,0.3
6/30/1989,6,1989,109,0.9,1.8,18.4,,17.9,,0.5
7/31/1989,7,1989,110,1.1,1.6,12.9,,8.9,,1.3
8/31/1989,8,1989,112,1.4,1,12,,9.3,,1.9
9/30/1989,9,1989,112,1,1.8,14.8,,22.7,,2.1
10/31/1989,10,1989,111,0.9,1.6,14.6,,20.6,,2.7
11/30/1989,11,1989,106,1.3,1.7,18.5,,18,,1.8
12/31/1989,12,1989,107,0.8,1.7,20.4,,20,,4.6
1/31/1990,1,1990,111,1.3,1.7,18.7,,19.5,,1.5
2/28/1990,2,1990,113,1.1,1.7,21.8,,17.6,,2.7
3/31/1990,3,1990,113,0.8,1.6,18.5,,18.2,,0.8
4/30/1990,4,1990,109,1.4,1.9,17.5,,16.5,,1.3
5/31/1990,5,1990,107,1,1.6,18.9,,12.7,,0.9
6/30/1990,6,1990,104,0.8,1.6,19.4,,13.1,,1.0
7/31/1990,7,1990,102,0.8,1.3,13.8,,11.5,,0.3
8/31/1990,8,1990,104,1.2,1.3,13,,8.1,,0.4
9/30/1990,9,1990,103,1.1,1.4,11.3,,14.8,,0.5
10/31/1990,10,1990,101,1,1.4,20.8,,17.4,,0.4
11/30/1990,11,1990,100,0.8,1.3,24.2,,18.2,,0.4
12/31/1990,12,1990,100,0.8,1.3,19.7,,15.9,,
1/31/1991,1,1991,101,2,1.4,22.7,,17.9,,0.6
2/28/1991,2,1991,99,1.8,1.6,21.2,,18.9,,0.4
3/31/1991,3,1991,105,1.1,1.6,18.4,,10.7,,0.5
4/30/1991,4,1991,99,1.8,1.6,23.3,,12.3,,0.4
5/31/1991,5,1991,97,1.2,1.9,21.1,,16,,0.6
6/30/1991,6,1991,99,1.1,1.8,19.1,,12.3,,0.7
7/31/1991,7,1991,98,1.2,1.7,13.5,,11.7,,0.3
8/31/1991,8,1991,101,2,1.7,10.1,,9.7,,0.4
9/30/1991,9,1991,102,1.9,1.8,11.6,,9,,0.4
10/31/1991,10,1991,100,1.8,1.7,13.5,,14.2,,0.3
11/30/1991,11,1991,99,1.5,1.7,14,,16,,0.7
12/31/1991,12,1991,99,1.3,2,15.8,,14,,
1/31/1992,1,1992,102,1.4,1.9,14.6,,12.6,,0.5
2/29/1992,2,1992,112,1.5,1.8,15.5,,14.5,,0.4
3/31/1992,3,1992,108,1,1.6,16.6,,15.1,,0.5
4/30/1992,4,1992,103,1.1,1.8,16.9,,19.3,,0.4
5/31/1992,5,1992,102,1.2,1.6,22.1,,10.3,,0.5
6/30/1992,6,1992,101,1.1,1.5,21.1,,14.5,,0.5
7/31/1992,7,1992,101,1.4,1.6,14,,10.1,,0.5
8/31/1992,8,1992,101,0.9,1.6,14.8,,7,,0.4
9/30/1992,9,1992,100,0.8,1.6,18.8,,16.7,,0.3
10/31/1992,10,1992,100,1,1.6,20.5,,14.2,,0.4
11/30/1992,11,1992,105,1.1,1.5,19.5,,10.5,,0.6
12/31/1992,12,1992,106,0.9,1.6,20.9,,11.6,,0.5
1/31/1993,1,1993,121,1.5,1.6,18,,11.1,,0.4
2/28/1993,2,1993,123,1.3,1.5,19.5,,13,,0.4
3/31/1993,3,1993,124,0.9,1.6,21.2,,12.6,,0.4
4/30/1993,4,1993,119,1.2,1.7,18.4,,10.7,,0.5
5/31/1993,5,1993,116,1.1,1.4,17.1,,7.7,,0.9
6/30/1993,6,1993,113,1.1,1.4,18.6,,6.6,,0.5
7/31/1993,7,1993,111,1.4,1.4,24.7,,5.9,,0.5
8/31/1993,8,1993,114,1.2,1.4,13.4,,5.6,,0.4
9/30/1993,9,1993,111,1,1.5,12.7,,5.5,,0.3
10/31/1993,10,1993,109,0.9,1.6,12.4,,4.9,,0.3
11/30/1993,11,1993,109,0.8,1.6,16.9,,4.9,,0.3
12/31/1993,12,1993,110,0.8,1.7,24.8,,5.2,,0.3
1/31/1994,1,1994,110,0.8,1.7,22.2,,4.4,,0.4
2/28/1994,2,1994,116,1.2,1.6,17,,5.4,,0.4
3/31/1994,3,1994,113,0.9,1.3,16.1,,4.6,,0.6
4/30/1994,4,1994,113,0.8,1.6,18.8,,5.4,,0.4
5/31/1994,5,1994,114,0.8,1.2,18.2,,4.3,,0.3
6/30/1994,6,1994,113,0.9,1.3,15.5,,5.3,,0.2
7/31/1994,7,1994,113,1,1.1,14,,8,,0.4
8/31/1994,8,1994,115,0.8,1,11.5,,3,,0.5
9/30/1994,9,1994,115,0.9,1,12.2,,5.3,,0.4
10/31/1994,10,1994,112,0.9,1.1,13.8,,4.3,,0.3
11/30/1994,11,1994,113,0.6,1.1,14.8,,7.9,,0.3
12/31/1994,12,1994,113,0.8,1.1,18.6,,8.6,,0.4
1/31/1995,1,1995,137,1.1,1.1,18.6,,2.9,,0.4
2/28/1995,2,1995,125,0.8,0.8,19.7,,10.5,,0.3
3/31/1995,3,1995,146,1.6,1.1,17.9,,8.7,,0.2
4/30/1995,4,1995,127,0.6,1.1,14.5,,7.5,,0.2
5/31/1995,5,1995,123,0.7,1.1,15,,7.6,,0.6
6/30/1995,6,1995,123,0.5,1.1,13.6,,6,,0.4
7/31/1995,7,1995,121,0.7,1.1,12.8,,5,,0.2
8/31/1995,8,1995,129,1,1.2,10,,4.2,,0.3
9/30/1995,9,1995,126,1.2,1.1,13.9,,5.9,,0.2
10/31/1995,10,1995,124,0.9,1.1,12.7,,5.5,,0.4
11/30/1995,11,1995,124,1.2,1.1,16.3,,8.7,,0.2
12/31/1995,12,1995,128,0.9,1,15.4,,6.4,,0.4
1/31/1996,1,1996,130,1.1,0.9,16.4,,4.7,,0.2
2/29/1996,2,1996,145,1,0.9,20.2,,5.2,,0.6
3/31/1996,3,1996,142,1.1,0.9,19.3,,7.1,,0.4
4/30/1996,4,1996,134,1,0.9,17.9,,4,,0.4
5/31/1996,5,1996,133,0.9,1,15.9,,5.2,,0.3
6/30/1996,6,1996,133,1.2,1,15.8,,8.4,,0.5
7/31/1996,7,1996,132,1,0.9,15.3,,6.2,,0.5
8/31/1996,8,1996,134,0.9,1,13.4,,4.8,,0.3
9/30/1996,9,1996,132,0.9,0.9,15.5,,5.3,,0.5
10/31/1996,10,1996,130,1.9,1.1,18.6,,5.8,,0.6
11/30/1996,11,1996,131,1.1,1.1,22.9,,5.8,,0.4
12/31/1996,12,1996,128,1.1,1,14.6,,5.4,,0.4
1/31/1997,1,1997,161,1.4,1,15.2,,5,,0.4
2/28/1997,2,1997,148,1.1,1.2,14.1,,4.8,,0.5
3/31/1997,3,1997,140,1.1,1.2,15.6,,6.7,,0.4
4/30/1997,4,1997,138,1,1.1,15.5,,5.8,,0.3
5/31/1997,5,1997,134,1.3,1,13.3,,5.2,,0.7
6/30/1997,6,1997,134,1.1,1,12.3,,4,,0.4
7/31/1997,7,1997,134,1,1,12.1,,4.3,,0.4
8/31/1997,8,1997,137,1,0.8,7.8,,3,,0.4
9/30/1997,9,1997,135,1.2,0.9,6,,4.2,,0.5
10/31/1997,10,1997,130,1,0.9,7,,4.1,,0.5
11/30/1997,11,1997,133,1,0.9,8.4,,4.3,,0.5
12/31/1997,12,1997,135,1.1,1,8.3,,8,,0.5
1/31/1998,1,1998,141,1.4,1,9.9,,5,,0.5
2/28/1998,2,1998,170,7,1.2,12.3,,9,,0.6
3/31/1998,3,1998,150,3,1.3,9,,3,,0.5
4/30/1998,4,1998,144,2,1.1,7.9,,4,,0.6
5/31/1998,5,1998,141,1,0.7,8.2,,4,,0.5
6/30/1998,6,1998,137,1,0.8,6.6,,4,,0.5
7/31/1998,7,1998,126,1,0.9,5.5,,2,,0.5
8/31/1998,8,1998,119.2,1,1.2,5,,3.5,,0.4
9/30/1998,9,1998,117.6,1,1.1,5.6,,1.2,,0.4
10/31/1998,10,1998,116.9,2,1.1,7.2,,1.9,,0.4
11/30/1998,11,1998,115.8,2,1.2,7.6,,3.4,,0.4
12/31/1998,12,1998,116.7,2,1.8,4.8,,6.3,,0.2
1/31/1999,1,1999,117.5,2,1.4,8,,3.8,,0.5
2/28/1999,2,1999,122.1,2,1.1,10.9,,6,,0.9
3/31/1999,3,1999,117,2,1.1,10.1,,4.6,,0.7
4/30/1999,4,1999,111.5,2,1,9.6,,2.6,,0.7
5/31/1999,5,1999,129.8,2,1.3,9.7,,13,,0.6
6/30/1999,6,1999,127.1,2,0.5,8.1,,4.7,,0.5
7/31/1999,7,1999,122.8,2,1.2,7.5,,1.3,,0.5
8/31/1999,8,1999,119.8,1,1.2,5.4,,0.8,,0.7
9/30/1999,9,1999,116.6,1,1.2,6.6,,0.3,,0.6
10/31/1999,10,1999,111.9,1,1.3,8.1,,1.1,,0.6
11/30/1999,11,1999,123.1,2,0.9,8.6,,1.1,,0.6
12/31/1999,12,1999,122.4,2,1.1,9.8,,1.7,,0.8
1/31/2000,1,2000,130.7,2,1.4,11,,8.1,,0.7
2/29/2000,2,2000,143.4,2,1.4,10.6,,4.6,,0.3
3/31/2000,3,2000,140.5,2,1.1,9.8,,8.6,,0.8
4/30/2000,4,2000,128.2,2,1,8.2,,2.7,,1.0
5/31/2000,5,2000,127.2,2,1.1,9.6,,2.9,,1.3
6/30/2000,6,2000,124.6,2,0.7,9.1,,1.6,,0.7
7/31/2000,7,2000,113.8,1,1,8.4,,1.2,,0.5
8/31/2000,8,2000,117.4,1.4,1.1,9,,1.5,,1.1
9/30/2000,9,2000,117.8,2,1,9.2,,2.5,,0.8
10/31/2000,10,2000,121.4,2,1,10.2,,2.6,,0.3
11/30/2000,11,2000,124.9,2,0.5,12,,7.7,,0.6
12/31/2000,12,2000,123.1,2.9,0.1,11.4,,14.7,,1.1
1/31/2001,1,2001,124.4,3,0.3,12.1,,7.4,,0.3
2/28/2001,2,2001,129.9,2,0.3,10.9,,9.5,,0.7
3/31/2001,3,2001,129.2,2,0.2,10.6,,4.9,,0.3
4/30/2001,4,2001,120.9,2,1,11.5,,4,,0.8
5/31/2001,5,2001,114.1,2,0.2,8.6,,7.7,,0.6
6/30/2001,6,2001,110.6,2,0.3,7.2,,1,,0.6
7/31/2001,7,2001,106.9,2,0.2,6.2,,1.7,,0.6
8/31/2001,8,2001,107.4,2,0.3,7.4,,1.2,,0.6
9/30/2001,9,2001,107.6,2,0.3,7.6,,3.4,,0.5
10/31/2001,10,2001,109.2,2,0.5,8.1,,1.7,,0.6
11/30/2001,11,2001,114.2,2,0.2,10,,1.5,,0.4
12/31/2001,12,2001,120.3,1.8,0.3,11,,5.5,,0.3
1/31/2002,1,2002,119,2.1,0.6,12.8,,8.6,,0.5
2/28/2002,2,2002,115.5,3.3,0.4,11.1,,1.9,,0.5
3/31/2002,3,2002,114.9,2.7,0.4,10.2,,4,,0.7
4/30/2002,4,2002,110,2.8,0.3,10.2,,3.1,,0.7
5/31/2002,5,2002,108.3,1.8,0.2,10,,2,,0.6
6/30/2002,6,2002,103.9,1.4,0.2,7.6,,1.6,,0.4
7/31/2002,7,2002,100,1,0.4,8.2,,1.2,,0.4
8/31/2002,8,2002,102.1,1.1,0.5,9.7,,2.2,,0.5
9/30/2002,9,2002,103.6,1.5,0.2,8.9,,2.5,,0.3
10/31/2002,10,2002,105.3,2.6,0.4,10.4,,6.4,,0.3
11/30/2002,11,2002,112.9,2.1,0.6,9.3,,3.4,,0.7
12/31/2002,12,2002,125.2,2.4,0.6,8.7,,7,,0.7
1/31/2003,1,2003,120,2,0.6,8.9,,5.5,,0.5
2/28/2003,2,2003,112.9,2.1,0.4,8.3,,3,,0.4
3/31/2003,3,2003,112.6,2.1,0.4,9.9,,4.3,,0.7
4/30/2003,4,2003,114.9,2.2,0.3,8.3,,1.7,,0.7
5/31/2003,5,2003,111.7,2.1,0.2,10,,4.9,,0.6
6/30/2003,6,2003,104.2,2,0.2,7,,1,,0.5
7/31/2003,7,2003,100.2,2.1,0.4,8.3,,1.5,,0.5
8/31/2003,8,2003,98.7,1.5,0.5,5.8,,0.6,,0.7
9/30/2003,9,2003,101.4,2.3,0.2,6.9,,0.9,,0.7
10/31/2003,10,2003,105.3,2,0.4,6.9,,1.1,,0.3
11/30/2003,11,2003,112,2.1,0.6,7.6,,,,
12/31/2003,12,2003,114.2,2.1,0.6,7.6,,,,
1/31/2004,1,2004,117.3,2.6,0.4,8,,,,
2/29/2004,2,2004,118.4,2.4,0.4,8.1,,,,
3/31/2004,3,2004,113,2.1,0.4,7.7,,,,
4/30/2004,4,2004,104,2.2,0.3,7.3,,,,
5/31/2004,5,2004,101.6,2.3,0.4,7.5,,,,
6/30/2004,6,2004,99.2,2.1,0.3,6.7,,,,
7/31/2004,7,2004,97,1.8,0.9,6.9,,,,
8/31/2004,8,2004,97.4,1.9,0.5,6.6,,,,
9/30/2004,9,2004,98.1,1.5,0.4,6.9,,,,
10/31/2004,10,2004,105.9,1.7,0.3,8,,,,
11/30/2004,11,2004,106.9,2.2,0.5,8,,,,
12/31/2004,12,2004,108.3,1.8,0.5,7.3,,,,
1/31/2005,1,2005,121,2.2,0.5,8.7,,,,
2/28/2005,2,2005,121.9,2.6,0.6,8.3,,,,
3/31/2005,3,2005,123.1,1.9,0.4,9.9,,,,
4/30/2005,4,2005,115.5,1.8,0.5,8,,,,
5/31/2005,5,2005,111.6,2.1,0.5,8.6,,,,
6/30/2005,6,2005,104.9,1.8,0.4,7.9,,,,
7/31/2005,7,2005,100,1.2,0.5,7,,,,
8/31/2005,8,2005,99.1,1.1,0.3,8.1,0.067,1.7,,
9/30/2005,9,2005,100.8,1.5,0.3,10.8,0.1,5.9,,
10/31/2005,10,2005,101.9,1.2,0.4,10.3,0.12,3.8,,
11/30/2005,11,2005,103.2,1.7,0.4,9.4,0.084,4.4,,
12/31/2005,12,2005,112,1.3,0.4,,0.165,5.2,,
1/31/2006,1,2006,121.5,1.7,0.3,11.1,0.105,4.3,,
2/28/2006,2,2006,111,1.8,0.4,10.7,0.058,2.8,,
3/31/2006,3,2006,129.3,1.6,0.4,10.3,0.058,5.3,,
4/30/2006,4,2006,134.88,1.2,0.5,9.3,0.053,3.9,,
5/31/2006,5,2006,111.4,1.1,0.6,9.5,0.068,2.7,,
6/30/2006,6,2006,105.8,1.1,0.4,9.8,0.055,3.7,,
7/31/2006,7,2006,102.5,1.1,0.5,9.1,0.05,3.1,,
8/31/2006,8,2006,101.8,1.1,0.5,9.8,0.092,3.4,,
9/30/2006,9,2006,102.2,1.1,0.4,9.5,0.053,3,,
10/31/2006,10,2006,103.3,5.1,0.3,9.7,0.052,4.4,,
11/30/2006,11,2006,106.2,7.1,0.2,8.1,0.054,4.7,,
12/31/2006,12,2006,107.7,1.3,0.5,10.8,0.05,4.9,,
1/31/2007,1,2007,108.1,1.1,0.5,10.6,0.072,5.3,,
2/28/2007,2,2007,111.1,1,0.4,7.4,0.11,1.7,,
3/31/2007,3,2007,109.2,2,0.6,9.6,0.05,1.4,,
4/30/2007,4,2007,104.4,1,0.5,10.4,0.098,0.8,,
5/31/2007,5,2007,99.3,2,0.5,,0.072,0.9,,
6/30/2007,6,2007,96.8,2,0.6,8.8,0.053,0.7,,
7/31/2007,7,2007,94.5,1,0.6,8.8,0.05,1,,
8/31/2007,8,2007,93.8,2,0.6,9,0.052,0.8,,
9/30/2007,9,2007,97.1,1,0.3,9.3,0.06,0.6,,
10/31/2007,10,2007,101.4,1,0.3,10,0.05,1.9,,
11/30/2007,11,2007,103.7,2,0.5,9.5,0.053,0.7,,
12/31/2007,12,2007,102.5,2,0.3,8.8,0.423,0.9,,
1/31/2008,1,2008,117.5,2,0.9,11.9,0.298,3.5,,
2/29/2008,2,2008,115.3,2,0.6,10.5,0.053,3.6,,
3/31/2008,3,2008,108.3,1,0.6,12.2,0.06,0.9,,
4/30/2008,4,2008,100.2,2,0.6,11.1,0.134,2.5,,
5/31/2008,5,2008,97.8,2,0.6,9.5,0.088,0.7,1.1,
6/30/2008,6,2008,93.7,2,0.6,8.2,0.095,0.6,0.5,
7/31/2008,7,2008,91,1,0.6,6.6,0.056,0.8,0.5,
8/31/2008,8,2008,91.4,1,0.5,8.2,0.05,2.2,2,
9/30/2008,9,2008,93.7,1,0.7,8.2,0.053,1.5,0.5,
10/31/2008,10,2008,95.6,1,0.5,8.7,0.07,1.2,0.5,
11/30/2008,11,2008,100.7,2,0.4,7.1,0.253,0.9,0.5,
12/31/2008,12,2008,100.1,2,0.9,9.2,0.246,1,0.5,
1/31/2009,1,2009,101.1,2,0.8,10.2,0.185,1,0.5,
2/28/2009,2,2009,112.7,2.8,0.5,10.8,0.335,2,0.5,
3/31/2009,3,2009,110.1,2.8,1,8.9,0.158,2,0.5,
4/30/2009,4,2009,97.1,3.4,1.2,14.2,0.282,1,0.5,
5/31/2009,5,2009,93,2,0.5,10.7,0.218,5,0.5,
6/30/2009,6,2009,91,2.3,0.5,12.9,0.098,8,3.4,
7/31/2009,7,2009,86.1,1.9,0.4,10.7,0.053,3,1.8,
8/31/2009,8,2009,88.2,1.9,0.6,8.8,0.125,2,1,
9/30/2009,9,2009,89.7,1.9,0.7,10.2,0.087,1,0.5,
10/31/2009,10,2009,98,1.7,0.5,7.3,0.083,1,0.7,
11/30/2009,11,2009,95.8,1.7,0.6,9.6,0.088,1.1,1.7,
12/31/2009,12,2009,98.9,1.7,0.5,8.8,0.078,0.7,0.5,
1/31/2010,1,2010,111.7,1.5,0.8,7.8,0.555,0.7,,
2/28/2010,2,2010,110.4,1.2,0.6,8.7,0.443,0.7,0.9,
3/31/2010,3,2010,109.6,1.1,0.6,12.6,0.26,4.5,,
4/30/2010,4,2010,108.9,1.3,1.8,12,0.473,1.9,,
5/31/2010,5,2010,101.8,1,0.4,10.3,0.175,1.1,,
6/30/2010,6,2010,94.5,1.1,1,9.7,0.232,1,,
7/31/2010,7,2010,88.5,0.9,0.7,9.8,0.083,1.5,0.9,
8/31/2010,8,2010,89.6,1,0.7,8.2,0.088,0.9,2,
9/30/2010,9,2010,90.7,1.2,0.7,9.4,0.096,0.8,6.2,
10/31/2010,10,2010,95.2,1.2,0.5,11.5,0.06,2.8,1.8,
11/30/2010,11,2010,99.9,1,0.5,11.6,0.214,1.1,2.8,
12/31/2010,12,2010,105.5,1.1,1.2,11.7,0.63,1.2,1,
1/31/2011,1,2011,104.8,1.5,0.6,13.8,0.1,4.7,,
2/28/2011,2,2011,110,1.2,0.7,12.2,0.3,1.3,,
3/31/2011,3,2011,120.6,1,0.9,10.7,0.3,0.9,,
4/30/2011,4,2011,108.4,1.2,1.3,9.3,0.3,3.1,,
5/31/2011,5,2011,99.3,1.1,0.5,10.2,0.4,1,,
6/30/2011,6,2011,98.5,0.9,0.4,10.9,0.4,1.3,,
7/31/2011,7,2011,92.3,1,0.3,8.6,0.2,1.5,,
8/31/2011,8,2011,90.9,0.9,0.6,10.2,0.1,3.6,,
9/30/2011,9,2011,90.2,1.1,0.5,13.4,0.1,3.1,,
10/31/2011,10,2011,95.9,1.1,0.5,10.6,0,2.5,,
11/30/2011,11,2011,98.2,1,0.6,13.3,0.1,2.1,,
12/31/2011,12,2011,95.3,1.3,2.6,7.9,0.5,1.1,,
1/31/2012,1,2012,97.66,1.48,2.5,8.1,1.2,1.1,,
2/29/2012,2,2012,97.19,1.29,0.6,8.7,0.3,1.0,,
3/31/2012,3,2012,98.56,1.38,0.16,12.2,0.2,1.0,,
4/30/2012,4,2012,101.19,1.38,0.4,13.3,0.2,1.1,,
5/31/2012,5,2012,91.57,1.5,0.4,7.8,0.2,1.4,,
6/30/2012,6,2012,87.97,1.69,0.6,15.1,0.2,1.2,,
7/31/2012,7,2012,84.77,1.69,0.5,12.3,0.1,0.9,,0.55
8/31/2012,8,2012,84.84,1.51,0.5,10.4,0.1,1.0,,0.75
9/30/2012,9,2012,86.33,1.49,0.5,12.5,0.1,1.0,,0.85
10/31/2012,10,2012,91.12,1.98,0.4,10.3,0.1,1.1,,1.05
11/30/2012,11,2012,94.46,2.08,0.5,11.3,0.8,1.6,,1.2
12/31/2012,12,2012,107.38,2.3,1.3,11.2,2.5,4.9,,1.6
