Date,Month,Year,Flow,NH3,NO2,NO3,TKN,TP,pH,Temp,Salinity,TSS
4-Jan-00,1,2000,9.84,11.69,,,,,7.1,18.9,,18
11-Jan-00,1,2000,11.96,14.14,1.36,1.43,,,7.2,18.4,,16
18-Jan-00,1,2000,14.08,11.62,,,,,7,18.1,,20
24-Jan-00,1,2000,29.81,3.7,,,,,7.2,16,,92
25-Jan-00,1,2000,26.22,3.31,,,,,7.3,17.2,,20
1-Feb-00,2,2000,13.78,10.8,,,,,7.3,18.4,,16
8-Feb-00,2,2000,12.82,8.75,1.22,5.37,,,7.6,18.7,,15
14-Feb-00,2,2000,32.46,2.58,,,,,8.1,16.4,,55
16-Feb-00,2,2000,23.07,2.5,,,,,7.4,17.9,,9
22-Feb-00,2,2000,18.64,4.66,,,,,7.4,17.5,,12
1-Mar-00,3,2000,20.29,3.52,,,,,7.4,18.3,,11
7-Mar-00,3,2000,19.18,2.84,,,,,7.3,17.6,,11
16-Mar-00,3,2000,15.5,4.37,,,,,7.5,20.1,,10
20-Mar-00,3,2000,14.28,6.9,1.34,6,,,7.3,18,,10
28-Mar-00,3,2000,13.06,8.34,,,,,7.4,19.2,,10
4-Apr-00,4,2000,11.57,10.03,,,,,7.4,19.7,,13
11-Apr-00,4,2000,12.1,11.06,,,,,7.3,20.4,,13
18-Apr-00,4,2000,13.3,10.07,0.85,5.11,,,7.4,20.3,,10
25-Apr-00,4,2000,12.3,11.34,,,,,7.3,21.5,,9
2-May-00,5,2000,11.71,11.5,,,,,7.4,21.7,,12
10-May-00,5,2000,12.67,10.21,1.23,4.34,,,7.4,20.6,,10
16-May-00,5,2000,12.52,9.46,,,,,7.4,20.9,,11
25-May-00,5,2000,12.18,11.48,,,,,7.4,22.2,,10
30-May-00,5,2000,12.23,9.19,,,,,7.3,22.4,,7
8-Jun-00,6,2000,12.39,13.46,,,,,7.4,22,,10
13-Jun-00,6,2000,11.75,17.83,,,,,7.2,24.1,,12
14-Jun-00,6,2000,11.75,14.16,,,,,7.2,24.9,,7
19-Jun-00,6,2000,12.41,16.12,,,,,7.4,23.4,,13
25-Jun-00,6,2000,12.39,17.72,,,,,7.4,23.7,,21
26-Jun-00,6,2000,13.15,15.38,0.66,1.36,,,7.4,23.7,,14
27-Jun-00,6,2000,11.95,15.24,,,,,7.4,24,,10
28-Jun-00,6,2000,11.81,12.76,,,,,7.4,23.8,,19
29-Jun-00,6,2000,12.02,11.94,,,,,7.4,23,,19
2-Jul-00,7,2000,12.73,7.82,,,,,7.3,22.6,,13
4-Jul-00,7,2000,12.44,11.16,,,,,7.3,23.5,,20
5-Jul-00,7,2000,12.03,9.14,,,,,7.4,22.5,,18
6-Jul-00,7,2000,11.91,10.9,,,,,7.3,23.4,,15
9-Jul-00,7,2000,12.37,8.5,,,,,7.4,23.8,,14
10-Jul-00,7,2000,12.02,7.37,,,,,7.4,23.3,,10
11-Jul-00,7,2000,12.03,10.3,0.97,4.91,,,7.4,23.5,,13
12-Jul-00,7,2000,11.99,9.11,,,,,7.3,23.1,,12
13-Jul-00,7,2000,11.87,8.7,,,,,7.2,23.5,,13
16-Jul-00,7,2000,12.58,7.22,,,,,7.4,22.8,,12
17-Jul-00,7,2000,11.97,9.3,,,,,7.3,23.3,,12
18-Jul-00,7,2000,11.67,7.79,,,,,7.3,23.9,,14
19-Jul-00,7,2000,11.8,8.22,,,,,7.4,23.8,,12
20-Jul-00,7,2000,11.76,9.38,,,,,7.4,23.6,,10
23-Jul-00,7,2000,12.08,8.65,,,,,7.4,24,,7
24-Jul-00,7,2000,11.92,10.87,,,,,7.3,24.5,,9
25-Jul-00,7,2000,11.61,10.38,,,,,7.5,24.6,,10
26-Jul-00,7,2000,11.72,10.72,,,,,7.4,23.6,,10
27-Jul-00,7,2000,11.46,10.4,,,,,7.4,24.4,,11
30-Jul-00,7,2000,12.36,8.04,,,,,7.3,23.9,,14
31-Jul-00,7,2000,11.95,5.72,,,,,7.3,24.9,,12
1-Aug-00,8,2000,12.05,8.61,,,,,7.3,26,,14
2-Aug-00,8,2000,12,9.93,,,,,7.4,25.6,,11
3-Aug-00,8,2000,11.57,8.39,,,,,7.4,24.1,,12
8-Aug-00,8,2000,11.38,9.61,,,,,7.3,24.1,,18
15-Aug-00,8,2000,11.67,8.73,,,,,7.5,24.5,,11
22-Aug-00,8,2000,11.48,8.67,0.37,3.48,,,7.5,23.8,,13
30-Aug-00,8,2000,11.3,9.73,,,,,7.3,23.4,,18
6-Sep-00,9,2000,11.18,12.54,,,,,7.5,24.6,,16
13-Sep-00,9,2000,11.38,10.58,,,,,7.4,24.9,,14
18-Sep-00,9,2000,11.5,9.06,0.55,1.58,,,7.2,25.6,,9
26-Sep-00,9,2000,11.5,10.29,,,,,7.2,24.8,,16
1-Oct-00,10,2000,11.5,9.76,,,,,7.3,24.1,,13
4-Oct-00,10,2000,11.18,9.15,0.58,5.94,,,7.3,23.4,,18
8-Oct-00,10,2000,11.36,9.46,,,,,7.4,23.3,,15
10-Oct-00,10,2000,10.81,10.09,,,,,7.3,23,,17
15-Oct-00,10,2000,11.11,10.89,,,,,7.2,23.2,,15
17-Oct-00,10,2000,11.16,12.52,,,,,7.3,23.9,,13
23-Oct-00,10,2000,11.08,10.62,,,,,7,23,,14
25-Oct-00,10,2000,14.13,12.14,,,,,7.3,21.9,,12
29-Oct-00,10,2000,13.37,6.32,,,,,7.3,21.3,,12
31-Oct-00,10,2000,11.61,6.96,,,,,7.3,21.7,,12
5-Nov-00,11,2000,11.4,6.37,,,,,7.4,22,,12
8-Nov-00,11,2000,10.03,8.72,,,,,7.1,20.2,,12
12-Nov-00,11,2000,10.38,7.95,,,,,7.2,19.3,,11
15-Nov-00,11,2000,11.26,7.88,,,,,7.3,21.5,,13
19-Nov-00,11,2000,11.44,7.56,,,,,7.3,21.2,,12
21-Nov-00,11,2000,12,8.75,,,,,7.1,20,,13
26-Nov-00,11,2000,10.96,9.86,,,,,7.2,19.2,,12
29-Nov-00,11,2000,11.69,10.76,,,,,7.2,20,,15
3-Dec-00,12,2000,11.2,8.05,,,,,7.3,19.2,,13
5-Dec-00,12,2000,10.9,8.73,,,,,7.1,17.7,,15
10-Dec-00,12,2000,11.54,7.84,,,,,7.3,19.9,,12
12-Dec-00,12,2000,10.96,9.35,,,,,7.3,19.6,,12
17-Dec-00,12,2000,11.36,7.77,,,,,7.2,18.6,,11
18-Dec-00,12,2000,11.13,8.33,1.37,5.53,,,7.2,19.2,,13
25-Dec-00,12,2000,11.32,7.5,,,,,7.3,21.7,,12
26-Dec-00,12,2000,11.39,10.93,,,,,7.3,19.3,,11
1-Jan-01,1,2001,11.31,9.67,,,,,7.4,18.8,,12
2-Jan-01,1,2001,11.2,10.62,,,,,7.2,18.1,,12
8-Jan-01,1,2001,13.03,8.26,,,,,7.3,19,,14
17-Jan-01,1,2001,10.85,9.94,,,,,7.3,18.5,,13
21-Jan-01,1,2001,11.67,9.07,0.81,3.86,,,7.2,17.6,,14
31-Jan-01,1,2001,11.67,8.51,,,,,7,18,,12
5-Feb-01,2,2001,11.64,10.23,,,,,7.1,19,,12
13-Feb-01,2,2001,20.82,5.47,,,,,7.1,17.1,,9
19-Feb-01,2,2001,21.13,6.75,,,,,7.2,16.8,,9
12-Mar-01,3,2001,13.44,10.29,1.37,4.28,,,7.3,18.7,,17
19-Mar-01,3,2001,12.46,6.31,,,,,7.3,20.6,,13
29-Mar-01,3,2001,11.75,9.26,,,,,7.4,20.4,,11
3-Apr-01,4,2001,11.57,8.95,,,,,7.5,19.4,,16
11-Apr-01,4,2001,11.24,9.95,,,,,7.3,19.4,,10
17-Apr-01,4,2001,11.56,11.02,1.6,4.73,,,7.5,20.1,,13
23-Apr-01,4,2001,11.06,12.52,,,,,7.6,21,,18
24-Apr-01,4,2001,11.16,10.26,,,,,7.4,21.6,,13
1-May-01,5,2001,11.37,8.94,1.83,5.23,,,7.4,21.4,,12
8-May-01,5,2001,10.79,9.2,,,,,7.3,23.2,,10
16-May-01,5,2001,11.67,5.71,,,,,7.5,23.2,,12
23-May-01,5,2001,10.94,6.86,,,,,7.3,22.9,,10
29-May-01,5,2001,11.01,10.62,,,,,7.3,23.4,,15
5-Jun-01,6,2001,11.08,9.34,,,,,7.6,23.5,,11
13-Jun-01,6,2001,11.8,8.63,1.18,4.67,,,7.1,23.5,,10
20-Jun-01,6,2001,11.07,9.38,,,,,7.2,25.2,,10
26-Jun-01,6,2001,11.09,12,,,,,7.2,24.1,,16
4-Jul-01,7,2001,11.74,7.5,,,,,7.3,24.6,,11
10-Jul-01,7,2001,10.8,7.14,,,,,7.1,24.4,,10
18-Jul-01,7,2001,10.52,10.64,0.87,3.68,,,7.2,24,,12
24-Jul-01,7,2001,11.17,10.32,,,,,7.2,23.5,,12
2-Aug-01,8,2001,10.45,10.32,,,,,7.5,23.4,,14
8-Aug-01,8,2001,11.42,9.85,,,,,7.3,24.7,,12
15-Aug-01,8,2001,10.96,8.66,,,,,7.2,23.5,,14
21-Aug-01,8,2001,11.61,7.04,1.04,4.2,,,7.2,23.4,,13
26-Aug-01,8,2001,12.22,7.07,,,,,7,24.9,,14
5-Sep-01,9,2001,11.06,7.48,,,,,7.1,20.1,,11
13-Sep-01,9,2001,10.86,5.88,,,,,7.4,23,,15
19-Sep-01,9,2001,10.97,5.64,1.16,8.06,,,7.2,22.6,,14
25-Sep-01,9,2001,11.38,7.47,,,,,7.4,23.4,,13
2-Oct-01,10,2001,10.94,8.01,,,,,6.9,23.8,,14
10-Oct-01,10,2001,10.44,7.35,1.25,7.72,,,7.1,23.7,,14
18-Oct-01,10,2001,10.79,6.44,,,,,7.1,22.8,,14
23-Oct-01,10,2001,10.36,7.77,,,,,7.1,23.4,,15
30-Oct-01,10,2001,11.84,7.72,,,,,7.1,22.6,,14
6-Nov-01,11,2001,10.53,8.52,,,,,7,22.6,,10
14-Nov-01,11,2001,11.87,5.7,,,,,7.1,22,,14
20-Nov-01,11,2001,11.02,6.75,0.74,5.66,,,7,23,,13
29-Nov-01,11,2001,22.08,3.39,,,,,7.3,20,,16
4-Dec-01,12,2001,16.44,2.13,,,,,7.2,19.2,,15
12-Dec-01,12,2001,12.33,6.88,,,,,7.2,19.2,,14
20-Dec-01,12,2001,17.53,4.08,,,,,7.1,17.7,,15
25-Dec-01,12,2001,14.68,4.88,,,,,7.2,18.2,,15
3-Jan-02,1,2002,25.61,2.52,,,,,7.2,18,,14
8-Jan-02,1,2002,16.26,4.73,,,,,7.4,18.5,,17
16-Jan-02,1,2002,12.99,7.43,,,,,7.2,17.5,,12
24-Jan-02,1,2002,11.85,8.54,0.61,0.68,,,7.2,17.8,,13
30-Jan-02,1,2002,12.72,8.27,,,,,7.4,17.9,,8
5-Feb-02,2,2002,11.95,10.04,,,,,7.2,19.7,,13
13-Feb-02,2,2002,11.54,10.32,,,,,7.1,17.6,,13
21-Feb-02,2,2002,14.25,4.93,1.2,5.29,,,7.2,19.6,,10
26-Feb-02,2,2002,12.38,8.63,,,,,7.4,19.2,,10
5-Mar-02,3,2002,11.67,7.59,,,,,7.3,19.6,,14
13-Mar-02,3,2002,12.16,5.16,,,,,7.2,18.5,,10
21-Mar-02,3,2002,11.75,6.27,,,,,7.1,19.8,,10
26-Mar-02,3,2002,12.69,7.28,,,,,7.2,19.6,,13
2-Apr-02,4,2002,11.99,7.31,,,,,7.4,20.3,,12
11-Apr-02,4,2002,11.05,7.42,1.65,7.91,,,7.4,21,,10
17-Apr-02,4,2002,11.42,9.53,,,,,7.3,19.8,,11
23-Apr-02,4,2002,10.7,9.32,,,,,7.5,22.8,,9
2-May-02,5,2002,11,5.79,,,,,7.3,20.7,,10
8-May-02,5,2002,10.9,6.99,,,,,7.1,21.7,,10
15-May-02,5,2002,11.06,8.07,,,,,7.2,22.1,,10
23-May-02,5,2002,11.6,4.84,1.87,6.43,,,7.4,21.6,,11
28-May-02,5,2002,11.7,6.08,,,,,7.3,22.2,,10
4-Jun-02,6,2002,11.28,8.12,,,,,7.2,22.9,,10
12-Jun-02,6,2002,11.47,6.99,,,,,7.1,22.5,,8
20-Jun-02,6,2002,10.9,5.82,1.13,5.82,,,7.1,23.1,,9
25-Jun-02,6,2002,11.1,6.68,,,,,7,23.6,,9
2-Jul-02,7,2002,11.46,7.12,,,,,7.1,24,,8
10-Jul-02,7,2002,11.22,5.76,,,,,7.1,25.2,,11
16-Jul-02,7,2002,11.04,5.91,,,,,7.1,23.4,,9
24-Jul-02,7,2002,11.24,5.96,0.06,6.34,,,7.2,23.7,,11
31-Jul-02,7,2002,11.3,7.7,,,,,7.2,24.2,,10
6-Aug-02,8,2002,10.86,7.55,,,,,7.3,24,,13
14-Aug-02,8,2002,11.1,7.42,0.5,5.24,,,7.2,24,,11
22-Aug-02,8,2002,10.63,6.78,,,,,7.3,21.2,,12
28-Aug-02,8,2002,11.1,6.48,,,,,7,23.5,,10
4-Sep-02,9,2002,11.16,7.88,,,,,7.2,23.3,,14
10-Sep-02,9,2002,10.86,6.92,,,,,7.2,23.6,,12
19-Sep-02,9,2002,10.68,5.5,,,,,7.2,24.4,,15
24-Sep-02,9,2002,10.56,7.21,0.85,4.09,,,7.2,24,,12
2-Oct-02,10,2002,10.22,7.95,0.68,2.8,,,7.2,21.8,,15
9-Oct-02,10,2002,10.54,7.28,,,,,7.1,23.8,,11
17-Oct-02,10,2002,10.01,5.01,,,,,7,22,,12
22-Oct-02,10,2002,10.15,6.02,,,,,7.3,22.1,,15
29-Oct-02,10,2002,9.9,6.53,,,,,7,20.6,,13
5-Nov-02,11,2002,9.9,8.51,,,,,7.3,21.9,,14
14-Nov-02,11,2002,10.53,5.54,,,,,7.1,21.8,,14
20-Nov-02,11,2002,10.49,6.94,0.76,5.08,,,7.2,21.2,,14
3-Dec-02,12,2002,10.36,9.45,,,,,7.3,20.1,,14
12-Dec-02,12,2002,10.85,6.58,,,,,7.2,19.4,,13
17-Dec-02,12,2002,21.92,2,,,,,7.3,18.4,,13
25-Dec-02,12,2002,14.5,4.14,0.7,6.96,,,7.2,18.3,,14
1-Jan-03,1,2003,19.02,5.12,,,,,7.4,19.6,,16
7-Jan-03,1,2003,13.6,6.3,,,,,7.1,17.8,,16
15-Jan-03,1,2003,14.29,8.67,,,,,7.3,18.8,,11
22-Jan-03,1,2003,14.11,5.76,,,,,7.1,18,,16
29-Jan-03,1,2003,13.3,6.19,,,,,7.3,19,,14
4-Feb-03,2,2003,12.14,6.21,,,,,7.1,19.3,,19
12-Feb-03,2,2003,12.75,8.93,,,,,7.3,18.5,,15
20-Feb-03,2,2003,13.3,5.44,,,,,7.4,18.1,,14
23-Feb-03,2,2003,13.8,6.32,1.51,4.55,,,7.2,19,,16
26-Feb-03,2,2003,11.82,6.64,,,,,7.2,18.9,,10
5-Mar-03,3,2003,11.33,9.12,,,,,7.1,19.9,,12
12-Mar-03,3,2003,11.03,7.88,,,,,7.3,20.2,,13
20-Mar-03,3,2003,11.78,9.36,,,,,7.2,20,,14
25-Mar-03,3,2003,11.13,8.91,1.08,4.25,,,6.7,22.7,,13
1-Apr-03,4,2003,11.05,9.54,1.16,3.63,,,7.4,19.6,,12
8-Apr-03,4,2003,11.43,9.23,,,,,7.2,21.9,,12
17-Apr-03,4,2003,12.24,6.35,,,,,7.3,21.4,,12
23-Apr-03,4,2003,10.98,7.75,,,,,7.3,20,,13
1-May-03,5,2003,12.31,8.17,,,,,7.2,21.3,,12
8-May-03,5,2003,12.14,6.15,,,,,7.4,19.7,,12
14-May-03,5,2003,11.12,10.09,1.31,4.43,,,7.3,20.9,,11
22-May-03,5,2003,11.48,6.92,,,,,7.1,22.6,,12
28-May-03,5,2003,11.63,11.36,,,,,7.2,23.9,,14
3-Jun-03,6,2003,11.78,7.53,,,,,7.3,23.3,,12
12-Jun-03,6,2003,11.59,7.87,,,,,7.3,22,,12
17-Jun-03,6,2003,11.6,9.04,,,,,7.2,22.6,,12
25-Jun-03,6,2003,10.94,9.86,1.04,4.89,,,7.2,24.4,,12
2-Jul-03,7,2003,11.27,7.71,,,,,7.2,23.8,,16
9-Jul-03,7,2003,10.99,8.29,,,,,7.3,24.2,,12
17-Jul-03,7,2003,11.05,7.8,,,,,7.2,20.8,,14
22-Jul-03,7,2003,11.11,8.68,,,,,7.2,24.5,,13
30-Jul-03,7,2003,11.64,7,,,,,7.2,23.9,,12
5-Aug-03,8,2003,11.28,9.51,,,,,7,24.2,,15
13-Aug-03,8,2003,10.96,6.67,,,,,7.1,24.7,,11
21-Aug-03,8,2003,11.17,8.82,,,,,7.1,22.7,,18
27-Aug-03,8,2003,11.34,7.75,0.58,2.8,,,7.1,23.5,,12
3-Sep-03,9,2003,11.04,9.06,1.13,2.39,,,7.2,24.7,,16
9-Sep-03,9,2003,10.7,9.9,,,,,7.3,21.3,,19
18-Sep-03,9,2003,10.87,7.92,,,,,7.2,23.1,,17
23-Sep-03,9,2003,10.67,9.86,,,,,7.2,25,,20
1-Oct-03,10,2003,11.63,8.83,,,,,7.3,23.2,,17
7-Oct-03,10,2003,10.62,11.16,,,,,7.1,23.5,,15
16-Oct-03,10,2003,10.39,8.08,,,,,7.3,22.5,,14
22-Oct-03,10,2003,10.19,7.34,0.34,3.34,,,7.2,22.9,,21
28-Oct-03,10,2003,10.35,9.41,,,,,7.1,23.9,,13
5-Nov-03,11,2003,9.87,8.5,,,,,7.2,21.6,,20
13-Nov-03,11,2003,10.32,8.54,,,,,7.2,21.8,,14
19-Nov-03,11,2003,10.73,7.94,,,,,7.2,21.1,,13
25-Nov-03,11,2003,10.49,8.8,1.52,2.4,,,7.3,19.8,,16
3-Dec-03,12,2003,11.51,8.19,,,,,7.3,21,,13
10-Dec-03,12,2003,14.11,5.71,1.3,0.65,,,7.4,19.5,,18
18-Dec-03,12,2003,11.24,7.47,,,,,7.2,17.7,,20
23-Dec-03,12,2003,13.9,7.08,,,,,7.4,20.4,,16
30-Dec-03,12,2003,23.18,3.88,,,,,7.3,17.5,,8
6-Jan-04,1,2004,14.24,6.65,,,,,7.1,18,,15
14-Jan-04,1,2004,12.49,9.2,,,,,7.3,17.8,,16
20-Jan-04,1,2004,11.9,9.78,1.19,3.99,,,7.4,18.7,,13
29-Jan-04,1,2004,11.45,9,,,,,7.2,18.5,,12
3-Feb-04,2,2004,17.86,5.85,,,,,7,17.3,,13
11-Feb-04,2,2004,11.93,8.59,1.4,6.2,,,7.3,18.3,,12
19-Feb-04,2,2004,20.24,3.49,,,,,7,17.4,,11
24-Feb-04,2,2004,14.42,7.84,,,,,7.3,18.8,,10
2-Mar-04,3,2004,16.32,5.13,,,,,7.5,18,,10
10-Mar-04,3,2004,12.53,10.4,,,,,7.2,20.3,,12
16-Mar-04,3,2004,11.44,9.57,,,,,7.2,21.3,,13
25-Mar-04,3,2004,13.17,10.32,1.67,4.22,,,7.1,20,,12
30-Mar-04,3,2004,11.62,8.55,,,,,7.3,20,,10
6-Apr-04,4,2004,11.56,9.23,,,,,7.3,20.3,,9
14-Apr-04,4,2004,10.88,9.14,1.69,5.48,,,7.3,20.7,,10
20-Apr-04,4,2004,11.77,10.28,,,,,7.3,20.7,,9
27-Apr-04,4,2004,11.02,10.48,,,,,7.1,23.3,,9
4-May-04,5,2004,11,10.34,1.34,5.12,,,7.1,22.6,,9
12-May-04,5,2004,11.05,10.97,,,,,7.2,22.4,,11
19-May-04,5,2004,10.6,9.08,,,,,7.1,22.5,,9
26-May-04,5,2004,11.14,10.41,,,,,7.1,22.4,,9
1-Jun-04,6,2004,11.11,12.26,,,,,7.2,24.1,,10
8-Jun-04,6,2004,11.12,12.76,,,,,7.1,22.5,,16
15-Jun-04,6,2004,10.92,14.54,,,,,7.1,24.3,,18
22-Jun-04,6,2004,11.18,14.16,0.59,2.94,,,7.3,23.1,,14
30-Jun-04,6,2004,10.9,12.6,,,,,7.3,22.9,,14
2-Jul-04,7,2004,11.17,11.53,,,,,7.2,23.7,,15
5-Jul-04,7,2004,11.75,11.07,,,,,7.3,23.2,,15
8-Jul-04,7,2004,10.9,9.6,,,,,7.1,23.2,,17
13-Jul-04,7,2004,10.82,10.25,,,,,7,23.8,,16
14-Jul-04,7,2004,10.83,8.66,,,,,7.1,24.3,,13
15-Jul-04,7,2004,10.75,8.56,,,,,7.1,24.3,,14
19-Jul-04,7,2004,11.22,10.29,,,,,7,25.3,,14
20-Jul-04,7,2004,11.07,10.2,,,,,7,24.5,,16
21-Jul-04,7,2004,10.75,8.08,,,,,7.1,24.6,,12
22-Jul-04,7,2004,10.9,7.82,,,,,7.2,24.1,,11
25-Jul-04,7,2004,11.4,10.67,,,,,7.3,24,,16
26-Jul-04,7,2004,11.07,8.13,,,,,7.1,24.5,,12
27-Jul-04,7,2004,10.91,8.72,,,,,7.2,23.8,,13
28-Jul-04,7,2004,10.88,8.26,1.63,4.55,,,7.2,23.6,,15
29-Jul-04,7,2004,11.14,10.3,,,,,7.1,23.6,,14
1-Aug-04,8,2004,11.58,8.38,,,,,7.2,23.5,,16
2-Aug-04,8,2004,11.17,8.6,,,,,7.2,23.5,,18
3-Aug-04,8,2004,11.07,9.72,0.91,5.18,,,7.2,23.6,,14
4-Aug-04,8,2004,10.89,8.42,,,,,6.9,24,,14
5-Aug-04,8,2004,10.76,7.81,,,,,7.2,23.5,,16
8-Aug-04,8,2004,11.41,8.44,,,,,7.3,25.1,,16
9-Aug-04,8,2004,10.95,8.19,,,,,7.1,24.3,,16
10-Aug-04,8,2004,11.04,8.06,,,,,7.1,24.4,,18
11-Aug-04,8,2004,11.02,7.73,,,,,7.2,24.4,,16
12-Aug-04,8,2004,11.09,8.45,,,,,7,23.8,,12
15-Aug-04,8,2004,11.6,7.84,,,,,7.2,23.7,,19
16-Aug-04,8,2004,11.11,9.11,,,,,7.1,23.5,,20
17-Aug-04,8,2004,10.93,8.8,,,,,7.1,25.1,,22
18-Aug-04,8,2004,10.92,7.1,,,,,7.1,25.2,,18
19-Aug-04,8,2004,10.78,7.51,,,,,7,23.8,,20
22-Aug-04,8,2004,11.3,8.41,,,,,7.2,23.8,,16
23-Aug-04,8,2004,11.06,8.12,,,,,7.1,24.7,,16
24-Aug-04,8,2004,11.12,8.33,,,,,7,24,,17
25-Aug-04,8,2004,10.96,7.24,,,,,7.2,24.5,,15
26-Aug-04,8,2004,10.9,8.11,,,,,7.2,24.8,,20
29-Aug-04,8,2004,12.3,7.09,,,,,7.2,24.9,,23
30-Aug-04,8,2004,11.56,7.64,,,,,7.2,24.8,,27
31-Aug-04,8,2004,10.46,6.79,,,,,7.1,24.5,,26
1-Sep-04,9,2004,11.07,6.31,,,,,7.2,24.9,,28
2-Sep-04,9,2004,10.7,7.16,,,,,7,25,,26
6-Sep-04,9,2004,11.36,7.88,,,,,7.1,26.1,,19
7-Sep-04,9,2004,10.78,9.66,,,,,7.2,25,,16
8-Sep-04,9,2004,10.55,7.27,,,,,7.1,25.5,,15
9-Sep-04,9,2004,10.7,7.18,,,,,7.1,26.3,,16
12-Sep-04,9,2004,11.7,7.92,,,,,7,24.8,,15
13-Sep-04,9,2004,11.07,9.45,,,,,7.1,25,,16
14-Sep-04,9,2004,10.71,7.77,,,,,7,25.3,,17
15-Sep-04,9,2004,10.65,7.56,,,,,7,25.7,,15
16-Sep-04,9,2004,11.04,6.83,,,,,7.1,25.7,,16
19-Sep-04,9,2004,11.71,7.74,,,,,7,23.5,,17
20-Sep-04,9,2004,10.99,8.3,0.77,6.29,,,7.1,23,,20
21-Sep-04,9,2004,10.95,6.47,,,,,7.1,24.9,,19
22-Sep-04,9,2004,10.73,8.47,,,,,7.2,24.3,,19
23-Sep-04,9,2004,10.6,6.23,,,,,7,24.8,,16
26-Sep-04,9,2004,11.2,8.92,,,,,7,24.7,,17
27-Sep-04,9,2004,10.91,7.63,,,,,7.1,23.5,,14
28-Sep-04,9,2004,10.73,6.72,,,,,7.1,22.8,,15
29-Sep-04,9,2004,10.76,6.59,,,,,7.1,21.6,,12
30-Sep-04,9,2004,10.6,5.63,,,,,7,22,,12
3-Oct-04,10,2004,11.5,7.4,,,,,7,22.5,,17
4-Oct-04,10,2004,10.96,8.15,,,,,7.2,22.1,,19
5-Oct-04,10,2004,10.6,7.67,,,,,6.9,21.8,,18
6-Oct-04,10,2004,10.77,7.74,,,,,7,23,,17
7-Oct-04,10,2004,10.6,6.47,,,,,7,24,,17
13-Oct-04,10,2004,10.28,9.42,,,,,7,24.7,,19
19-Oct-04,10,2004,11.14,6.99,0.98,5.17,,,7,22.6,,14
25-Oct-04,10,2004,10.88,,,,,,7.2,21.9,,15
1-Nov-04,11,2004,10.81,9.32,,,,,6.9,21.1,,19
2-Nov-04,11,2004,10.52,6.2,,,,,7.1,22.5,,16
9-Nov-04,11,2004,10.82,,,,,,7,20.4,,15
11-Nov-04,11,2004,14.87,6.02,,,,,7,20.6,,17
15-Nov-04,11,2004,11.2,6.81,1.02,6.16,,,7.2,19.9,,14
17-Nov-04,11,2004,10.73,6.25,,,,,7.1,20.3,,15
24-Nov-04,11,2004,10.81,6.91,,,,,7.1,19.6,,19
30-Nov-04,11,2004,10.14,8.35,,,,,7.1,17.8,,18
7-Dec-04,12,2004,13.51,5.89,,,,,7,19,,20
13-Dec-04,12,2004,11.58,7.82,1,4.81,,,7.2,20.3,,18
22-Dec-04,12,2004,10.5,7.88,,,,,7.2,17,,16
28-Dec-04,12,2004,27.21,4.15,,,,,7.2,17.3,,20
4-Jan-05,1,2005,18.17,2.88,,,,,7.2,15.8,,21
12-Jan-05,1,2005,20.2,2.38,,,,,7.1,16.9,,16
18-Jan-05,1,2005,13.03,4.97,,,,,7.2,18.3,,22
24-Jan-05,1,2005,12.16,8.12,0.95,1.87,,,7.3,17.2,,28
1-Feb-05,2,2005,11.8,7.68,,,,,7.2,17.2,,24
8-Feb-05,2,2005,11.4,9.13,,,,,7.3,17,,27
13-Feb-05,2,2005,11.79,10.9,,,,,7.3,17.5,,26
14-Feb-05,2,2005,11.74,10.67,,,,,7.4,17.5,,22
15-Feb-05,2,2005,17.5,7.3,0.88,2.73,,,7.2,17,,36
21-Feb-05,2,2005,29.12,3.39,,,,,7.2,16,,19
24-Feb-05,2,2005,16.1,4.61,,,,,7.3,16.5,,18
28-Feb-05,2,2005,22.9,3.7,,,,,7.2,17,,17
2-Mar-05,3,2005,20.07,3.83,,,,,7.2,18,,15
7-Mar-05,3,2005,15.77,4.74,,,,,7.3,18.5,,13
9-Mar-05,3,2005,13.9,4.38,,,,,7.2,18.5,,14
13-Mar-05,3,2005,13.83,7.98,,,,,7.3,18.5,,14
15-Mar-05,3,2005,12.39,6.8,0.99,0.96,,,7.2,19,,14
20-Mar-05,3,2005,15.37,8.16,,,,,7.3,18,,14
24-Mar-05,3,2005,16.49,3.96,,,,,7.2,18,,13
27-Mar-05,3,2005,14.9,4.11,,,,,7.3,18,,14
30-Mar-05,3,2005,14.6,4.86,,,,,7.3,18.5,,12
5-Apr-05,4,2005,14.5,6.07,,,,,7.2,19,,14
7-Apr-05,4,2005,13.5,6.06,,,,,7.2,19,,17
12-Apr-05,4,2005,11.7,8.48,,,,,7.2,19,,12
14-Apr-05,4,2005,11,9.37,,,,,7.2,20,,14
19-Apr-05,4,2005,11.3,12.78,0.76,1.56,,,7.3,20,,15
21-Apr-05,4,2005,11.1,11.71,,,,,7.4,20.5,,14
26-Apr-05,4,2005,10.3,10.56,,,,,7.2,20,,14
28-Apr-05,4,2005,11,9.55,,,,,7,21,,15
2-May-05,5,2005,10.8,15.9,,,,,7.2,21,,14
5-May-05,5,2005,12.6,10.24,,,,,7.3,21,,13
9-May-05,5,2005,14.71,8.45,,,,,7.3,20,,12
11-May-05,5,2005,12.09,9.81,,,,,7.1,21,,11
16-May-05,5,2005,11.43,10.92,,,,,7.3,22,,9
19-May-05,5,2005,12.13,9,,,,,7.1,22,,11
22-May-05,5,2005,12.03,8.99,0.57,3.51,,,7.2,22,,8
24-May-05,5,2005,11.2,11.16,,,,,7.1,23,,11
31-May-05,5,2005,10.8,8.78,,,,,7.2,23,,11
1-Jun-05,6,2005,11.4,9.02,,,,,7.3,22,,10
7-Jun-05,6,2005,10.6,10.23,,,,,7.2,23,,10
9-Jun-05,6,2005,11.2,8.33,,,,,7.4,23,,9
13-Jun-05,6,2005,10.5,10.58,,,,,7.4,21,,12
19-Jun-05,6,2005,11.1,10.2,,,,,7.2,23,,13
22-Jun-05,6,2005,10.7,7.72,1.2,7.91,,,7.1,23,,12
26-Jun-05,6,2005,11.15,8.01,,,,,7.3,22.5,,11
29-Jun-05,6,2005,10.61,7.45,,,,,7.1,23,,11
5-Jul-05,7,2005,10.68,9.13,,,,,7.1,24,,10
6-Jul-05,7,2005,10.6,7.03,,,,,7,24,,11
11-Jul-05,7,2005,10.71,8.9,,,,,7.2,25,,10
18-Jul-05,7,2005,10.73,14.02,,,,,7.2,24,,10
20-Jul-05,7,2005,10.66,6.88,,,,,7.2,24.2,,12
25-Jul-05,7,2005,10.71,9.46,,,,,7.3,25,,11
27-Jul-05,7,2005,10.3,7.95,,,,,7,25,,13
2-Aug-05,8,2005,10.7,6.9,,,,,7.2,25,,14
4-Aug-05,8,2005,10.48,6.66,,,,,7.2,25,,14
9-Aug-05,8,2005,10.39,6.75,,,,,7.2,24,,17
10-Aug-05,8,2005,10.38,6.13,,,,,7.1,24,,17
11-Aug-05,8,2005,10.17,7.82,,,,,7.2,24,,19
14-Aug-05,8,2005,10.75,9.46,,,,,7.1,24,,20
16-Aug-05,8,2005,10.53,8.59,2.06,4.13,,,7.1,25,,18
21-Aug-05,8,2005,11.36,8.67,,,,,7.1,24,,21
24-Aug-05,8,2005,10.52,7.71,,,,,7.2,23,,19
28-Aug-05,8,2005,10.67,9.28,,,,,7.2,24,,22
31-Aug-05,8,2005,9.93,9.98,,,,,7.1,25,,19
5-Sep-05,9,2005,11.39,11.38,,,,,7.3,25,,19
7-Sep-05,9,2005,10.22,9.44,1.09,3.68,,,7.1,23.5,,26
11-Sep-05,9,2005,10.91,15.18,,,,,7.2,24,,24
14-Sep-05,9,2005,10.23,11.46,,,,,7.2,23,,17
20-Sep-05,9,2005,9.79,10.78,,,,,7.1,23.6,,16
22-Sep-05,9,2005,10.05,10.41,,,,,7.1,23.7,,16
25-Sep-05,9,2005,10.5,15.09,,,,,7.1,23.6,,24
27-Sep-05,9,2005,9.8,13.3,,,,,7.1,24,,19
4-Oct-05,10,2005,9.85,10.63,,,,,7,23,,16
5-Oct-05,10,2005,9.83,9.57,,,,,7.1,23,,16
11-Oct-05,10,2005,10.2,9.27,,,,,7.1,23.1,,16
13-Oct-05,10,2005,9.7,7.11,,,,,7.1,23.5,,13
18-Oct-05,10,2005,10.23,9.18,0.27,7.45,,,7.2,23,,14
20-Oct-05,10,2005,9.64,9.21,,,,,7.1,22,,14
25-Oct-05,10,2005,9.7,7.34,,,,,7.2,21,,15
27-Oct-05,10,2005,9.7,6.56,,,,,7,21.5,,17
31-Oct-05,10,2005,10.11,9.24,,,,,7.1,21.5,,13
2-Nov-05,11,2005,10,8.15,,,,,7.2,21.5,,13
7-Nov-05,11,2005,11.21,8.97,,,,,7,22,,12
9-Nov-05,11,2005,10.56,5.65,,,,,7,22,,10
13-Nov-05,11,2005,10.9,9.01,,,,,7.2,22,,12
15-Nov-05,11,2005,9.76,9.66,1.59,4.94,,,7.1,22,,14
20-Nov-05,11,2005,10.4,14.4,,,,,7.1,21,,18
22-Nov-05,11,2005,10.06,12.04,,,,,7,22,,15
27-Nov-05,11,2005,10.51,16.96,,,,,7.2,18,,13
29-Nov-05,11,2005,12.01,11.02,,,,,7.1,20,,11
5-Dec-05,12,2005,11.22,7.37,,,,,7.1,19.5,,14
7-Dec-05,12,2005,10.67,7.16,,,,,7,19,,14
13-Dec-05,12,2005,10.1,13.42,1.63,4.39,,,7.1,19.5,,22
15-Dec-05,12,2005,10.11,12.01,,,,,7.1,18,,17
18-Dec-05,12,2005,31.62,3.92,,,,,7,15.5,,47
21-Dec-05,12,2005,25.2,2.01,,,,,7.1,18,,18
26-Dec-05,12,2005,22.96,3.03,,,,,7.2,17.5,,14
29-Dec-05,12,2005,22.81,1.52,,,,,7.1,17,,14
2-Jan-06,1,2006,32.41,1.63,,,,,7.2,16,,26
5-Jan-06,1,2006,20.77,1.54,,,,,7.2,17.5,,12
9-Jan-06,1,2006,15.49,6.05,,,,,7.3,18,,11
11-Jan-06,1,2006,14.57,5.54,,,,,7.3,18.5,,11
16-Jan-06,1,2006,14.45,11.12,,,,,7.2,18,,13
19-Jan-06,1,2006,14.22,6.15,1.3,6.18,,,7.2,18.5,,11
22-Jan-06,1,2006,14.51,8.49,,,,,7.2,18,,12
24-Jan-06,1,2006,13.92,8.28,,,,,7.2,18,,13
29-Jan-06,1,2006,15.41,8.24,,,,,7.2,18,,12
2-Feb-06,2,2006,14.5,5.3,,,,,7.2,18,,10
6-Feb-06,2,2006,12.66,7.41,,,,,7.2,18,,12
8-Feb-06,2,2006,12.28,9.08,,,,,7.3,18.5,,15
12-Feb-06,2,2006,12.04,9.87,,,,,7.2,19,,12
15-Feb-06,2,2006,11.12,8.07,1.61,7.12,,,7.3,18,,12
21-Feb-06,2,2006,11.06,9.14,,,,,7.2,18,,10
23-Feb-06,2,2006,10.39,8.66,,,,,7.2,19,,12
27-Feb-06,2,2006,24.53,4.89,,,,,7.1,17.5,,22
1-Mar-06,3,2006,20.65,2.92,,,,,7.14,17,,10
6-Mar-06,3,2006,31.75,2.18,,,,,7.15,15.5,,23
8-Mar-06,3,2006,23,1.89,0.81,6.49,,,7.41,17,,8
13-Mar-06,3,2006,19.27,3.54,,,,,7.65,16.5,,9
15-Mar-06,3,2006,20.64,2.85,,,,,7.52,17,,8
21-Mar-06,3,2006,16.34,5.44,,,,,7.68,17,,11
23-Mar-06,3,2006,14.43,4.11,,,,,7.51,18,,9
26-Mar-06,3,2006,20.88,3.9,,,,,7.42,17,,10
29-Mar-06,3,2006,28.21,1.69,,,,,7.4,16,,12
3-Apr-06,4,2006,31.17,1.41,,,,,7.5,16,,11
5-Apr-06,4,2006,27.88,1.58,,,,,7.6,17,,10
10-Apr-06,4,2006,19.05,3.94,,,,,7.4,18,,11
12-Apr-06,4,2006,29.4,2.2,,,,,7.5,18,,16
18-Apr-06,4,2006,18.62,2.99,,,,,7.5,17.5,,10
20-Apr-06,4,2006,15.75,3.72,,,,,7.6,19,,10
25-Apr-06,4,2006,13.49,6.23,1.5,5.78,,,7.6,19,,11
27-Apr-06,4,2006,13.17,6.03,,,,,7.5,20,,10
30-Apr-06,4,2006,13.3,10.17,,,,,7.4,20.5,,11
2-May-06,5,2006,12.11,15.45,0.25,0.13,,,7.5,21,,11
7-May-06,5,2006,12.17,27.44,,,,,7.5,21,,19
9-May-06,5,2006,11.36,24.28,,,,,7.6,22,,13
14-May-06,5,2006,11.79,26.97,,,,,7.5,21,,14
16-May-06,5,2006,12.05,23.21,,,,,7.4,22.5,,12
21-May-06,5,2006,13.39,25.89,,,,,7.3,22,,15
24-May-06,5,2006,12.11,22.38,,,,,7.6,22,,10
30-May-06,5,2006,11.72,22.78,,,,,7.5,22.5,,14
1-Jun-06,6,2006,10.93,21.4,,,,,7.5,23,,13
4-Jun-06,6,2006,11.5,22.84,,,,,7.4,22.5,,14
6-Jun-06,6,2006,10.87,25.22,0.29,1.08,,,7.3,23,,13
11-Jun-06,6,2006,11.52,20.23,,,,,7.5,22,,10
15-Jun-06,6,2006,10.61,13.46,,,,,7.5,23.5,,8
18-Jun-06,6,2006,11,8.01,,,,,7.1,24.5,,8
20-Jun-06,6,2006,10.57,12.34,,,,,7.5,24,,11
25-Jun-06,6,2006,11.25,18.22,,,,,7.3,24.5,,9
29-Jun-06,6,2006,10.47,12.15,,,,,7.3,24,,7
2-Jul-06,7,2006,10.77,12.8,,,,,7.3,24,,7
3-Jul-06,7,2006,10.46,10.08,1.75,,,,7.3,23.5,,7
9-Jul-06,7,2006,10.66,10.53,,,,,7.3,25.5,,6
11-Jul-06,7,2006,10.11,12.72,0.94,5.3,,,7.4,24,,8
16-Jul-06,7,2006,10.87,26.42,,,,,7.4,24.5,,14
18-Jul-06,7,2006,10.51,34.64,,,,,7.4,26.5,,13
23-Jul-06,7,2006,10.42,24.3,,,,,7.3,26,,10
26-Jul-06,7,2006,10.88,24.57,,,,,7.4,26,,10
30-Jul-06,7,2006,11.14,31.34,,,,,7.4,26,,15
2-Aug-06,8,2006,10.43,26.82,,,,,7.4,26,,14
7-Aug-06,8,2006,10.69,27.26,,,,,7.3,25.5,,15
10-Aug-06,8,2006,10.6,28.48,,,,,7.56,25.6,,25
13-Aug-06,8,2006,10.53,23.34,,,,,7.3,25,,13
16-Aug-06,8,2006,10.74,17.25,1.13,1.96,,,7.43,25,,11
20-Aug-06,8,2006,10.49,21.36,,,,,7.24,25,,9
24-Aug-06,8,2006,10,18.78,,,,,7.3,25,,6
27-Aug-06,8,2006,10.61,16.22,,,,,7.16,25,,10
30-Aug-06,8,2006,9.68,14.97,,,,,7.2,26,,6
4-Sep-06,9,2006,10.57,23.6,,,,,7.23,25.5,,7
6-Sep-06,9,2006,9.96,21.6,0.73,0.99,,,7.6,25.5,,8
10-Sep-06,9,2006,10.85,17.3,,,,,7.31,25.5,,14
13-Sep-06,9,2006,10.13,23.8,,,,,7.2,25,,15
17-Sep-06,9,2006,10.73,26.3,,,,,7.31,25,,14
20-Sep-06,9,2006,9.85,25.3,,,,,7.33,25.9,,17
26-Sep-06,9,2006,9.87,21.37,,,,,7.5,25,,12
28-Sep-06,9,2006,9.97,19.42,,,,,7.22,25,,13
2-Oct-06,10,2006,10,19.79,,,,,7.34,24.9,,14
6-Oct-06,10,2006,10.29,15.95,,,,,7.15,24,,10
9-Oct-06,10,2006,10.35,16.33,,,,,7.2,24.5,,12
11-Oct-06,10,2006,10.27,18.64,0.95,0.18,,,7.3,24,,18
16-Oct-06,10,2006,10.16,15.14,,,,,7.35,23,,15
18-Oct-06,10,2006,9.83,18.19,,,,,7.3,24,,15
23-Oct-06,10,2006,9.99,14.85,,,,,7.2,24,,22
24-Oct-06,10,2006,9.87,17.75,,,,,7.26,23.5,,22
25-Oct-06,10,2006,9.8,16.44,,,,,7.32,23.5,,16
26-Oct-06,10,2006,9.57,16.4,,,,,7.2,23,,16
27-Oct-06,10,2006,9.49,16.49,,,,,7.1,23,,16
30-Oct-06,10,2006,10.58,16.99,,,,,7.2,22,,18
31-Oct-06,10,2006,9.2,23.24,,,,,7.1,22,,22
1-Nov-06,11,2006,9.57,23.63,,,,,7.16,23,,25
2-Nov-06,11,2006,10.96,23.08,,,,,7.13,22,,26
3-Nov-06,11,2006,10.32,20.39,,,,,7.25,22.5,,31
6-Nov-06,11,2006,9.91,19.89,,,,,7.22,23,,28
7-Nov-06,11,2006,9.76,20.18,,,,,7.22,23,,21
8-Nov-06,11,2006,9.78,20.89,,,,,7.16,22,,18
9-Nov-06,11,2006,9.5,19.95,,,,,7.2,22,,25
13-Nov-06,11,2006,12.21,16.01,,,,,7.27,21.5,,21
14-Nov-06,11,2006,11.6,17.3,,,,,7.3,21.5,,18
15-Nov-06,11,2006,10.37,14.05,1.21,3.76,,,7.63,21.5,,15
16-Nov-06,11,2006,10.32,18.42,,,,,7.55,22,,14
17-Nov-06,11,2006,9.94,15.18,,,,,7.33,22,,13
20-Nov-06,11,2006,10.34,18.32,,,,,7.2,22,,12
21-Nov-06,11,2006,9.99,17.36,,,,,7.2,21.5,,10
22-Nov-06,11,2006,10.4,15.6,,,,,7.2,21.5,,10
27-Nov-06,11,2006,10.89,20.69,,,,,7.19,20.5,,22
28-Nov-06,11,2006,10.18,22.43,,,,,7.19,20,,19
29-Nov-06,11,2006,9.9,22.34,,,,,7.18,20.5,,15
30-Nov-06,11,2006,9.7,22.18,,,,,7.27,21,,11
1-Dec-06,12,2006,9.64,21.9,,,,,7.33,20.5,0.6,16
4-Dec-06,12,2006,9.84,18.53,,,,,6.86,21,0.8,19
5-Dec-06,12,2006,9.69,21.9,,,,,7.33,20,0.8,16
6-Dec-06,12,2006,9.67,18.16,0.83,4.49,,,7.34,20,0.8,15
7-Dec-06,12,2006,9.55,19.8,,,,,7.31,20,0.8,16
8-Dec-06,12,2006,9.58,22.54,,,,,7.31,20,0.9,16
11-Dec-06,12,2006,10.95,16.95,,,,,7.3,18.5,0.7,22
12-Dec-06,12,2006,18.88,17.26,,,,,7.06,19,0.4,20
13-Dec-06,12,2006,12.59,10.46,,,,,7.27,18.5,0.6,19
14-Dec-06,12,2006,11.71,11.96,,,,,7.26,19.5,0.6,16
15-Dec-06,12,2006,11.35,13.22,,,,,7.03,19,0.7,16
18-Dec-06,12,2006,10.5,14.09,,,,,7.12,19,0.6,20
19-Dec-06,12,2006,10.37,16.85,,,,,7.18,19,0.7,18
20-Dec-06,12,2006,10.08,17.3,,,,,7.09,18.5,0.7,16
21-Dec-06,12,2006,11.64,16.3,,,,,7.12,18,0.7,17
22-Dec-06,12,2006,11.7,16.49,,,,,7.13,18,0.7,18
26-Dec-06,12,2006,11.73,19.45,,,,,7.29,18.5,0.6,20
27-Dec-06,12,2006,13.21,19.19,,,,,7.26,17.5,0.6,21
28-Dec-06,12,2006,11.69,17.9,,,,,7.49,18,0.7,19
29-Dec-06,12,2006,11.42,19.54,,,,,7.31,18,0.6,21
2-Jan-07,1,2007,11.36,14.5,,,,,7.3,18,0.7,13
3-Jan-07,1,2007,11.32,20.05,,,,,7.2,18,0.8,12
4-Jan-07,1,2007,11.47,19.36,,,,,7,18.5,0.9,11
5-Jan-07,1,2007,11.15,22.02,,,,,7,18,0.8,16
8-Jan-07,1,2007,10.82,19.42,0.69,2.08,,,7.44,18,0.7,15
9-Jan-07,1,2007,10.26,18.4,,,,,7.45,18,0.7,12
10-Jan-07,1,2007,9.99,21.09,,,,,7.43,18,0.6,12
11-Jan-07,1,2007,10.1,20.62,,,,,7.44,17,0.6,11
12-Jan-07,1,2007,9.77,21.02,,,,,7.4,17,0.7,12
16-Jan-07,1,2007,9.77,17.4,,,,,7.26,17,0.7,13
17-Jan-07,1,2007,10.04,18.76,,,,,7.4,17,0.7,14
18-Jan-07,1,2007,9.83,19.02,,,,,7.22,17,0.8,13
19-Jan-07,1,2007,9.7,17.26,,,,,7.2,17,0.8,12
22-Jan-07,1,2007,9.69,16.35,,,,,7.2,16,0.7,13
23-Jan-07,1,2007,9.54,15.15,,,,,7.16,17,0.7,10
24-Jan-07,1,2007,9.58,12.86,,,,,7.1,17,0.7,10
25-Jan-07,1,2007,9.53,15.22,,,,,7.1,16,0.7,11
26-Jan-07,1,2007,9.44,15.88,,,,,7.11,18,0.7,10
29-Jan-07,1,2007,10.04,16.35,,,,,7.33,17.5,0.7,14
30-Jan-07,1,2007,9.94,13.78,,,,,7.25,17.5,0.7,12
31-Jan-07,1,2007,9.82,15.58,,,,,7.23,16,0.8,11
1-Feb-07,2,2007,9.75,15.39,,,,,7.2,17,0.8,11
2-Feb-07,2,2007,9.66,14.25,,,,,7.1,18.3,0.8,13
5-Feb-07,2,2007,9.81,13.32,0.97,8.86,,,7.24,17.5,0.7,13
6-Feb-07,2,2007,9.76,13.74,,,,,7.23,18,0.7,13
7-Feb-07,2,2007,10.61,13.8,,,,,7.26,18,0.7,12
8-Feb-07,2,2007,12.84,12.54,,,,,7.23,17.1,0.6,13
9-Feb-07,2,2007,15.04,9.68,,,,,7.25,16,0.6,14
12-Feb-07,2,2007,15.93,5.88,,,,,7.14,17,0.6,13
13-Feb-07,2,2007,14.52,8.75,,,,,7.08,17,0.6,13
15-Feb-07,2,2007,11.88,5.94,,,,,7.12,17,0.6,11
20-Feb-07,2,2007,10.71,10.01,,,,,7.2,17.5,0.7,14
21-Feb-07,2,2007,10.48,9.56,,,,,7.29,17.5,0.7,12
26-Feb-07,2,2007,14.91,7.96,,,,,7.1,16,0.6,14
27-Feb-07,2,2007,18,8.19,,,,,7.4,15.1,0.6,13
1-Mar-07,3,2007,13.99,5.59,,,,,7.2,17,0.6,10
6-Mar-07,3,2007,11.45,8.58,,,,,7.23,17.5,0.7,10
8-Mar-07,3,2007,11.2,9.32,0.73,11.76,,,7.23,18,0.7,9
13-Mar-07,3,2007,10.56,10.15,,,,,7.08,19,0.6,9
15-Mar-07,3,2007,10.15,10.32,,,,,7.12,19,0.7,9
20-Mar-07,3,2007,10.44,12.1,,,,,7.2,18.5,0.7,9
22-Mar-07,3,2007,10.45,11.1,,,,,7.14,19,0.8,9
27-Mar-07,3,2007,10.67,12.66,,,,,7.22,17,0.7,11
29-Mar-07,3,2007,10.28,12.53,,,,,7.17,19.5,0.6,9
3-Apr-07,4,2007,9.9,9.73,,,,,7.11,19,0.6,10
4-Apr-07,4,2007,9.89,9.4,0.83,8.46,,,7.21,19,0.6,8
5-Apr-07,4,2007,9.84,9.08,,,,,7.21,19,0.6,9
10-Apr-07,4,2007,9.92,9.43,,,,,7.1,19,0.6,10
12-Apr-07,4,2007,10.11,11.3,,,,,7.1,18,0.6,10
17-Apr-07,4,2007,10.09,8.83,,,,,7.1,19,0.6,10
19-Apr-07,4,2007,10.08,8.33,,,,,7.01,18,0.6,9
24-Apr-07,4,2007,10.55,8.01,,,,,7.25,19,0.6,9
26-Apr-07,4,2007,10.28,8.24,,,,,7.22,19,0.6,8
1-May-07,5,2007,10.08,10.84,,,,,7.2,20,0.7,11
3-May-07,5,2007,10.25,9.15,,,,,7.02,19,0.7,9
8-May-07,5,2007,9.76,9.69,,,,,7,20,0.7,8
10-May-07,5,2007,9.44,10.22,,,,,7.1,19.5,0.6,7
11-May-07,5,2007,9.66,10.5,,,,,7.1,19,0.6,7
15-May-07,5,2007,9.78,12.7,1.1,3.36,,,7.16,19.5,0.7,10
17-May-07,5,2007,9.79,15.54,,,,,7.09,20,0.7,10
22-May-07,5,2007,9.61,16.67,,,,,7.22,21,0.7,12
24-May-07,5,2007,9.51,16.45,,,,,7.22,20.5,0.7,12
29-May-07,5,2007,10.23,17.94,,,,,7.1,20,0.7,16
30-May-07,5,2007,9.69,16.38,,,,,7.07,20,0.7,15
31-May-07,5,2007,9.69,17.08,,,,,7.09,20,0.7,13
1-Jun-07,6,2007,9.87,14.08,,,,,7,19.5,0.7,13
4-Jun-07,6,2007,9.98,12.18,,,,,7,21,0.7,13
5-Jun-07,6,2007,9.88,13.49,1.44,7.72,,,7.1,21,0.7,13
6-Jun-07,6,2007,9.88,12.53,,,,,7.14,21,0.7,13
7-Jun-07,6,2007,9.84,11.94,,,,,7.1,21,0.7,12
12-Jun-07,6,2007,10.12,9.24,,,,,7.12,22,0.7,11
13-Jun-07,6,2007,10.18,7.69,,,,,7.06,23,0.8,12
19-Jun-07,6,2007,9.71,10.26,,,,,7.03,21.5,0.8,12
21-Jun-07,6,2007,9.57,8.28,,,,,6.99,21.5,0.8,13
26-Jun-07,6,2007,10.42,9.19,,,,,6.9,23,0.6,19
28-Jun-07,6,2007,9.99,8.86,,,,,6.89,23,0.7,19
3-Jul-07,7,2007,9.68,10.66,,,,,7.09,24,0.7,13
5-Jul-07,7,2007,9.5,10.73,,,,,7.08,24,0.7,13
10-Jul-07,7,2007,9.81,11.5,,,,,7.1,24,0.9,18
11-Jul-07,7,2007,9.59,10.06,1.63,5.26,,,7.17,24,0.9,18
12-Jul-07,7,2007,9.59,9.83,,,,,7,24,0.9,18
18-Jul-07,7,2007,10.01,14.23,,,,,6.96,24,0.7,19
19-Jul-07,7,2007,9.86,11.92,,,,,6.82,25,0.7,20
24-Jul-07,7,2007,9.64,12.52,,,,,6.95,25,0.6,18
26-Jul-07,7,2007,9.49,13.48,,,,,6.9,24,0.7,19
31-Jul-07,7,2007,9.91,15.08,,,,,7.12,24.5,0.8,17
2-Aug-07,8,2007,9.79,15.9,,,,,7.12,24,0.8,17
7-Aug-07,8,2007,9.72,14.59,,,,,7.1,23,0.8,17
9-Aug-07,8,2007,9.61,13.38,1.89,8.43,,,7.1,23,0.8,16
14-Aug-07,8,2007,9.92,15.82,,,,,7.08,24,0.8,21
16-Aug-07,8,2007,9.84,16.53,,,,,7.04,24,0.8,20
21-Aug-07,8,2007,9.63,13.84,,,,,6.85,24.5,0.6,20
22-Aug-07,8,2007,9.55,12.7,,,,,6.91,24.5,0.7,15
23-Aug-07,8,2007,9.44,18.06,,,,,6.86,24,0.7,14
28-Aug-07,8,2007,9.32,13.47,,,,,6.84,24,0.8,12
30-Aug-07,8,2007,9.69,12.48,,,,,6.8,24,0.8,12
4-Sep-07,9,2007,10.16,13.03,,,,,6.91,23,0.7,10
5-Sep-07,9,2007,9.79,11.78,,,,,6.92,24,0.8,10
6-Sep-07,9,2007,9.66,14.89,,,,,7.04,24.5,0.8,10
11-Sep-07,9,2007,9.52,10.33,,,,,7,23,0.7,10
12-Sep-07,9,2007,9.47,9.91,0.94,12.1,,,7.02,23,0.7,9
13-Sep-07,9,2007,9.39,12.74,,,,,7.06,23,0.7,11
18-Sep-07,9,2007,9.28,10.17,,,,,6.9,22,0.6,10
20-Sep-07,9,2007,9.49,10.47,,,,,6.92,21,0.6,11
25-Sep-07,9,2007,9.39,13.48,,,,,6.88,23,0.7,12
27-Sep-07,9,2007,9.37,9.85,,,,,6.84,23,0.7,12
2-Oct-07,10,2007,9.39,14.21,,,,,7,22,0.9,12
3-Oct-07,10,2007,9.45,13.78,,,,,6.89,21.5,0.8,12
4-Oct-07,10,2007,9.53,13.07,,,,,6.8,25,0.7,13
9-Oct-07,10,2007,9.44,15.42,0.84,9.94,,,6.92,21,0.7,11
11-Oct-07,10,2007,9.78,9.86,,,,,6.88,21,0.7,10
16-Oct-07,10,2007,10.28,11.03,,,,,6.91,20,0.7,9
18-Oct-07,10,2007,9.91,11.64,,,,,7,20,0.7,10
23-Oct-07,10,2007,9.23,11.18,,,,,6.79,21,0.6,9
25-Oct-07,10,2007,9.45,10.12,,,,,6.9,20,0.6,9
30-Oct-07,10,2007,9.35,11.36,,,,,6.92,19,0.7,9
1-Nov-07,11,2007,9.29,9.8,,,,,6.85,19.5,0.7,8
6-Nov-07,11,2007,9.32,14.92,,,,,6.85,19,0.7,8
8-Nov-07,11,2007,9.36,12.82,0.71,5.31,,,6.98,19,0.6,9
13-Nov-07,11,2007,9.97,9.45,,,,,6.94,19,0.6,11
15-Nov-07,11,2007,9.65,9.32,,,,,6.8,18.5,0.6,7
20-Nov-07,11,2007,9.64,10.28,,,,,6.88,18.5,0.6,7
21-Nov-07,11,2007,9.91,10.52,,,,,6.85,18.5,0.6,7
27-Nov-07,11,2007,9.34,12.64,,,,,6.97,18,0.7,9
29-Nov-07,11,2007,9.32,11.38,,,,,6.78,17,0.7,8
4-Dec-07,12,2007,10.36,12.25,,,,,6.8,17,0.6,8
5-Dec-07,12,2007,9.81,12.78,0.64,9.46,,,6.8,16,0.6,8
6-Dec-07,12,2007,11.43,11.44,,,,,6.8,16,0.6,9
11-Dec-07,12,2007,9.88,10.56,,,,,6.97,15.5,0.7,8
13-Dec-07,12,2007,9.69,12.36,,,,,6.86,15.5,0.6,10
18-Dec-07,12,2007,12.85,12.16,,,,,7.03,14,0.7,10
19-Dec-07,12,2007,11.08,10.28,,,,,7,15,0.6,9
20-Dec-07,12,2007,16.16,9.87,,,,,6.91,13,0.6,10
26-Dec-07,12,2007,10.42,11.9,,,,,6.88,15,0.7,11
27-Dec-07,12,2007,10.55,16.1,,,,,7.03,14,0.7,11
3-Jan-08,1,2008,10.74,12.62,,,,,7.04,18.5,0.6,10
8-Jan-08,1,2008,16.44,7.5,,,,,7.12,17,0.6,10
10-Jan-08,1,2008,14.53,6.2,0.64,5.71,,,7.18,18,0.7,10
15-Jan-08,1,2008,11.27,12.68,,,,,7.13,18,0.6,12
17-Jan-08,1,2008,11.11,13.76,,,,,7,18,0.6,11
22-Jan-08,1,2008,12.22,14.96,,,,,7.17,18,0.7,13
24-Jan-08,1,2008,13.44,10.6,,,,,7.19,17,0.7,12
29-Jan-08,1,2008,17.72,5.98,,,,,7.2,16,0.6,11
31-Jan-08,1,2008,17.26,9.23,,,,,7.2,16.5,0.6,12
5-Feb-08,2,2008,13.91,7.85,,,,,7.1,16.5,0.6,12
7-Feb-08,2,2008,12.63,15.58,0.84,5.64,,,7.2,17,0.6,12
12-Feb-08,2,2008,11.83,14.48,,,,,7.2,17.5,0.6,12
14-Feb-08,2,2008,11.86,12.66,,,,,7.2,17.5,0.6,12
19-Feb-08,2,2008,11.93,14.76,,,,,7.23,18,0.7,17
26-Feb-08,2,2008,14,9.56,,,,,7.19,18,0.6,13
28-Feb-08,2,2008,12.59,12.12,,,,,7.13,19,0.7,16
4-Mar-08,3,2008,11.12,13.64,,,,,7.2,19,0.6,14
6-Mar-08,3,2008,10.89,11.7,,,,,7.2,18.5,0.7,14
11-Mar-08,3,2008,10.52,10.78,,,,,7.15,20,0.7,12
12-Mar-08,3,2008,10.69,10.01,0.95,5.59,,,7.16,20,0.6,12
13-Mar-08,3,2008,10.38,9.02,,,,,7.13,19.5,0.7,11
18-Mar-08,3,2008,10.1,10.04,,,,,7.04,20,0.6,12
20-Mar-08,3,2008,9.95,11.12,,,,,7.09,19.5,0.6,12
25-Mar-08,3,2008,10.36,9.85,,,,,7.04,21,0.6,10
27-Mar-08,3,2008,10.39,10.53,,,,,7.11,19.5,0.6,10
1-Apr-08,4,2008,9.7,8.15,,,,,7.25,20.5,0.6,11
3-Apr-08,4,2008,9.49,13.16,,,,,7.2,20,0.6,11
8-Apr-08,4,2008,9.78,25.48,,,,,7.26,19.5,0.7,21
9-Apr-08,4,2008,9.69,27.2,0.08,1.65,,,7.1,20,0.7,19
10-Apr-08,4,2008,9.6,26.08,,,,,7.06,20,0.7,15
17-Apr-08,4,2008,9.68,26.04,,,,,7.34,22,0.7,13
22-Apr-08,4,2008,9.81,31.9,,,,,7.2,20,0.7,15
24-Apr-08,4,2008,9.82,25.52,,,,,7.2,21,0.7,15
29-Apr-08,4,2008,9.52,18.02,,,,,7.22,21.5,0.6,11
30-Apr-08,4,2008,9.28,15.42,,,,,7.13,21,0.6,11
6-May-08,5,2008,9.73,9.86,,,,,7.1,22,0.7,9
8-May-08,5,2008,9.82,8.18,2.17,2.67,,,6.95,22,0.8,9
12-May-08,5,2008,9.89,9.02,,,,,6.91,22,0.7,9
13-May-08,5,2008,9.6,9.37,,,,,7.01,23,0.7,8
15-May-08,5,2008,9.55,12.92,,,,,6.91,24,0.6,10
20-May-08,5,2008,9.5,10.94,,,,,7.13,22.5,0.7,7
22-May-08,5,2008,9.22,10.7,,,,,7,22.5,0.7,7
27-May-08,5,2008,9.4,11.82,,,,,6.95,23.5,0.7,9
29-May-08,5,2008,9.21,12.21,,,,,6.91,23,0.7,8
3-Jun-08,6,2008,9.73,15.15,,,,,7,23,0.8,8
4-Jun-08,6,2008,9.81,17.24,,,,,6.94,23,0.9,7
5-Jun-08,6,2008,9.78,16.12,,,,,6.84,23,0.9,8
10-Jun-08,6,2008,9.51,20.85,,,,,6.98,24,0.7,8
11-Jun-08,6,2008,9.28,20.02,1.03,3.29,,,7.02,24.5,0.7,8
12-Jun-08,6,2008,9.26,17.17,,,,,7,25.5,0.7,9
16-Jun-08,6,2008,9.97,19.19,,,,,7.09,23.5,0.8,10
17-Jun-08,6,2008,9.77,20.7,,,,,7.18,23.5,0.9,10
18-Jun-08,6,2008,9.65,18.87,,,,,7,24,0.9,10
19-Jun-08,6,2008,9.55,18.46,,,,,6.97,24.5,0.8,9
20-Jun-08,6,2008,9.65,14.52,,,,,7.06,26,0.8,8
24-Jun-08,6,2008,9.19,18.58,,,,,7.14,25,0.8,10
25-Jun-08,6,2008,9.2,17.36,,,,,6.96,24,0.7,9
26-Jun-08,6,2008,9.45,16.41,,,,,7.07,24,0.7,9
27-Jun-08,6,2008,9.73,14.8,,,,,7.05,24.5,0.7,10
30-Jun-08,6,2008,9.57,14.44,,,,,6.98,25,0.9,11
1-Jul-08,7,2008,9.55,14.05,,,,,6.93,24,1,9
2-Jul-08,7,2008,9.57,12.14,,,,,6.94,24.5,1.1,10
3-Jul-08,7,2008,9.51,11.2,,,,,6.94,25,1.1,10
7-Jul-08,7,2008,9.73,12.64,,,,,6.91,25.5,0.9,10
8-Jul-08,7,2008,9.45,9.54,,,,,6.9,27,0.9,9
9-Jul-08,7,2008,9.66,9.91,,,,,6.96,26,0.8,10
10-Jul-08,7,2008,9.57,11.34,,,,,6.99,25.5,0.8,9
11-Jul-08,7,2008,9.72,9.85,,,,,6.99,25,0.8,9
14-Jul-08,7,2008,9.62,11.17,,,,,6.98,25.5,0.8,11
15-Jul-08,7,2008,9.29,11.52,,,,,6.91,25,0.9,10
16-Jul-08,7,2008,9.26,10.76,,,,,6.85,25,0.9,10
17-Jul-08,7,2008,9.27,10.94,,,,,6.89,25,0.9,10
21-Jul-08,7,2008,9.47,10.85,,,,,6.94,24,0.9,12
22-Jul-08,7,2008,9.32,11.64,,,,,6.94,24.5,0.8,11
23-Jul-08,7,2008,9.37,9.75,,,,,6.81,25,0.8,11
24-Jul-08,7,2008,9.17,12,1.77,6.7,,,6.9,25,0.8,10
25-Jul-08,7,2008,9.11,10.64,,,,,6.86,25,0.8,11
28-Jul-08,7,2008,9.66,9.78,,,,,7.11,25,0.9,13
29-Jul-08,7,2008,9.56,10.92,,,,,6.94,25,1,12
30-Jul-08,7,2008,9.72,11.76,,,,,6.92,25,1,14
31-Jul-08,7,2008,9.73,10.76,,,,,6.91,25,1.2,14
1-Aug-08,8,2008,9.73,11.48,,,,, ,25,1.1,14
4-Aug-08,8,2008,9.34,13.6,,,,,7.08,25,1,13
5-Aug-08,8,2008,9.22,15.24,,,,,7.1,25,0.9,11
6-Aug-08,8,2008,9.31,13,1.49,10.71,,,6.87,25.5,0.9,12
7-Aug-08,8,2008,9.34,9.83,,,,,6.94,25,0.8,11
8-Aug-08,8,2008,9.23,9.18,,,,,6.95,25,0.8,10
12-Aug-08,8,2008,9.26,11.74,,,,,6.95,25,0.9,9
13-Aug-08,8,2008,9.31,14.56,,,,,6.9,26,0.9,9
14-Aug-08,8,2008,9.26,10.61,,,,,6.95,25,0.9,9
15-Aug-08,8,2008,9.5,9.57,,,,,6.98,25,0.9,9
18-Aug-08,8,2008,9.52,15.05,,,,,7.13,24.5,1,12
19-Aug-08,8,2008,9.39,14.18,,,,,7.01,25,0.9,13
20-Aug-08,8,2008,9.4,11.59,,,,,7.07,25.5,0.7,14
21-Aug-08,8,2008,9.34,15.9,,,,,6.98,26,0.9,11
22-Aug-08,8,2008,9.28,19.32,,,,,7.15,25.5,0.9,10
25-Aug-08,8,2008,9.52,20.26,,,,,7.13,26,0.9,11
26-Aug-08,8,2008,9.17,18.68,,,,,7.12,26,1,9
28-Aug-08,8,2008,9.3,15.22,,,,,7.13,26,1,8
29-Aug-08,8,2008,9.37,12.45,,,,,7.24,26,1,8
2-Sep-08,9,2008,9.24,13.04,,,,,7.02,26,0.9,8
3-Sep-08,9,2008,8.89,13.99,,,,,6.98,26,0.9,6
4-Sep-08,9,2008,8.96,13.24,,,,,7.14,26,0.9,6
5-Sep-08,9,2008,8.97,10.66,,,,,6.91,26.5,0.9,6
8-Sep-08,9,2008,9.52,11.12,,,,,7.3,25,0.8,9
9-Sep-08,9,2008,9.49,11.98,,,,,7.11,25.5,0.9,10
10-Sep-08,9,2008,9.42,11.9,,,,,6.96,25,0.9,9
11-Sep-08,9,2008,9.25,10.41,2.18,10.31,12,,7.01,25,0.9,9
12-Sep-08,9,2008,9.33,10.36,,,,,6.96,25,0.9,10
15-Sep-08,9,2008,9.54,10.84,,,,,7.01,25,0.8,10
16-Sep-08,9,2008,8.82,10.84,,,,,7.03,24.5,0.8,10
17-Sep-08,9,2008,9.11,8.72,,,,,7.16,24.5,0.8,11
18-Sep-08,9,2008,9.44,8,,,,,7.03,24.5,0.8,11
19-Sep-08,9,2008,8.93,9.84,,,,,6.98,25,0.9,11
22-Sep-08,9,2008,10.5,9.19,,,,,7.01,25,0.9,13
23-Sep-08,9,2008,8.67,10.02,,,,,6.98,25,0.8,14
24-Sep-08,9,2008,8.8,9.36,,,,,7.03,25,0.8,15
25-Sep-08,9,2008,9.05,9.29,,,,,6.99,25,0.8,13
26-Sep-08,9,2008,8.92,7.16,,,,,6.97,25,0.8,11
29-Sep-08,9,2008,9,8.33,,,,,6.95,25,0.7,10
30-Sep-08,9,2008,8.76,8.8,,,,,6.95,24.5,0.8,10
1-Oct-08,10,2008,8.86,6.95,,,,,6.81,25,0.8,10
2-Oct-08,10,2008,8.7,5.94,,,,,6.91,25,0.8,11
3-Oct-08,10,2008,8.7,8.01,,,,,6.97,24.5,0.8,11
6-Oct-08,10,2008,9.07,7.45,,,,,6.85,25,0.8,12
8-Oct-08,10,2008,8.87,11.58,0.9,15.51,12,,6.8,25,0.7,10
9-Oct-08,10,2008,8.73,8.83,,,,,6.85,25,0.7,9
10-Oct-08,10,2008,8.79,8.34,,,,,6.9,24,0.7,10
13-Oct-08,10,2008,9.97,11.92,,,,,6.95,24,0.7,13
14-Oct-08,10,2008,8.61,12.34,,,,,6.91,24,0.7,16
15-Oct-08,10,2008,8.62,11.42,,,,,6.92,24.5,0.7,12
16-Oct-08,10,2008,8.69,9.87,,,,,6.9,24.5,0.7,11
20-Oct-08,10,2008,9.07,13.8,,,,,6.99,24,0.8,11
21-Oct-08,10,2008,8.86,13.38,,,,,6.9,24,0.8,12
22-Oct-08,10,2008,8.9,11.76,,,,,6.94,24,0.7,11
23-Oct-08,10,2008,8.84,12,,,,,6.86,24,0.7,10
24-Oct-08,10,2008,8.92,12.18,,,,,6.82,24,0.7,10
27-Oct-08,10,2008,8.75,14.4,,,,,7.02,23,0.7,14
28-Oct-08,10,2008,8.63,12.88,,,,,6.9,22,0.8,12
29-Oct-08,10,2008,8.68,13.98,,,,,7.1,23,0.8,12
30-Oct-08,10,2008,8.74,13.66,,,,,6.97,23,0.9,13
31-Oct-08,10,2008,8.76,10.89,,,,,7,23,0.9,14
3-Nov-08,11,2008,11.1,9.29,,,,,7,22,0.8,12
4-Nov-08,11,2008,10.39,10.94,,,,,6.97,21,0.9,11
5-Nov-08,11,2008,9.81,9.84,0.73,6.98,12,,6.87,21.5,0.8,11
6-Nov-08,11,2008,9.65,9.75,,,,,6.8,21,0.8,11
7-Nov-08,11,2008,9.39,10.01,,,,,6.72,21.5,0.8,10
10-Nov-08,11,2008,9.09,12.34,,,,,6.9,22.5,0.8,11
12-Nov-08,11,2008,9.03,10.65,,,,,6.91,23,0.8,10
13-Nov-08,11,2008,8.9,9.51,,,,,6.8,23,0.9,10
14-Nov-08,11,2008,8.76,9.52,,,,,6.89,23,0.9,9
17-Nov-08,11,2008,9.15,10.75,,,,,6.9,22,0.8,11
18-Nov-08,11,2008,9.06,11.59,,,,,6.85,21.5,0.8,10
19-Nov-08,11,2008,9,10.22,,,,,6.88,22.5,0.8,11
20-Nov-08,11,2008,9.06,10.58,,,,,6.7,21,0.7,12
21-Nov-08,11,2008,9,10.68,,,,,6.73,22,0.7,11
24-Nov-08,11,2008,9.01,11.25,,,,,6.83,22,0.8,11
25-Nov-08,11,2008,8.85,10.33,,,,,6.83,22,0.9,11
26-Nov-08,11,2008,9.32,12.12,,,,,6.97,22,0.9,11
1-Dec-08,12,2008,9.21,27.89,,,,,6.99,21,0.9,40
2-Dec-08,12,2008,8.95,28.11,,,,,6.98,21,0.9,18
3-Dec-08,12,2008,8.9,26.73,,,,,7.08,20,0.7,14
4-Dec-08,12,2008,6.66,30.98,,,32,,7.03,20,0.7,14
5-Dec-08,12,2008,9.86,25.56,,,,,7.23,20,0.7,12
8-Dec-08,12,2008,9.68,28.25,,,,,7.14,20,0.7,16
9-Dec-08,12,2008,9.12,27.83,,,,,7.14,19,0.7,14
10-Dec-08,12,2008,9.03,25.54,0.29,,,,7.16,20,0.8,14
11-Dec-08,12,2008,9.07,28.24,,,,,7.1,20,0.8,13
12-Dec-08,12,2008,9.04,25.38,,,,,7.24,20,0.8,14
15-Dec-08,12,2008,9.69,22.8,,,,,7.25,20,1.1,19
16-Dec-08,12,2008,9.24,17.44,,,,,7.12,19,1,16
17-Dec-08,12,2008,9.17,21.56,,,,,7.2,19,0.9,17
18-Dec-08,12,2008,9.67,18.52,,,,,7.05,19,0.8,15
19-Dec-08,12,2008,10.68,16.39,,,,,6.99,18.5,0.7,17
22-Dec-08,12,2008,10.53,13.26,,,,,7.07,19,0.7,14
23-Dec-08,12,2008,9.67,12.14,,,,,7.1,19,0.7,13
24-Dec-08,12,2008,10.82,11.56,,,,,7.01,19,0.8,13
26-Dec-08,12,2008,10.38,10.43,,,,,6.95,18,0.8,11
29-Dec-08,12,2008,9.87,14.33,,,,,7.01,19,0.7,14
30-Dec-08,12,2008,9.65,13.83,,,,,7.02,19,0.6,12
31-Dec-08,12,2008,9.88,13.76,,,,,6.97,19,0.6,13
2-Jan-09,1,2009,9.39,14.49,,,,,7.37,18.5,0.6,12
5-Jan-09,1,2009,9.41,14.86,,,,,7.49,19,0.6,13
6-Jan-09,1,2009,9.19,13.12,,,15,,7.4,19,0.6,12
7-Jan-09,1,2009,9.29,13.9,,,,,7.36,18.5,0.7,12
8-Jan-09,1,2009,9.26,13.03,,,,,7.24,19,0.7,15
9-Jan-09,1,2009,9.2,12.74,,,,,7.27,19,0.7,13
12-Jan-09,1,2009,9.05,12.18,,,,,7.23,19,0.7,14
13-Jan-09,1,2009,8.96,11.62,,,,,7.25,19,0.7,14
14-Jan-09,1,2009,9.01,11.7,,,,,7.18,19,0.8,14
15-Jan-09,1,2009,9.14,10.36,0.89,9.26,,,7.16,19,0.7,14
16-Jan-09,1,2009,8.96,9.64,,,,,7.24,19,0.9,12
20-Jan-09,1,2009,9.05,12.34,,,,,7.17,19,0.6,13
21-Jan-09,1,2009,9.08,12.16,,,,,7.21,19,0.7,12
22-Jan-09,1,2009,12.05,9.4,,,,,7.09,19,0.7,11
23-Jan-09,1,2009,10.52,7.78,,,,,7.1,19,0.7,12
26-Jan-09,1,2009,9.6,8.99,,,,,6.92,19,0.7,11
27-Jan-09,1,2009,9.29,8.65,,,,,7.15,19,0.7,11
28-Jan-09,1,2009,9.17,10.16,,,,,6.94,19,0.7,11
29-Jan-09,1,2009,9.13,8.85,,,,,6.93,19,0.7,11
30-Jan-09,1,2009,9.02,9.64,,,,,6.99,19.5,0.6,12
2-Feb-09,2,2009,9.15,8.96,,,,,7.13,19.5,0.6,12
3-Feb-09,2,2009,9.13,8.36,,,,,7.13,19,0.6,12
4-Feb-09,2,2009,9.24,8.43,,,,,6.95,19,0.6,12
5-Feb-09,2,2009,9.56,8.83,0.94,13.56,12,,7.07,19,0.7,11
6-Feb-09,2,2009,10.65,8.85,,,,,6.88,18.5,0.8,12
9-Feb-09,2,2009,10.19,8.44,,,,,7.09,19,0.9,12
10-Feb-09,2,2009,9.71,6.99,,,,,6.97,19,0.8,12
11-Feb-09,2,2009,11.08,7.69,,,,,6.98,18,0.8,11
12-Feb-09,2,2009,10.28,8.19,,,,,7.06,18,1,10
13-Feb-09,2,2009,15.9,6.88,,,,,6.88,18,0.6,13
17-Feb-09,2,2009,23.82,2.91,,,,,7.05,16,0.5,12
18-Feb-09,2,2009,18.42,3.86,,,,,7.17,17,0.6,12
19-Feb-09,2,2009,14.94,3.99,,,,,7.29,17.5,0.6,11
20-Feb-09,2,2009,13.05,6.56,,,,,7.22,18,0.7,12
23-Feb-09,2,2009,26.28,4.75,,,,,7.17,16.5,0.5,18
24-Feb-09,2,2009,27.16,3.25,,,,,7.15,17,0.5,12
25-Feb-09,2,2009,17.8,3.58,,,,,7.32,17.5,0.6,12
26-Feb-09,2,2009,16.72,5.73,,,,,7.18,18,0.6,11
27-Feb-09,2,2009,14.51,5.5,,,,,7.25,18,0.6,11
2-Mar-09,3,2009,23.31,8.07,,,,,7.37,17.5,0.6,14
3-Mar-09,3,2009,30.38,5.73,,,,,7.24,18,0.4,12
4-Mar-09,3,2009,27.14,5.41,,,,,7.27,17,0.5,18
5-Mar-09,3,2009,29.27,4,,,,,7.09,16,0.4,12
6-Mar-09,3,2009,21.23,3.06,,,,,7.19,17,0.5,12
9-Mar-09,3,2009,14.54,8.12,,,,,7.19,18,0.6,11
10-Mar-09,3,2009,13.24,9.87,,,,,7.25,18,0.6,11
11-Mar-09,3,2009,12.61,11.47,0.72,4.74,12,,7.39,19,0.6,12
12-Mar-09,3,2009,12.08,10.09,,,,,7.26,19,0.6,12
13-Mar-09,3,2009,11.69,9.83,,,,,7.25,19,0.6,11
16-Mar-09,3,2009,11.47,11.6,,,,,7.34,19,0.6,12
17-Mar-09,3,2009,11.15,12.16,,,,,7.28,19.5,0.6,10
18-Mar-09,3,2009,10.88,12.6,,,,,7.32,20,0.6,11
19-Mar-09,3,2009,10.8,11.86,,,,,7.27,20,0.6,11
20-Mar-09,3,2009,10.59,12.5,,,,,7.31,20,0.6,11
23-Mar-09,3,2009,10.58,13.18,,,,,7.43,19,0.6,12
24-Mar-09,3,2009,10.29,12.47,,,,,7.25,19,0.6,12
25-Mar-09,3,2009,10.22,11.46,,,,,7.2,20,0.6,11
26-Mar-09,3,2009,10.2,12.04,,,,,7.36,20,0.6,11
27-Mar-09,3,2009,10.23,11.68,,,,,6.98,20,0.6,11
30-Mar-09,3,2009,9.86,10.31,,,,,7.39,20,0.6,9
31-Mar-09,3,2009,9.7,11.63,,,,,7.41,20,0.6,12
1-Apr-09,4,2009,9.58,10.35,,,,,7.27,21.5,0.6,13
2-Apr-09,4,2009,9.64,9.39,,,,,7.25,21,0.6,12
3-Apr-09,4,2009,9.62,8.9,0.88,12.5,11,,7.26,21,0.6,12
6-Apr-09,4,2009,10.04,9.08,,,,,7.01,21,0.6,12
7-Apr-09,4,2009,10.18,9.19,,,,,7.17,21,0.6,10
8-Apr-09,4,2009,11.35,9.03,,,,,7.22,22,0.6,12
9-Apr-09,4,2009,10.75,8.91,,,,,7.26,22,0.6,12
10-Apr-09,4,2009,10.65,7.49,,,,,7.04,23,0.6,12
13-Apr-09,4,2009,8.95,7.94,,,,,7.24,22,0.6,12
14-Apr-09,4,2009,10.91,6.51,,,,,7.25,21,0.6,10
15-Apr-09,4,2009,9.99,9.54,,,,,7.24,21,0.7,11
16-Apr-09,4,2009,9.9,10.63,,,,,7.06,21,0.6,11
17-Apr-09,4,2009,9.55,8.37,,,,,7.3,21,0.6,10
20-Apr-09,4,2009,9.89,8.78,,,,,7.16,24,0.6,9
21-Apr-09,4,2009,9.92,6.2,,,,,7.05,23,0.6,11
22-Apr-09,4,2009,9.95,7.52,,,,,7.28,23,0.6,9
23-Apr-09,4,2009,9.93,6.89,,,,,7.19,22,0.6,9
24-Apr-09,4,2009,10.03,7.08,,,,,7.2,22,0.7,9
27-Apr-09,4,2009,9.71,8.2,,,,,7.21,22,0.7,10
28-Apr-09,4,2009,9.52,7.12,,,,,7.19,21,0.7,10
29-Apr-09,4,2009,9.5,8.48,,,,,7.21,22,0.7,9
30-Apr-09,4,2009,9.5,6.48,,,,,7.23,21,0.7,9
1-May-09,5,2009,10.83,7.58,,,,,7.21,21,0.7,9
4-May-09,5,2009,10.42,8.68,,,,,7.21,23,0.6,10
5-May-09,5,2009,10.93,8.81,,,,,7.26,22,0.6,10
6-May-09,5,2009,10.36,8.09,,,,,7.31,22,0.6,9
7-May-09,5,2009,10.1,8.42,0.83,9.65,9,,7.2,23,0.6,8
8-May-09,5,2009,10.13,7.43,,,,,7.19,22,0.6,8
11-May-09,5,2009,9.84,10.04,,,,,7.23,23,0.7,10
12-May-09,5,2009,9.56,9.94,,,,,7.23,22,0.7,10
13-May-09,5,2009,9.43,10.38,,,,,7.23,23,0.7,10
14-May-09,5,2009,9.4,9.85,,,,,7.14,23,0.7,11
15-May-09,5,2009,9.48,10.03,,,,,7.16,23,0.6,11
18-May-09,5,2009,9.98,9.78,,,,,7.23,23,0.6,13
19-May-09,5,2009,9.55,10.18,,,,,7.2,23,0.6,11
20-May-09,5,2009,9.55,9.65,,,,,7.18,23,0.6,10
21-May-09,5,2009,9.48,9.56,,,,,7.13,23,0.6,11
22-May-09,5,2009,9.65,8.88,,,,,7.11,23,0.7,10
26-May-09,5,2009,9.84,10.65,,,,,7.11,23.5,0.9,12
27-May-09,5,2009,9.82,10.9,,,,,7.13,24,2.5,9
28-May-09,5,2009,9.52,8.64,,,,,7,24,1.3,10
29-May-09,5,2009,9.59,8.1,,,,,7.11,23,0.9,10
31-May-09,5,2009,9.47,11.02,,,,,7.1,23,0.7,12
1-Jun-09,6,2009,9.47,11.02,,,,,7.12,23.5,0.7,12
2-Jun-09,6,2009,9.32,10.94,,,,,7.04,23.5,0.7,11
3-Jun-09,6,2009,9.31,9.29,0.89,13.42,12,,7.08,23.5,0.7,10
4-Jun-09,6,2009,9.3,7.83,,,,,7.08,23.5,0.8,10
5-Jun-09,6,2009,9.37,7.02,,,,,7.14,24,0.7,12
8-Jun-09,6,2009,9.74,9.64,,,,,7.24,24,0.7,13
9-Jun-09,6,2009,9.62,9.84,,,,,7.2,23,0.7,12
10-Jun-09,6,2009,9.51,9.23,,,,,7.19,24,0.8,12
11-Jun-09,6,2009,9.45,9.77,,,,,7.02,24,0.8,11
12-Jun-09,6,2009,9.54,8.86,,,,,7.17,24,0.7,11
15-Jun-09,6,2009,10.43,10.61,,,,,7.18,24,0.7,15
16-Jun-09,6,2009,9.62,11.5,,,,,7.07,24,0.7,17
17-Jun-09,6,2009,9.58,10.53,,,,,7.2,24,0.7,14
18-Jun-09,6,2009,9.66,9.84,,,,,7.11,24.5,0.7,14
19-Jun-09,6,2009,9.77,9.36,,,,,7.13,24.9,0.7,12
22-Jun-09,6,2009,10.77,9.93,,,,,7.16,24.5,1.1,13
23-Jun-09,6,2009,9.58,13.6,,,,,7.11,24.5,1.2,14
24-Jun-09,6,2009,9.27,11.66,,,,,7.13,24,1.2,14
25-Jun-09,6,2009,9.15,12.52,,,,,7.17,24,1.1,16
26-Jun-09,6,2009,9.09,10.63,,,,,7.08,24.5,1,16
29-Jun-09,6,2009,9.18,10.07,,,,,7.32,25,0.8,15
30-Jun-09,6,2009,9.68,10.6,,,,,7.12,25,0.8,15
1-Jul-09,7,2009,9.65,10.2,,,,,7.21,25,0.8,15
2-Jul-09,7,2009,9.69,10.25,,,,,7.19,25,0.8,16
6-Jul-09,7,2009,9.53,11.48,,,,,7.13,24.5,0.8,16
7-Jul-09,7,2009,9.28,11.64,1.03,4.2,14,,7.14,24.5,0.8,12
8-Jul-09,7,2009,9.35,9.68,,,,,7.15,25,0.7,13
9-Jul-09,7,2009,9.37,8.63,,,,,7.07,25,0.7,14
10-Jul-09,7,2009,9.28,7.84,,,,,7.15,25,0.8,16
13-Jul-09,7,2009,9.33,9.56,,,,,7.12,26,0.7,13
14-Jul-09,7,2009,9.36,9.24,,,,,7.17,26.5,0.7,13
15-Jul-09,7,2009,9.34,7.91,,,,,7.16,25.5,0.7,14
16-Jul-09,7,2009,9.39,8.33,,,,,7.11,25,0.7,14
17-Jul-09,7,2009,9.64,8.49,,,,,7.2,25,0.7,14
20-Jul-09,7,2009,9.36,9.04,,,,,7.22,25,0.9,14
21-Jul-09,7,2009,9.12,9.16,,,,,7.2,25,1,14
22-Jul-09,7,2009,9.2,9.44,,,,,7.19,25,1,13
23-Jul-09,7,2009,9.13,8.42,,,,,7.14,25,1,15
24-Jul-09,7,2009,9.28,7.43,,,,,7.13,24.5,1,14
27-Jul-09,7,2009,9.6,17.66,,,,,7.12,25,0.8,14
28-Jul-09,7,2009,9.72,21.42,,,,,7.25,25,0.8,17
29-Jul-09,7,2009,9.56,23.65,,,,,7.08,25,0.8,19
30-Jul-09,7,2009,9.58,16.49,,,,,7.11,25,0.8,19
31-Jul-09,7,2009,9.74,12.3,,,,,7.1,25,0.8,16
3-Aug-09,8,2009,9.37,9.16,,,,,7.11,25,0.8,11
4-Aug-09,8,2009,9.27,9.73,,,,,7,25,0.8,11
5-Aug-09,8,2009,9.21,8.42,1.1,15.1,13,,7.01,25,0.8,10
6-Aug-09,8,2009,9.08,7.63,,,,,7.15,25,0.8,10
7-Aug-09,8,2009,9.14,7.9,,,,,7.13,25,0.8,10
10-Aug-09,8,2009,9.34,12.79,,,,,7.13,26,0.7,12
11-Aug-09,8,2009,9.1,13.12,,,,,7.01,25,0.7,10
12-Aug-09,8,2009,9.15,12.66,,,,,7.04,26,0.7,10
13-Aug-09,8,2009,8.88,11.2,,,,,7.22,26,0.7,12
14-Aug-09,8,2009,9.24,11.4,,,,,7.16,25.5,0.7,13
17-Aug-09,8,2009,9.2,13.76,,,,,7.1,25.5,0.9,12
18-Aug-09,8,2009,9.24,14.48,,,,,7.01,25,1,11
19-Aug-09,8,2009,9.13,11.98,,,,,7.02,25,0.9,9
20-Aug-09,8,2009,9.12,11,,,,,7.19,25,1,10
21-Aug-09,8,2009,9.14,11.4,,,,,7.13,25.5,1,11
24-Aug-09,8,2009,9.1,12.84,,,,,6.92,25,0.9,12
25-Aug-09,8,2009,8.91,13.39,,,,,7.23,25.5,0.9,12
26-Aug-09,8,2009,8.89,9.83,,,,,7.18,26,0.8,11
27-Aug-09,8,2009,8.62,10.29,,,,,7.31,26,0.9,10
28-Aug-09,8,2009,8.79,14.06,,,,,7.07,26,0.8,12
31-Aug-09,8,2009,9.18,12.58,,,,,7.24,25.5,0.8,13
1-Sep-09,9,2009,9.14,13.96,,,,,7.17,26,0.8,10
2-Sep-09,9,2009,8.74,13.56,,,,,7.2,26,0.8,10
3-Sep-09,9,2009,8.64,13.52,13,20.62,,,7.25,26.5,0.8,11
4-Sep-09,9,2009,8.8,14.74,,,,,7.3,26,0.8,10
8-Sep-09,9,2009,9.01,13.98,,,,,7.07,26,0.8,12
9-Sep-09,9,2009,8.74,14.62,,,,,7.29,26,0.8,10
10-Sep-09,9,2009,8.86,17.31,,,,,7.26,26,0.8,11
11-Sep-09,9,2009,8.84,19.37,,,,,7.31,26.5,0.9,10
14-Sep-09,9,2009,9.3,19.16,,,,,7.34,26,0.9,11
15-Sep-09,9,2009,8.89,20.32,,,,,7.32,26,1,10
16-Sep-09,9,2009,8.86,20.28,,,,,7.32,26,0.9,8
17-Sep-09,9,2009,8.8,16.76,,,20,,7.39,26,0.8,8
18-Sep-09,9,2009,8.87,15.58,,,,,7.22,26.5,0.8,9
21-Sep-09,9,2009,9.12,15.23,,,,,7.14,26.5,0.9,11
22-Sep-09,9,2009,9.2,15.62,,,,,7.31,26.5,0.9,9
23-Sep-09,9,2009,9.25,14.42,,,,,7.25,26.5,0.9,10
24-Sep-09,9,2009,9.21,14.1,,,,,7.28,26.5,1,10
25-Sep-09,9,2009,9.24,14.06,,,,,7.38,25.5,1,10
28-Sep-09,9,2009,9.53,13.83,,,,,7.29,26,0.9,12
29-Sep-09,9,2009,9.25,13.72,,,,,7.37,25,1.1,10
30-Sep-09,9,2009,8.58,13.48,,,,,7.33,25,0.9,10
1-Oct-09,10,2009,8.43,12.37,,,,,7.23,25,0.8,10
2-Oct-09,10,2009,8.46,12.82,,,,,7.23,25.5,0.7,9
5-Oct-09,10,2009,8.58,14.06,,,,,7.31,25,0.8,10
6-Oct-09,10,2009,8.55,12.52,,,,,7.23,25,0.8,8
7-Oct-09,10,2009,8.59,11.14,0.99,19.63,15,,7.22,25.1,0.8,8
8-Oct-09,10,2009,8.5,11.64,,,,,7.23,24,0.8,9
9-Oct-09,10,2009,8.62,12.45,,,,,7.24,24,0.8,10
12-Oct-09,10,2009,8.97,13.64,,,,,7.12,23,0.8,12
13-Oct-09,10,2009,21.65,13.88,,,,,6.96,21.5,0.9,11
14-Oct-09,10,2009,13.34,7.78,,,,,7.21,23,0.8,20
15-Oct-09,10,2009,10.61,6.7,,,,,7.22,24,0.8,11
16-Oct-09,10,2009,9.95,7.36,,,,,7.04,24.5,0.8,11
19-Oct-09,10,2009,10.64,10.72,,,,,7.01,24,0.7,12
20-Oct-09,10,2009,10.06,9.77,,,,,7.17,24,0.8,10
21-Oct-09,10,2009,9.69,13.09,,,,,7.25,23.5,0.8,10
22-Oct-09,10,2009,9.61,14.69,,,,,7.19,24,0.8,10
23-Oct-09,10,2009,9.44,10.5,,,,,7.05,24,0.8,10
26-Oct-09,10,2009,9.14,10.54,,,,,7.17,25,0.8,10
27-Oct-09,10,2009,8.81,10.14,,,,,7.26,23.5,0.7,8
28-Oct-09,10,2009,8.82,12.34,,,,,7.11,23,0.7,8
29-Oct-09,10,2009,8.68,10.46,,,,,7.13,23,0.6,9
30-Oct-09,10,2009,8.72,10.57,,,,,7.1,23.1,0.6,10
2-Nov-09,11,2009,9.01,13,,,,,7.05,24,0.7,10
3-Nov-09,11,2009,9.01,14.22,,,,,7.16,23.5,0.7,10
4-Nov-09,11,2009,9.22,14.44,,,,,7,22,0.8,11
5-Nov-09,11,2009,9.16,14.69,,,16,,6.9,23,0.8,11
6-Nov-09,11,2009,9.22,15.55,,,,,7.09,23.5,0.9,13
9-Nov-09,11,2009,8.89,16.66,,,,,7.24,23,0.7,15
10-Nov-09,11,2009,8.63,18.68,,,,,7.2,23,0.7,15
12-Nov-09,11,2009,8.8,21.75,0.61,4.29,,,7.16,23,0.7,17
13-Nov-09,11,2009,8.77,20.72,,,,,7.15,22.5,0.7,17
16-Nov-09,11,2009,9.07,21.3,,,,,7.28,22.5,0.7,19
17-Nov-09,11,2009,9.15,21.82,,,,,7.27,22,0.8,18
18-Nov-09,11,2009,9.22,24.04,,,,,7.17,22,0.7,19
19-Nov-09,11,2009,9.11,22,,,,,7.15,22,0.7,18
20-Nov-09,11,2009,9.42,25.28,,,,,7.27,21.5,0.7,18
23-Nov-09,11,2009,9,23.49,,,,,7.25,20.8,0.6,16
24-Nov-09,11,2009,8.8,22.98,,,,,7.25,21.5,0.6,15
25-Nov-09,11,2009,9,22.78,,,,,7.2,21.5,0.6,15
30-Nov-09,11,2009,9.1,26.29,,,,,7.22,21,0.6,20
1-Dec-09,12,2009,9.1,24.64,,,,,7.17,21,0.7,14
2-Dec-09,12,2009,9.2,24.16,,,,,7.22,20.5,0.8,16
3-Dec-09,12,2009,9.1,29.24,,,,,7.14,20.5,0.8,14
4-Dec-09,12,2009,9,21.4,,,,,7.12,20.5,0.8,14
7-Dec-09,12,2009,10.1,21.64,,,,,7.27,19,0.9,13
8-Dec-09,12,2009,9.3,17.55,0.68,4.5,23,,7.23,19,0.8,13
9-Dec-09,12,2009,9.1,19.81,,,,,7.3,19,0.7,12
10-Dec-09,12,2009,8.9,17.39,,,,,7.37,19,0.8,12
11-Dec-09,12,2009,10.1,16.74,,,,,7.33,19.5,0.8,12
14-Dec-09,12,2009,11.6,10.35,,,,,7.04,19,0.7,14
15-Dec-09,12,2009,10.62,12.7,,,,,7.22,19.2,0.8,11
16-Dec-09,12,2009,10.3,15.13,,,,,7.1,19,0.8,12
17-Dec-09,12,2009,10,14.89,,,,,7.1,19.5,0.8,11
18-Dec-09,12,2009,9.81,14.71,,,,,7.22,19.5,0.8,11
21-Dec-09,12,2009,9.45,15.3,,,,,7.18,20,0.7,13
22-Dec-09,12,2009,9.2,15.8,,,,,7.19,19.5,0.7,11
23-Dec-09,12,2009,9.24,17.36,,,,,7.19,19,0.7,13
24-Dec-09,12,2009,9.51,18.34,,,,,7.2,19.5,0.7,13
28-Dec-09,12,2009,9.76,18.7,,,,,7.21,19,0.8,15
29-Dec-09,12,2009,9.78,17.76,,,,,7.24,19,0.8,15
30-Dec-09,12,2009,10.04,16.63,,,,,7.18,19.5,0.8,15
31-Dec-09,12,2009,10.16,16.48,,,,,7.19,19.5,0.9,14
4-Jan-10,1,2010,9.51,14.88,,,,,7.15,19,0.8,15
5-Jan-10,1,2010,9.23,15.46,0.92,5.63,20,,7.15,18.5,0.7,16
6-Jan-10,1,2010,9.17,15.04,,,,,7.14,18.5,0.7,14
7-Jan-10,1,2010,9.11,13.54,,,,,7.04,17,0.7,14
8-Jan-10,1,2010,9.06,12.48,,,,,7,18,0.7,13
11-Jan-10,1,2010,9.38,12.54,,,,,7.16,18.5,0.7,14
12-Jan-10,1,2010,10.87,11.69,,,,,7.11,18.5,0.8,14
13-Jan-10,1,2010,11.74,11.54,,,,,7.05,18.5,0.8,12
14-Jan-10,1,2010,10.26,7.06,,,,,7.11,19,0.8,14
15-Jan-10,1,2010,10.03,8.16,,,,,7.02,18,0.8,14
19-Jan-10,1,2010,29.1,10.33,,,,,6.93,15.5,0.3,18
20-Jan-10,1,2010,30.78,2.54,,,,,7.05,15.9,0.3,36
21-Jan-10,1,2010,30.88,1.34,,,,,7.32,15.2,0.5,26
22-Jan-10,1,2010,28.1,1.34,,,,,6.96,15.3,0.5,25
25-Jan-10,1,2010,23.36,5,,,,,7.15,16,0.6,16
26-Jan-10,1,2010,29.18,7.6,,,,,7.06,15.5,0.4,16
27-Jan-10,1,2010,20.37,3.1,,,,,7.12,16,0.5,16
28-Jan-10,1,2010,16.66,3.18,,,,,7.14,16.5,0.5,15
29-Jan-10,1,2010,15.56,3.83,,,,,7,16.5,0.6,15
1-Feb-10,2,2010,13.42,5.11,,,,,7.12,17.5,0.6,13
2-Feb-10,2,2010,12.88,5.91,,,,,7.15,17.5,0.7,15
3-Feb-10,2,2010,12.3,5.54,0.69,6.4,9,,7.14,18,0.7,14
4-Feb-10,2,2010,12.78,6.09,,,,,7.23,18,0.7,14
5-Feb-10,2,2010,14.13,6.17,,,,,6.98,17,0.7,15
8-Feb-10,2,2010,13.85,6.01,,,,,7.41,18,0.6,14
9-Feb-10,2,2010,16.09,7.06,,,,,7.15,18,0.6,13
10-Feb-10,2,2010,14.29,5.67,,,,,7.28,18,0.6,14
11-Feb-10,2,2010,13.38,6.33,,,,,7.35,18.1,0.6,13
12-Feb-10,2,2010,13.26,6.93,,,,,7.26,18,0.6,14
16-Feb-10,2,2010,11.34,10.28,,,,,7.14,19,0.7,13
18-Feb-10,2,2010,10.92,9.83,,,,,7.12,19.1,0.6,13
19-Feb-10,2,2010,10.61,8.11,,,,,7.26,18.9,0.6,13
22-Feb-10,2,2010,11.24,9.03,,,,,7.13,19,0.7,16
23-Feb-10,2,2010,13.99,9,,,,,7.14,18.5,0.7,14
24-Feb-10,2,2010,16.03,8.66,,,,,7.12,17.5,0.6,16
25-Feb-10,2,2010,13.53,5.46,,,,,7.18,18,0.6,14
26-Feb-10,2,2010,16.84,6.02,,,,,7.11,18,0.7,13
1-Mar-10,3,2010,14.13,5.11,,,,,7.12,17.5,0.7,13
2-Mar-10,3,2010,17.65,5.91,,,,,7.15,17.5,0.7,15
3-Mar-10,3,2010,25.31,5.54,,,,,7.14,18,0.5,16
4-Mar-10,3,2010,24.21,6.09,0.54,6.17,6,,7.23,18,0.5,16
5-Mar-10,3,2010,17.37,6.17,,,,,6.98,17,0.7,17
8-Mar-10,3,2010,13.41,6.01,,,,,7.41,18,0.7,15
9-Mar-10,3,2010,12.69,7.06,,,,,7.15,18,0.7,16
10-Mar-10,3,2010,13.18,5.67,,,,,7.28,18,0.6,15
11-Mar-10,3,2010,12.23,6.33,,,,,7.35,18.1,0.6,15
12-Mar-10,3,2010,14.13,6.93,,,,,7.26,18,0.6,14
16-Mar-10,3,2010,11.82,10.28,,,,,7.14,19,0.6,14
18-Mar-10,3,2010,11.44,9.83,,,,,7.12,19.1,0.6,14
19-Mar-10,3,2010,11.25,8.11,,,,,7.26,18.9,0.6,13
22-Mar-10,3,2010,10.88,9.03,,,,,7.13,19,0.6,13
23-Mar-10,3,2010,10.48,9,,,,,7.14,18.5,0.6,12
24-Mar-10,3,2010,10.49,8.66,,,,,7.12,17.5,0.6,12
25-Mar-10,3,2010,10.59,5.46,,,,,7.18,18,0.7,12
26-Mar-10,3,2010,10.55,6.02,,,,,7.11,18,0.7,12
29-Mar-10,3,2010,10.56,7.79,,,,,7.25,20,0.6,13
30-Mar-10,3,2010,10.93,8.82,,,,,7.19,20,0.6,11
31-Mar-10,3,2010,11.3,8.37,,,,,7.14,19.5,0.7,11
1-Apr-10,4,2010,10.77,8.46,,,,,7.22,19.5,0.8,12
2-Apr-10,4,2010,10.66,8.19,,,,,7.22,19.5,0.7,13
5-Apr-10,4,2010,13.39,8.48,,,,,7.16,19,0.6,16
6-Apr-10,4,2010,11.5,7.44,,,,,7.19,19.5,0.6,12
7-Apr-10,4,2010,11.12,7.88,,,,,7.27,20,0.7,13
8-Apr-10,4,2010,10.86,9.28,,,,,7.2,20.2,0.6,12
9-Apr-10,4,2010,10.73,10.06,0.86,8.89,13,,7.18,20.5,0.7,12
12-Apr-10,4,2010,19.76,8.89,,,,,7.07,18,0.5,16
13-Apr-10,4,2010,14.13,5.63,,,,,7.11,19,0.6,13
14-Apr-10,4,2010,12.67,5.68,,,,,7.22,19.5,0.6,12
15-Apr-10,4,2010,11.99,5.83,,,,,7.23,19.6,0.6,12
16-Apr-10,4,2010,11.82,6.94,,,,,7.17,20,0.7,12
19-Apr-10,4,2010,10.91,8.82,,,,,7.21,20.3,0.7,13
20-Apr-10,4,2010,12.54,10.13,,,,,7.23,19.5,0.7,14
21-Apr-10,4,2010,11.84,10.14,,,,,7.11,19,0.6,14
22-Apr-10,4,2010,11.3,6.46,,,,,7.1,20.2,0.6,13
23-Apr-10,4,2010,10.84,8.04,,,,,7.17,20,0.6,12
26-Apr-10,4,2010,10.98,8.81,,,,,7.2,21.5,0.6,13
27-Apr-10,4,2010,11.02,10.8,,,,,7.27,20.5,0.7,12
28-Apr-10,4,2010,11.5,9.51,,,,,7.19,20,0.7,13
29-Apr-10,4,2010,11.17,7.27,,,,,7.23,20,0.7,12
30-Apr-10,4,2010,10.92,10.14,,,,,7.15,20.5,0.6,12
3-May-10,5,2010,10.13,7.68,,,,,7.16,22,0.6,12
4-May-10,5,2010,9.77,9.9,,,,,7.24,21.5,0.6,10
5-May-10,5,2010,9.81,9.38,0.83,7.42,13,,7.18,21.5,0.6,10
6-May-10,5,2010,9.72,9.28,,,,,7.19,21.5,0.6,11
7-May-10,5,2010,9.86,9.9,,,,,7.19,21.5,0.6,10
10-May-10,5,2010,10.38,10.4,,,,,7.19,21,0.6,11
11-May-10,5,2010,10.18,11.42,,,,,7.08,21,0.6,12
12-May-10,5,2010,10.11,9.78,,,,,7.13,22.6,0.6,12
13-May-10,5,2010,10.01,7.9,,,,,7.1,22,0.6,9
14-May-10,5,2010,10.12,6.84,,,,,7.09,21.8,0.6,10
17-May-10,5,2010,10.2,9.88,,,,,7.08,21,0.7,13
18-May-10,5,2010,9.74,9.65,,,,,7.08,22,0.7,12
19-May-10,5,2010,9.64,7.86,,,,,7.11,21.5,0.6,11
20-May-10,5,2010,9.49,7.65,,,,,7.07,22,0.6,10
21-May-10,5,2010,9.39,7.91,,,,,7.13,21.5,0.6,9
24-May-10,5,2010,9.5,9.04,,,,,7.15,21.5,0.6,12
25-May-10,5,2010,9.55,9.21,,,,,7.16,21.5,0.6,11
26-May-10,5,2010,9.85,8.4,,,,,7.14,22,1.3,10
27-May-10,5,2010,10.67,7.16,,,,,7.14,21.5,0.8,12
28-May-10,5,2010,9.99,7.76,,,,,7.08,21.5,0.6,12
1-Jun-10,6,2010,9.51,8.8,,,,,7.17,22.5,0.6,12
2-Jun-10,6,2010,9.37,9.15,,,,,7.11,22.5,0.6,10
3-Jun-10,6,2010,9.34,7.21,,,,,7.09,23.5,0.6,10
4-Jun-10,6,2010,9.67,6.95,,,,,7.12,22,0.6,10
7-Jun-10,6,2010,9.94,8.55,,,,,7.14,23.5,0.6,9
8-Jun-10,6,2010,9.84,6.72,,,,,7.13,23.5,0.6,8
9-Jun-10,6,2010,9.73,7.11,,,,,7.09,23,0.6,8
10-Jun-10,6,2010,9.89,7.01,0.8,11.26,9.5,,7.1,23.5,0.6,8
11-Jun-10,6,2010,9.95,7.66,,,,,7.22,23.9,0.6,8
14-Jun-10,6,2010,10.15,8.9,,,,,7.17,24,0.6,9
15-Jun-10,6,2010,10.05,10.82,,,,,7.11,24,0.7,10
16-Jun-10,6,2010,9.85,8.82,,,,,7.15,24,0.7,10
17-Jun-10,6,2010,9.71,9.01,,,,,7.1,24,0.7,11
18-Jun-10,6,2010,9.94,8.71,,,,,7.17,23.6,0.6,11
21-Jun-10,6,2010,9.96,11.25,,,,,7.11,24.5,0.6,12
22-Jun-10,6,2010,9.87,12.09,,,,,7.2,24,0.7,11
23-Jun-10,6,2010,7.65,13.42,,,,,7.01,24.5,0.7,10
24-Jun-10,6,2010,9.82,12.48,,,,,7.12,23.5,0.7,10
25-Jun-10,6,2010,9.92,11.14,,,,,7.13,23.5,0.7,10
28-Jun-10,6,2010,9.76,12.25,,,,,7.11,24.2,0.7,13
29-Jun-10,6,2010,9.66,10.94,,,,,7.12,24.5,0.7,10
30-Jun-10,6,2010,9.66,9.73,,,,,7.07,24,0.7,10
1-Jul-10,7,2010,9.56,9.33,,,,,7.11,24.5,0.6,9
2-Jul-10,7,2010,9.74,9.57,,,,,7.1,24.3,0.6,9
6-Jul-10,7,2010,9.75,11.38,,,,,7.11,24,0.6,11
7-Jul-10,7,2010,11.02,11.54,,,,,7.11,24,0.7,14
8-Jul-10,7,2010,9.65,11.38,,,,,7.12,24,0.8,14
9-Jul-10,7,2010,9.8,9.51,,,,,7.1,24,0.8,13
12-Jul-10,7,2010,9.82,9.81,,,,,7.13,24,0.9,14
13-Jul-10,7,2010,9.72,8.97,,,,,7.07,24,0.9,14
14-Jul-10,7,2010,9.63,7.88,0.97,11.12,11,,7.05,24.5,0.8,15
15-Jul-10,7,2010,9.7,8.66,,,,,7.03,24.5,0.8,15
16-Jul-10,7,2010,9.93,7.46,,,,,7,24.5,0.8,15
19-Jul-10,7,2010,9.72,9.52,,,,,7.04,25,0.7,15
20-Jul-10,7,2010,10.03,9.65,,,,,7.03,24,0.8,15
21-Jul-10,7,2010,9.66,9.98,,,,,7.06,24,0.8,15
22-Jul-10,7,2010,9.67,10.3,,,,,7.01,24.5,0.8,17
23-Jul-10,7,2010,10.2,9.11,,,,,7.05,24.5,0.8,16
26-Jul-10,7,2010,9.25,10.81,,,,,6.99,23.4,0.8,14
27-Jul-10,7,2010,10.51,12.15,,,,,7.08,24,0.8,14
28-Jul-10,7,2010,9.25,13.54,,,,,6.9,24,0.8,14
29-Jul-10,7,2010,9.58,11.8,,,,,6.98,24,0.8,13
30-Jul-10,7,2010,9.15,12.85,,,,,7.01,24.5,0.7,12
2-Aug-10,8,2010,9.8,11.89,,,,,7.26,24.5,0.7,15
3-Aug-10,8,2010,9.25,14.85,,,,,7.37,24,0.7,13
4-Aug-10,8,2010,9.15,13.67,,,,,7.26,24.5,0.7,15
5-Aug-10,8,2010,9.2,11.07,0.92,12.13,14,,7.22,24,0.7,16
6-Aug-10,8,2010,9.53,9.69,,,,,7.15,24,0.8,15
9-Aug-10,8,2010,9.55,10.61,,,,,7.05,24,0.9,16
10-Aug-10,8,2010,9.37,9.84,,,,,7.04,24,0.9,15
11-Aug-10,8,2010,9.19,9.08,,,,,7.18,24,0.9,15
12-Aug-10,8,2010,8.94,9.38,,,,,7.2,24,0.8,17
13-Aug-10,8,2010,9.13,9.36,,,,,7.17,24.5,0.8,15
16-Aug-10,8,2010,9.33,11.54,,,,,7.06,24.5,0.7,17
17-Aug-10,8,2010,9.36,11.72,,,,,7.23,24.6,0.7,15
18-Aug-10,8,2010,9.17,10.27,,,,,7.17,24.7,0.7,15
19-Aug-10,8,2010,9.11,10.05,,,,,7.04,25,0.7,17
20-Aug-10,8,2010,9.24,8.42,,,,,7.17,24.5,0.7,17
23-Aug-10,8,2010,8.99,11.67,,,,,6.99,25.3,0.8,18
24-Aug-10,8,2010,8.82,10.11,,,,,6.94,26.5,0.7,15
25-Aug-10,8,2010,8.93,8.18,,,,,7.15,26.5,0.7,18
26-Aug-10,8,2010,8.96,7.63,,,,,7.18,26,0.7,18
27-Aug-10,8,2010,8.99,8.65,,,,,7.05,25,0.8,16
30-Aug-10,8,2010,9.19,11.49,,,,,7.23,25,0.7,14
31-Aug-10,8,2010,8.93,13.14,,,,,7.16,26,0.7,15
1-Sep-10,9,2010,8.98,9.95,,,,,7.13,25,0.7,15
2-Sep-10,9,2010,9.02,9.09,,,,,7.06,25,0.7,16
3-Sep-10,9,2010,8.97,8.4,,,,,7.16,25,0.8,18
7-Sep-10,9,2010,9.38,12.74,,,,,7.21,24.9,0.9,16
8-Sep-10,9,2010,9.25,12.37,,,,,7.08,24.5,0.9,15
9-Sep-10,9,2010,9.05,11.24,,,,,7.23,24.5,0.9,18
10-Sep-10,9,2010,9.06,10.98,,,,,7.23,25,0.9,18
13-Sep-10,9,2010,10.25,11.44,,,,,7,24.6,0.9,13
14-Sep-10,9,2010,8.98,12.74,1.12,7.69,16,,7.22,24,0.9,13
15-Sep-10,9,2010,8.92,12.8,,,,,7.13,24,0.8,14
16-Sep-10,9,2010,8.89,12.88,,,,,7.22,25,0.8,13
17-Sep-10,9,2010,8.98,11.92,,,,,7.24,25,0.8,12
20-Sep-10,9,2010,9.18,13.58,,,,,7.1,25,0.8,15
21-Sep-10,9,2010,8.94,13.17,,,,,6.98,25,0.7,11
22-Sep-10,9,2010,8.91,12.38,,,,,7.2,25,0.8,12
23-Sep-10,9,2010,8.78,11.88,,,,,7.26,25,0.7,15
24-Sep-10,9,2010,8.83,12.1,,,,,7.21,25,0.7,15
27-Sep-10,9,2010,9.23,11.98,,,,,7.23,25.6,0.7,13
28-Sep-10,9,2010,9.13,12.21,,,,,7.18,25.7,0.7,11
29-Sep-10,9,2010,9.29,11.3,,,,,7.32,25.5,0.8,14
30-Sep-10,9,2010,8.79,10.86,,,,,7.04,25,0.7,15
1-Oct-10,10,2010,8.58,9.79,,,,,7.06,25,0.7,19
4-Oct-10,10,2010,9.01,13.15,,,,,7.28,25.6,0.7,14
5-Oct-10,10,2010,8.81,11.8,,,,,7.3,25.8,0.7,12
6-Oct-10,10,2010,8.8,11.76,,,,,7.25,25.7,0.8,14
7-Oct-10,10,2010,8.75,10.4,1.15,11.69,12,,7.25,25,0.8,20
8-Oct-10,10,2010,8.78,11.55,,,,,7.1,24.5,0.8,24
11-Oct-10,10,2010,8.84,12.21,,,,,7.17,25.5,0.9,14
12-Oct-10,10,2010,8.49,12.8,,,,,7.15,25.9,0.8,13
13-Oct-10,10,2010,8.62,12.24,,,,,7.16,25.9,0.8,14
14-Oct-10,10,2010,8.87,10.83,,,,,7.17,26.1,0.7,15
15-Oct-10,10,2010,8.72,10.32,,,,,7.06,25.7,0.7,16
18-Oct-10,10,2010,8.9,14.06,,,,,7.07,24,0.7,16
19-Oct-10,10,2010,8.78,13.03,,,,,7.17,25.3,0.6,10
20-Oct-10,10,2010,8.71,11.91,,,,,7.17,25,0.7,9
21-Oct-10,10,2010,8.73,10.83,,,,,7.15,25,0.7,10
22-Oct-10,10,2010,9.2,11.31,,,,,7.09,24.6,0.7,10
25-Oct-10,10,2010,9.99,10.67,,,,,7.12,22.5,0.7,10
26-Oct-10,10,2010,9.41,8.51,,,,,7.08,23,0.7,7
27-Oct-10,10,2010,9.72,9.04,,,,,7.01,21,0.7,8
28-Oct-10,10,2010,8.89,10.1,,,,,6.92,22.5,0.8,10
29-Oct-10,10,2010,9.8,8.28,,,,,6.82,21,0.7,8
1-Nov-10,11,2010,9.44,8.66,,,,,7.07,23.5,0.6,6
2-Nov-10,11,2010,9.16,9.17,,,,,7.07,24,0.6,5
3-Nov-10,11,2010,9.37,10.03,0.89,6.35,12,,7.08,23.5,0.6,8
4-Nov-10,11,2010,9.04,10,,,,,7.12,24,0.6,8
5-Nov-10,11,2010,9.24,9.68,,,,,7.09,23.5,0.7,9
8-Nov-10,11,2010,10.32,8.98,,,,,6.91,21,0.7,9
9-Nov-10,11,2010,9.48,9.49,,,,,7.02,22,0.7,9
10-Nov-10,11,2010,9.37,10.72,,,,,7.03,22.5,0.7,9
12-Nov-10,11,2010,9.05,10.34,,,,,7.01,22.5,0.6,10
15-Nov-10,11,2010,8.94,13.96,,,,,7.09,24,0.6,9
16-Nov-10,11,2010,9.06,13.46,,,,,7,23.9,0.6,10
17-Nov-10,11,2010,9,14.4,,,,,7.06,22,0.6,10
18-Nov-10,11,2010,8.91,14.63,,,,,7.15,22,0.6,11
19-Nov-10,11,2010,9.65,13.96,,,,,7.11,20,0.6,10
22-Nov-10,11,2010,10.58,10.79,,,,,6.86,22.1,0.6,10
23-Nov-10,11,2010,10.04,14.34,,,,,6.82,22,0.7,9
24-Nov-10,11,2010,10.66,13.22,,,,,6.84,20,0.7,11
29-Nov-10,11,2010,9.92,14.4,,,,,7.09,20,0.6,12
30-Nov-10,11,2010,9.74,15.54,,,,,7.08,20,0.6,10
1-Dec-10,12,2010,9.55,20,,,,,7.02,20,0.6,12
2-Dec-10,12,2010,9.66,20.6,,,,,7.08,20,0.6,12
3-Dec-10,12,2010,10.31,19.47,,,,,7.01,20,0.7,11
6-Dec-10,12,2010,12.5,15.54,,,,,7.01,19,0.6,14
7-Dec-10,12,2010,10.64,12.9,,,,,7.02,20,0.8,10
8-Dec-10,12,2010,12.7,12.55,,,,,6.96,19.5,0.8,10
9-Dec-10,12,2010,11.8,12.91,12,7.06,15,,7.08,19,0.8,12
10-Dec-10,12,2010,10.74,15,,,,,7.06,20,0.8,10
13-Dec-10,12,2010,10.16,15.07,,,,,7.06,21.3,0.7,12
14-Dec-10,12,2010,10.41,17.04,,,,,7,21.2,0.7,11
15-Dec-10,12,2010,10.17,15.98,,,,,7.08,19.9,0.7,12
16-Dec-10,12,2010,10,16.7,,,,,7.03,19.6,0.7,11
17-Dec-10,12,2010,11.1,16.51,,,,,7.15,19.8,0.7,11
20-Dec-10,12,2010,17.53,5.78,,,,,7.14,17.5,0.6,18
21-Dec-10,12,2010,14.29,7.68,,,,,7.23,18.5,0.7,10
22-Dec-10,12,2010,18.02,8.35,,,,,7.08,18,0.6,9
23-Dec-10,12,2010,14.08,7.68,,,,,7.21,18.5,0.7,7
27-Dec-10,12,2010,16.57,7.6,,,,,6.91,17,0.6,14
28-Dec-10,12,2010,19.32,8.08,,,,,7.04,17.5,0.6,11
29-Dec-10,12,2010,29.05,7.44,,,,,7.02,15,0.5,11
30-Dec-10,12,2010,19.01,5.39,,,,,7.03,16,0.5,12
3-Jan-11,1,2011,15.74,8.82,,,,,7.19,18.8,0.6,14
4-Jan-11,1,2011,14.07,9.5,,,,,7.2,19,0.6,11
5-Jan-11,1,2011,13.25,9.99,0.87,6.83,12,,7.27,19,0.6,11
6-Jan-11,1,2011,12.57,10.88,,,,,7.18,18.8,0.6,11
7-Jan-11,1,2011,12.11,11.76,,,,,7.2,17.5,0.6,11
10-Jan-11,1,2011,11.52,12.84,,,,,7.21,18,0.6,12
11-Jan-11,1,2011,11.11,13.32,,,,,7.16,17.5,0.6,11
12-Jan-11,1,2011,10.95,14.76,,,,,7.21,18,0.6,12
13-Jan-11,1,2011,11.01,14.61,,,,,7.22,18,0.6,13
14-Jan-11,1,2011,10.82,13.51,,,,,7.19,18.5,0.6,12
18-Jan-11,1,2011,10.74,14.35,,,,,7.1,18,0.6,13
19-Jan-11,1,2011,10.51,14.72,,,,,7.23,19,0.7,12
20-Jan-11,1,2011,10.31,14.72,,,,,7.19,18.5,0.7,11
21-Jan-11,1,2011,10.19,14.43,,,,,7.2,18,0.7,12
24-Jan-11,1,2011,9.86,13.1,,,,,7.09,19,0.7,14
25-Jan-11,1,2011,9.79,13.4,,,,,7.19,18.9,0.7,12
26-Jan-11,1,2011,9.69,13.5,,,,,7.12,19.5,0.7,13
27-Jan-11,1,2011,9.6,13.04,,,,,7.21,18,0.7,13
28-Jan-11,1,2011,9.7,12.01,,,,,7.22,18,0.7,13
31-Jan-11,1,2011,11.68,9.26,,,,,7.21,18,0.6,15
1-Feb-11,2,2011,10.93,9.06,,,,,7.09,18,0.6,12
2-Feb-11,2,2011,10.57,8.22,,,,,7.22,18,0.7,12
3-Feb-11,2,2011,10.22,9.35,,,,,7.2,18.5,0.6,14
4-Feb-11,2,2011,10.16,8.04,,,,,7.09,18.5,0.6,13
7-Feb-11,2,2011,10.13,8.08,,,,,7.1,19.5,0.6,14
8-Feb-11,2,2011,10.03,9.49,,,,,7.12,17.5,0.6,12
9-Feb-11,2,2011,9.86,9.75,,,,,7.06,18,0.6,14
10-Feb-11,2,2011,9.76,8.04,1.23,8.36,11,,7.18,19.7,0.6,14
11-Feb-11,2,2011,9.82,7.21,,,,,7.18,18.5,0.6,13
14-Feb-11,2,2011,10.51,7.84,,,,,7.1,18.5,0.6,15
15-Feb-11,2,2011,11.33,8.34,,,,,7.18,18.5,0.7,13
16-Feb-11,2,2011,19.57,7.3,,,,,6.96,16.5,0.6,16
17-Feb-11,2,2011,24.09,3.97,,,,,7.14,16,0.6,14
18-Feb-11,2,2011,22.38,3.27,,,,,7.16,16,0.6,12
22-Feb-11,2,2011,15.85,4.66,,,,,7.14,17,0.6,13
23-Feb-11,2,2011,14.23,4.49,,,,,7.21,17,0.6,12
24-Feb-11,2,2011,17.88,5.33,,,,,7.16,17,0.6,12
25-Feb-11,2,2011,31.03,4.69,,,,,7.15,14.5,0.4,14
26-Feb-11,2,2011,22.75,2.21,,,,,7.18,15.5,0.5,25
28-Feb-11,2,2011,15.7,3.89,,,,,7.12,16.5,0.6,13
1-Mar-11,3,2011,14.59,4.54,,,,,7.05,16,0.6,10
2-Mar-11,3,2011,16.97,3.92,,,,,6.95,16,0.6,11
3-Mar-11,3,2011,15.21,4.49,,,,,7.09,17,0.6,11
4-Mar-11,3,2011,13.98,3.98,,,,,7.13,18,0.6,10
7-Mar-11,3,2011,19.87,4.05,,,,,7.15,16.5,0.5,11
8-Mar-11,3,2011,15.7,3.18,,,,,7.25,17.5,0.6,10
9-Mar-11,3,2011,14.11,3.33,,,,,7.2,17.5,0.6,8
10-Mar-11,3,2011,13.36,4.07,,,,,7.25,18,0.6,9
11-Mar-11,3,2011,12.61,4.58,0.76,6.98,6.3,,7.2,18,0.7,8
14-Mar-11,3,2011,15.45,6.41,,,,,7.14,18.4,0.6,10
15-Mar-11,3,2011,17.11,4.96,,,,,7.17,17,0.6,9
16-Mar-11,3,2011,21.46,5,,,,,7.06,17,0.6,10
17-Mar-11,3,2011,16.2,3.9,,,,,7.23,17,0.6,9
18-Mar-11,3,2011,23.82,3.88,,,,,7.12,17.5,0.6,8
19-Mar-11,3,2011,28.65,4.49,,,,,7.2,15,0.4,26
20-Mar-11,3,2011,30.14,2.49,,,,,7.3,15,0.4,23
21-Mar-11,3,2011,27.28,1.99,,,,,7.2,16,0.5,20
22-Mar-11,3,2011,20.78,2.89,,,,,7.17,16.5,0.6,10
23-Mar-11,3,2011,24.52,2.82,,,,,7.02,16.5,0.5,10
24-Mar-11,3,2011,27.52,3.56,,,,,7.03,16,0.5,10
25-Mar-11,3,2011,27.71,2.95,,,,,7.26,15.5,0.4,29
26-Mar-11,3,2011,28.63,1.83,,,,,6.91,15.5,0.4,12
28-Mar-11,3,2011,24.99,3.5,,,,,7.1,16.5,0.5,11
29-Mar-11,3,2011,17.96,4.14,,,,,7.17,17,0.6,11
30-Mar-11,3,2011,16.06,3.98,,,,,7.18,16.5,0.6,11
31-Mar-11,3,2011,15.1,4.92,,,,,7.2,19,0.6,10
1-Apr-11,4,2011,14.45,4.94,,,,,7.2,19,0.6,10
4-Apr-11,4,2011,12.92,6.89,,,,,7.27,19,0.6,10
5-Apr-11,4,2011,12.38,7.01,,,,,7.24,19.5,0.6,8
6-Apr-11,4,2011,12.22,6.01,0.88,7.54,8.6,,7.32,19,0.6,8
7-Apr-11,4,2011,12.18,6.92,,,,,7.3,19,0.6,9
8-Apr-11,4,2011,12,6.51,,,,,7.28,19,0.6,8
11-Apr-11,4,2011,11.34,7.9,,,,,7.09,19.5,0.6,11
12-Apr-11,4,2011,11.19,7.47,,,,,7.1,20,0.6,10
13-Apr-11,4,2011,11.09,7.07,,,,,7.04,19,0.6,10
14-Apr-11,4,2011,10.95,6.8,,,,,7.2,19.5,0.6,9
15-Apr-11,4,2011,10.94,6.91,,,,,7.08,20,0.6,9
18-Apr-11,4,2011,11.07,6.62,,,,,7.19,20.5,0.6,9
19-Apr-11,4,2011,10.89,7.21,,,,,7.19,20.5,0.7,8
20-Apr-11,4,2011,10.87,7.17,,,,,7.22,20.5,0.6,9
21-Apr-11,4,2011,10.93,7.11,,,,,7.16,20,0.7,10
22-Apr-11,4,2011,10.85,5.99,,,,,7.16,20,0.6,9
25-Apr-11,4,2011,10.43,6.72,,,,,7.2,20,0.6,10
26-Apr-11,4,2011,10.29,8.11,,,,,7.19,20.5,0.6,10
27-Apr-11,4,2011,10.11,7.4,,,,,7.13,20.5,0.6,10
28-Apr-11,4,2011,10.08,7.2,,,,,7.16,21,0.6,11
29-Apr-11,4,2011,9.91,6.4,,,,,7.17,20.5,0.6,9
2-May-11,5,2011,9.97,7.95,,,,,7.21,22,0.6,13
3-May-11,5,2011,9.88,7.65,,,,,7.24,22,0.7,11
4-May-11,5,2011,9.88,7.86,,,,,7.19,22,0.6,11
5-May-11,5,2011,9.84,6.32,1.01,10.32,9,,7.21,23,0.6,10
6-May-11,5,2011,9.98,7,,,,,7.19,23,0.6,10
9-May-11,5,2011,9.59,8.19,,,,,7.2,21,0.6,12
10-May-11,5,2011,9.3,8.29,,,,,7.2,21,0.6,12
11-May-11,5,2011,9.21,13.2,,,,,7.26,21.5,0.6,12
12-May-11,5,2011,9.15,10.68,,,,,7.21,21.5,0.6,12
13-May-11,5,2011,9.31,8.7,,,,,7.21,21.5,0.6,11
16-May-11,5,2011,10.33,12.26,,,,,7.21,21.5,0.7,12
17-May-11,5,2011,10.62,11.19,,,,,7.21,21,0.8,11
18-May-11,5,2011,10.64,10.9,,,,,7.24,21,0.9,12
19-May-11,5,2011,10.35,10.22,,,,,7.18,21.5,0.7,12
20-May-11,5,2011,10.22,8.85,,,,,7.22,21,0.7,10
23-May-11,5,2011,9.51,12.11,,,,,7.14,21,0.9,11
24-May-11,5,2011,9.08,12.53,,,,,7.12,21,0.9,11
25-May-11,5,2011,9.39,12.17,,,,,7.04,20.5,0.6,11
26-May-11,5,2011,9.13,12.66,,,,,7.17,21,0.6,11
27-May-11,5,2011,9.29,10.84,,,,,7.11,22,0.6,11
31-May-11,5,2011,9.58,14.52,,,,,7.23,21.5,0.6,13
1-Jun-11,6,2011,9.78,14.13,,,,,7.28,21.5,0.7,11
2-Jun-11,6,2011,9.55,14.3,,,,,7.22,21.5,0.6,11
3-Jun-11,6,2011,9.61,11.7,,,,,7.23,21,0.6,11
6-Jun-11,6,2011,12.07,7.89,,,,,7.26,21,0.6,12
7-Jun-11,6,2011,10.74,8.46,,,,,7.25,21.5,0.6,12
8-Jun-11,6,2011,10.33,9.5,0.9,1.26,12,,7.26,21.5,0.6,11
9-Jun-11,6,2011,10.08,9.43,,,,,7.28,21.5,0.6,11
10-Jun-11,6,2011,10,10.23,,,,,7.24,22,0.6,12
13-Jun-11,6,2011,10.25,10.04,,,,,7.19,23,0.6,13
14-Jun-11,6,2011,10.28,10.71,,,,,7.15,23.5,0.7,12
15-Jun-11,6,2011,10.17,9.82,,,,,7.1,23.5,0.7,12
16-Jun-11,6,2011,10.16,8.17,,,,,7.13,23,0.7,15
17-Jun-11,6,2011,10.25,8.37,,,,,7.19,22,0.7,11
20-Jun-11,6,2011,9.52,9.43,,,,,7.13,23,0.6,12
21-Jun-11,6,2011,9.35,9.47,,,,,7.15,24,0.6,10
22-Jun-11,6,2011,9.43,8.63,,,,,7.2,23.5,0.6,10
23-Jun-11,6,2011,9.26,8.57,,,,,7.17,23.5,0.6,10
24-Jun-11,6,2011,9.67,7.92,,,,,7.09,24,0.6,10
27-Jun-11,6,2011,9.8,7.6,,,,,7.24,23.5,0.6,10
28-Jun-11,6,2011,14.72,8.72,,,,,7.12,22.5,0.6,10
29-Jun-11,6,2011,12.71,8.5,,,,,7.12,22,0.6,14
30-Jun-11,6,2011,11.42,6.1,,,,,7.08,23,0.6,11
1-Jul-11,7,2011,11.03,5.33,,,,,7.09,23.5,0.6,9
5-Jul-11,7,2011,10.17,8.62,,,,,7.06,24,0.6,9
6-Jul-11,7,2011,10.09,8.21,,,,,7.12,24.5,0.7,9
7-Jul-11,7,2011,9.94,9.54,,,,,7.12,24,0.6,10
8-Jul-11,7,2011,10.07,8.93,,,,,7.1,24,0.7,9
11-Jul-11,7,2011,10.09,9.95,,,,,7.16,23.5,0.7,8
12-Jul-11,7,2011,10.32,10.34,0.71,4.89,12,,7.12,24,0.7,8
13-Jul-11,7,2011,10.05,9.02,,,,,7.2,24,0.7,8
14-Jul-11,7,2011,9.93,8.25,,,,,7.22,24,0.7,8
15-Jul-11,7,2011,9.96,7.94,,,,,7.17,23.5,0.7,9
18-Jul-11,7,2011,9.66,8.89,,,,,7.14,24.5,0.7,9
19-Jul-11,7,2011,9.44,9.63,,,,,7.04,24.5,0.7,8
20-Jul-11,7,2011,9.22,8.86,,,,,7.08,24.5,0.6,9
21-Jul-11,7,2011,9.19,8.76,,,,,7.07,24.5,0.6,9
22-Jul-11,7,2011,9.2,8.56,,,,,7.18,25,0.8,8
25-Jul-11,7,2011,9.5,9.75,,,,,7.18,24.4,0.7,9
26-Jul-11,7,2011,9.69,10.12,,,,,7.14,24.5,0.7,9
27-Jul-11,7,2011,9.47,10.13,,,,,7.15,24.5,0.7,9
28-Jul-11,7,2011,9.55,9.44,,,,,7.14,24,0.7,8
29-Jul-11,7,2011,9.73,8.65,,,,,7.12,24.5,0.7,8
1-Aug-11,8,2011,9.59,6.23,,,,,7.2,24.5,0.8,14
2-Aug-11,8,2011,9.33,6.32,,,,,7.17,24.5,0.8,16
3-Aug-11,8,2011,9.4,4.94,1.82,6.83,0.8,,7.07,24.4,0.8,16
4-Aug-11,8,2011,9.39,3.76,,,,,7.11,24.5,0.7,14
5-Aug-11,8,2011,9.46,1.88,,,,,7.08,24.5,0.7,12
8-Aug-11,8,2011,9.34,3.69,,,,,7.11,24,0.7,9
9-Aug-11,8,2011,9.42,3.98,,,,,7.12,24.5,0.7,8
10-Aug-11,8,2011,9.47,4.13,,,,,7.09,24.5,0.8,8
11-Aug-11,8,2011,9.25,4.63,,,,,7.2,24,0.8,9
12-Aug-11,8,2011,9.45,4.59,,,,,7.1,24,0.8,9
15-Aug-11,8,2011,9.24,11.32,,,,,7.18,24.5,0.8,9
16-Aug-11,8,2011,10.75,11.05,,,,,7.18,24.5,0.8,10
17-Aug-11,8,2011,9.19,8.91,,,,,7.16,24.5,0.8,10
18-Aug-11,8,2011,9.45,6.27,,,,,7.19,24.5,0.7,10
19-Aug-11,8,2011,9.17,7.1,,,,,7.19,24,0.6,10
22-Aug-11,8,2011,9.12,9.42,,,,,7.14,24,0.6,7
23-Aug-11,8,2011,10.16,7.81,,,,,7.08,25,0.7,10
24-Aug-11,8,2011,9.25,5.99,,,,,7.13,25,0.6,10
25-Aug-11,8,2011,9.26,4.21,,,,,7.13,25,0.6,7
26-Aug-11,8,2011,9.23,4.11,,,,,7.08,25,0.6,7
29-Aug-11,8,2011,9.49,6.05,,,,,7.01,25,0.7,6
30-Aug-11,8,2011,9.3,5.58,,,,,7.08,24.5,0.7,6
31-Aug-11,8,2011,8.96,5.73,,,,,7.06,24.5,0.7,6
1-Sep-11,9,2011,8.97,8.76,,,,,7.13,24.5,0.7,6
2-Sep-11,9,2011,8.97,7.79,,,,,7.03,25,0.7,6
6-Sep-11,9,2011,9.2,9.31,,,,,7.15,25,0.7,6
7-Sep-11,9,2011,9.18,8.05,,,,,7.09,25,0.7,5
8-Sep-11,9,2011,9.26,7.78,,,,,7.12,24.5,0.7,5
9-Sep-11,9,2011,9.19,6.43,,,,,7.12,24.5,0.7,6
12-Sep-11,9,2011,9.05,8.42,,,,,7.08,25,0.7,6
13-Sep-11,9,2011,8.76,7.88,1.51,3.41,10,,7.11,25,0.7,5
14-Sep-11,9,2011,8.97,7.66,,,,,7.26,24,0.6,5
15-Sep-11,9,2011,8.92,7.75,,,,,7.07,24.5,0.7,4
16-Sep-11,9,2011,8.93,7.43,,,,,7.14,24.2,0.7,5
19-Sep-11,9,2011,8.88,7.84,,,,,7.16,25,0.7,6
20-Sep-11,9,2011,9.04,7.23,,,,,7.01,25.5,0.7,6
21-Sep-11,9,2011,9.23,7.18,,,,,7.04,25.5,0.7,5
22-Sep-11,9,2011,9.14,5.21,,,,,7.04,25,0.8,6
23-Sep-11,9,2011,9.11,4.79,,,,,6.95,25,0.8,6
26-Sep-11,9,2011,8.69,7.84,,,,,7.19,24.5,0.6,8
27-Sep-11,9,2011,8.39,7.19,,,,,7.06,25,0.7,8
28-Sep-11,9,2011,8.48,6.27,,,,,7.03,25.5,0.7,8
29-Sep-11,9,2011,8.45,3.85,,,,,7.04,25.5,0.8,11
30-Sep-11,9,2011,8.51,3.13,,,,,7.1,25,0.8,14
3-Oct-11,10,2011,8.58,8.25,,,,,7.24,24,0.8,11
4-Oct-11,10,2011,8.86,6.63,,,,,7.22,24,0.7,9
5-Oct-11,10,2011,10.47,6.47,,,,,7.17,24,0.6,10
6-Oct-11,10,2011,9.41,3.59,1.12,5.22,6.4,,7.14,23.5,0.6,10
7-Oct-11,10,2011,9.26,4.06,,,,,7.14,24,0.6,11
10-Oct-11,10,2011,9.39,8.72,,,,,7.19,23.5,0.7,10
11-Oct-11,10,2011,9.26,9.67,,,,,7.25,24.5,0.7,9
12-Oct-11,10,2011,9.16,9.42,,,,,7.17,24,0.7,8
13-Oct-11,10,2011,9.12,8.23,,,,,7.11,24,0.7,8
14-Oct-11,10,2011,9.06,7.6,,,,,7.08,24.5,0.7,8
17-Oct-11,10,2011,9.11,9.97,,,,,7.26,24,0.7,8
18-Oct-11,10,2011,9.01,12.63,,,,,7.14,24,0.7,8
19-Oct-11,10,2011,8.9,10.09,,,,,7.19,24,0.7,7
20-Oct-11,10,2011,8.96,10.49,,,,,6.9,23.5,0.7,9
21-Oct-11,10,2011,8.84,8.95,,,,,7.13,23.5,0.9,8
24-Oct-11,10,2011,8.68,12.13,,,,,7.14,24.5,0.8,9
25-Oct-11,10,2011,8.97,12.78,,,,,7.16,24,0.8,7
26-Oct-11,10,2011,9.13,12.21,,,,,7.04,23.5,0.8,8
27-Oct-11,10,2011,8.87,11.78,,,,,7.04,23.5,0.9,8
28-Oct-11,10,2011,9.19,12.47,,,,,7,24,0.7,9
31-Oct-11,10,2011,8.65,16.32,,,,,7.15,23.5,0.8,10
1-Nov-11,11,2011,8.85,17.9,,,,,7.16,24.2,0.9,7
2-Nov-11,11,2011,8.77,17.72,,,,,7.16,23.5,0.9,7
3-Nov-11,11,2011,8.77,18.68,,,,,7.03,24,0.8,10
4-Nov-11,11,2011,8.71,18.1,,,,,7.13,22,0.7,9
7-Nov-11,11,2011,10.02,16.89,,,,,7.18,22,0.7,10
8-Nov-11,11,2011,9.8,17.13,,,,,7.16,22,0.7,9
9-Nov-11,11,2011,9.61,18.49,0.6,4.01,22,4.2,7.15,22,0.8,8
10-Nov-11,11,2011,9.34,19.38,,,,,7.23,22,0.7,10
14-Nov-11,11,2011,9.24,20.96,,,,,7.02,22,0.7,10
15-Nov-11,11,2011,9.12,22.72,,,,,7.13,22,0.8,10
16-Nov-11,11,2011,9.07,22.72,,,,,7.13,21.5,0.8,10
17-Nov-11,11,2011,8.98,19.3,,,,,7.16,21.5,0.7,11
18-Nov-11,11,2011,8.94,20.92,,,,,7.21,21,0.7,9
21-Nov-11,11,2011,9.46,21.12,,,,,7.11,22,0.7,10
22-Nov-11,11,2011,9.44,20.87,,,,,7.1,22,0.7,10
23-Nov-11,11,2011,9.87,20.44,,,,,7.11,22,0.8,11
28-Nov-11,11,2011,8.91,25.75,,,,,7.19,21.5,0.7,19
29-Nov-11,11,2011,8.63,25.43,,,,,7.23,22,0.7,20
30-Nov-11,11,2011,8.3,25.76,,,,,7.23,21.5,0.7,22
1-Dec-11,12,2011,8.3,30.61,,,,,7.25,22,0.6,22
2-Dec-11,12,2011,8.66,28.32,,,,,7.21,20.5,0.6,23
5-Dec-11,12,2011,9.42,25.92,,,,,7.29,21,0.6,18
6-Dec-11,12,2011,8.97,29.87,,,,,7.22,18.5,0.6,17
7-Dec-11,12,2011,8.87,28.17,,,,,7.21,19,0.6,16
8-Dec-11,12,2011,8.71,28.89,0.4,2.61,29,3.1,7.24,19.5,0.7,17
9-Dec-11,12,2011,8.81,28.52,,,,,7.28,21.5,0.7,19
12-Dec-11,12,2011,9.46,29.38,,,,,7.19,19,0.6,20
13-Dec-11,12,2011,9.84,29.07,,,,,7.21,18.5,0.7,16
14-Dec-11,12,2011,8.79,28.71,,,,,7.23,18.5,0.7,18
15-Dec-11,12,2011,8.86,28.39,,,,,7.22,18,0.7,16
16-Dec-11,12,2011,8.86,27.34,,,,,7.23,19,0.8,15
19-Dec-11,12,2011,8.76,28.45,,,,,7.25,19,0.6,16
20-Dec-11,12,2011,9.02,28.36,,,,,7.25,19,0.6,16
21-Dec-11,12,2011,8.87,28.83,,,,,7.21,18.5,0.8,16
22-Dec-11,12,2011,6.56,26.91,,,,,7.12,18.4,0.8,16
23-Dec-11,12,2011,10.53,26.7,,,,,7.3,17.5,0.8,19
24-Dec-11,12,2011,9.31,23.32,,,,,7.27,17.5,0.8,15
25-Dec-11,12,2011,8.72,20.57,,,,,7.3,18,0.7,15
26-Dec-11,12,2011,8.93,22.47,,,,,7.32,18.7,0.8,14
27-Dec-11,12,2011,8.9,25.88,,,,,7.34,19,0.8,18
28-Dec-11,12,2011,8.85,23.7,,,,,7.34,18.5,0.8,17
29-Dec-11,12,2011,8.12,25.36,,,,,7.25,18.5,0.7,18
30-Dec-11,12,2011,10.24,27.9,,,,,7.23,19,0.7,30
3-Jan-12,1,2012,8.55,29.59,,,,,7.17,19,0.6,19
4-Jan-12,1,2012,8.52,29.29,,,,,7.27,19,0.6,17
5-Jan-12,1,2012,8.43,27.14,,,,,7.18,19,0.7,18
6-Jan-12,1,2012,8.32,26.66,,,,,7.29,19,0.7,20
9-Jan-12,1,2012,8.44,28.47,,,,,7.28,18,0.7,21
10-Jan-12,1,2012,8.55,25.71,,,,,7.2,18,0.7,19
11-Jan-12,1,2012,8.64,27.2,0.81,0.1,30,4.1,7.29,18,0.7,19
12-Jan-12,1,2012,8.57,26.14,,,,,7.2,18,0.7,19
13-Jan-12,1,2012,8.53,22.52,,,,,7.19,18,0.7,18
17-Jan-12,1,2012,8.64,23.94,,,,,7.25,18.2,0.7,15
18-Jan-12,1,2012,8.71,21.15,,,,,7.23,17.5,0.7,15
19-Jan-12,1,2012,8.84,22.42,,,,,7.26,17.5,0.7,15
20-Jan-12,1,2012,13.39,24.52,,,,,7.3,17.5,1,15
23-Jan-12,1,2012,20.81,14.82,,,,,7.15,16,0.4,18
24-Jan-12,1,2012,12.77,8.98,,,,,7.25,17,0.6,16
25-Jan-12,1,2012,11.18,14.45,,,,,7.27,18,0.7,13
26-Jan-12,1,2012,10.56,15.04,,,,,7.25,18,0.6,14
27-Jan-12,1,2012,10.23,16.06,,,,,7.34,18,0.6,14
30-Jan-12,1,2012,9.61,17.66,,,,,7.21,18,0.6,15
31-Jan-12,1,2012,9.41,17.66,,,,,7.21,18,0.6,12
1-Feb-12,2,2012,9.32,19.35,,,,,7.26,17.5,0.6,14
2-Feb-12,2,2012,8.95,20.11,,,,,7.25,17.5,0.6,15
3-Feb-12,2,2012,8.93,19.91,,,,,7.33,18,0.6,15
6-Feb-12,2,2012,8.9,17.03,,,,,7.28,17.5,0.7,18
7-Feb-12,2,2012,11.2,17.23,,,,,7.27,17,0.8,16
8-Feb-12,2,2012,10.06,14.44,,,,,7.06,17.5,0.7,16
9-Feb-12,2,2012,9.81,15.1,0.48,6.69,16,3.2,7.15,18,0.7,16
10-Feb-12,2,2012,9.5,15.32,,,,,7.27,18,0.7,14
13-Feb-12,2,2012,9.81,17.08,,,,,7.28,17,0.6,16
14-Feb-12,2,2012,9.31,15.99,,,,,7.18,18,0.6,14
15-Feb-12,2,2012,9.41,15.98,,,,,7.27,18,0.7,14
16-Feb-12,2,2012,9.15,15.65,,,,,7.21,18,0.6,14
17-Feb-12,2,2012,9.13,12.82,,,,,7.19,18,0.6,16
21-Feb-12,2,2012,8.98,13.37,,,,,7.21,18,0.6,15
22-Feb-12,2,2012,8.69,13.09,,,,,7.14,20,0.6,14
23-Feb-12,2,2012,8.64,13.52,,,,,7.13,19,0.6,14
24-Feb-12,2,2012,8.58,13.41,,,,,7.24,19,0.6,12
27-Feb-12,2,2012,9.04,14.82,,,,,7.33,19,0.5,14
28-Feb-12,2,2012,8.9,15.81,,,,,7.22,17,0.6,14
29-Feb-12,2,2012,10.85,13.69,,,,,7.18,17,0.6,14
