Date,Flow,NH3,NO3,TP
1/1/2006,10.18,13.2,NA,NA
1/2/2006,12.03,15,NA,NA
1/3/2006,11.15,12.6,NA,NA
1/4/2006,10.06,14.4,NA,NA
1/5/2006,9.93,15,NA,NA
1/6/2006,11.15,15.1,NA,NA
1/7/2006,11.43,16.2,NA,NA
1/8/2006,11.07,15.3,NA,NA
1/9/2006,10.55,14.9,NA,NA
1/10/2006,10.42,14.6,NA,NA
1/11/2006,10.96,14,NA,NA
1/12/2006,9.81,14,NA,NA
1/13/2006,10.34,15,NA,NA
1/14/2006,11.32,14.8,NA,NA
1/15/2006,10.6,14.7,NA,NA
1/16/2006,10.75,15.6,NA,NA
1/17/2006,10.09,17.3,NA,NA
1/18/2006,10.79,20.3,NA,NA
1/19/2006,10.66,16.6,NA,NA
1/20/2006,10.43,14.8,NA,NA
1/21/2006,10.59,14.5,NA,NA
1/22/2006,10.89,14.3,NA,NA
1/23/2006,10.31,20.1,NA,NA
1/24/2006,10.3,15.8,NA,NA
1/25/2006,10.23,15.1,NA,NA
1/26/2006,9.48,16,NA,NA
1/27/2006,10.84,15.5,NA,NA
1/28/2006,12.31,13.3,NA,NA
1/29/2006,13.64,14,NA,NA
1/30/2006,12.67,18.2,NA,NA
1/31/2006,12.64,18.1,NA,NA
2/1/2006,12.63,15.9,NA,NA
2/2/2006,11.96,14,NA,NA
2/3/2006,12.74,15.2,NA,NA
2/4/2006,11.85,14.6,NA,NA
2/5/2006,11.05,13.6,NA,NA
2/6/2006,10.38,14.7,NA,NA
2/7/2006,11.64,14.3,NA,NA
2/8/2006,11.58,14.7,NA,NA
2/9/2006,10.82,17.3,NA,NA
2/10/2006,10.61,15.9,NA,NA
2/11/2006,11.66,16.9,NA,NA
2/12/2006,11.78,17.6,NA,NA
2/13/2006,11.79,17,NA,NA
2/14/2006,11.16,17.5,NA,NA
2/15/2006,11.74,16.8,NA,NA
2/16/2006,11.88,16.7,NA,NA
2/17/2006,11.19,16.9,NA,NA
2/18/2006,10.34,16.3,NA,NA
2/19/2006,11.47,16.7,NA,NA
2/20/2006,11.94,17.6,NA,NA
2/21/2006,11.35,16.6,NA,NA
2/22/2006,11.77,17.3,NA,NA
2/23/2006,11.63,18.1,NA,NA
2/24/2006,11.82,17.9,NA,NA
2/25/2006,11.74,19.8,NA,NA
2/26/2006,11.75,17.7,NA,NA
2/27/2006,11.83,18.4,NA,NA
2/28/2006,11.64,15,NA,NA
3/1/2006,11.11,15.8,NA,NA
3/2/2006,12.41,17.4,NA,NA
3/3/2006,11.22,18.4,NA,NA
3/4/2006,11.51,18.3,NA,NA
3/5/2006,11.72,18.3,NA,NA
3/6/2006,12.12,17,NA,NA
3/7/2006,12.05,17.3,NA,NA
3/8/2006,11.28,18.4,NA,NA
3/9/2006,11.77,18,NA,NA
3/10/2006,11.89,18.4,NA,NA
3/11/2006,11.59,18.8,NA,NA
3/12/2006,10.38,16.4,NA,NA
3/13/2006,10.6,17.4,NA,NA
3/14/2006,11.43,19.3,NA,NA
3/15/2006,9.79,17.6,NA,NA
3/16/2006,9.72,17.2,NA,NA
3/17/2006,9.8,18.5,NA,NA
3/18/2006,9.76,18.4,NA,NA
3/19/2006,10.09,17.2,NA,NA
3/20/2006,10.12,16.5,NA,NA
3/21/2006,10.56,16.6,NA,NA
3/22/2006,11.86,16.2,NA,NA
3/23/2006,11.85,15.5,NA,NA
3/24/2006,11.35,15.3,NA,NA
3/25/2006,10.2,16.1,NA,NA
3/26/2006,9.97,15.5,NA,NA
3/27/2006,11.76,15,NA,NA
3/28/2006,11.9,13.7,NA,NA
3/29/2006,12.02,15.2,NA,NA
3/30/2006,9.57,11.3,NA,NA
3/31/2006,9.94,17.6,NA,NA
4/1/2006,10.26,18.2,NA,NA
4/2/2006,9.62,17.2,NA,NA
4/3/2006,10.18,13.8,NA,NA
4/4/2006,11.35,17.6,NA,NA
4/5/2006,11.45,15.3,NA,NA
4/6/2006,10.25,17.7,NA,NA
4/7/2006,10.24,17.8,NA,NA
4/8/2006,10.92,16.9,NA,NA
4/9/2006,10.73,16.8,NA,NA
4/10/2006,10.71,15.4,NA,NA
4/11/2006,10.48,15,NA,NA
4/12/2006,10.78,15.4,NA,NA
4/13/2006,10.68,16.3,NA,NA
4/14/2006,12.31,15.8,NA,NA
4/15/2006,13.59,14.9,NA,NA
4/16/2006,12.18,14.5,NA,NA
4/17/2006,11.78,16.1,NA,NA
4/18/2006,11.21,14.9,NA,NA
4/19/2006,10.99,17.1,NA,NA
4/20/2006,10.94,15.9,NA,NA
4/21/2006,10.42,14.3,NA,NA
4/22/2006,10.75,14.7,NA,NA
4/23/2006,10.68,14.7,NA,NA
4/24/2006,11.3,21.3,NA,NA
4/25/2006,10.7,15.2,NA,NA
4/26/2006,11.21,16.9,NA,NA
4/27/2006,11.84,17.2,NA,NA
4/28/2006,11.75,16.1,NA,NA
4/29/2006,11.07,16.7,NA,NA
4/30/2006,10.75,15.2,NA,NA
5/1/2006,9.63,14.8,NA,NA
5/2/2006,9.83,17,NA,NA
5/3/2006,9.84,16.6,NA,NA
5/4/2006,8.91,18.4,NA,NA
5/5/2006,9.75,17.6,NA,NA
5/6/2006,10.04,16.2,NA,NA
5/7/2006,9.9,21.8,NA,NA
5/8/2006,9.68,15.8,NA,NA
5/9/2006,9.6,16,NA,NA
5/10/2006,9.19,17.6,NA,NA
5/11/2006,8.93,21.2,NA,NA
5/12/2006,9.25,21.4,NA,NA
5/13/2006,10.2,19.4,NA,NA
5/14/2006,9.62,18.2,NA,NA
5/15/2006,9.47,16.9,NA,NA
5/16/2006,8.94,18.5,NA,NA
5/17/2006,5.42,0,NA,NA
5/18/2006,9.36,20,NA,NA
5/19/2006,9.72,20.6,NA,NA
5/20/2006,9.51,21.6,NA,NA
5/21/2006,8.98,20.7,NA,NA
5/22/2006,6.09,0,NA,NA
5/23/2006,10.61,20.1,NA,NA
5/24/2006,8.87,19,NA,NA
5/25/2006,9.17,19.7,NA,NA
5/26/2006,9.6,21.8,NA,NA
5/27/2006,9.08,18.9,NA,NA
5/28/2006,8.25,20.7,NA,NA
5/29/2006,8.4,20.6,NA,NA
5/30/2006,8.58,19.7,NA,NA
5/31/2006,6.24,0,NA,NA
6/1/2006,8.89,20.5,NA,NA
6/2/2006,8.6,20.9,NA,NA
6/3/2006,8.97,19.8,NA,NA
6/4/2006,9.14,21,NA,NA
6/5/2006,8.05,20.9,NA,NA
6/6/2006,8.48,20.8,NA,NA
6/7/2006,9.68,21,NA,NA
6/8/2006,7.94,20.8,NA,NA
6/9/2006,8.15,20.5,NA,NA
6/10/2006,8.33,20.2,NA,NA
6/11/2006,7.95,20.8,NA,NA
6/12/2006,8.38,20.9,NA,NA
6/13/2006,9.01,18.7,NA,NA
6/14/2006,8.83,19.2,NA,NA
6/15/2006,8.87,16.1,NA,NA
6/16/2006,9.1,18,NA,NA
6/17/2006,8.78,17.7,NA,NA
6/18/2006,9.16,17.9,NA,NA
6/19/2006,8.93,19.8,NA,NA
6/20/2006,8.57,18.2,NA,NA
6/21/2006,9.26,17.2,NA,NA
6/22/2006,8.82,17.5,NA,NA
6/23/2006,8.77,17.6,NA,NA
6/24/2006,9.07,16.4,NA,NA
6/25/2006,9.04,15.9,NA,NA
6/26/2006,8.5,17.9,NA,NA
6/27/2006,9.14,15.5,NA,NA
6/28/2006,8.99,16.3,NA,NA
6/29/2006,8.76,16.9,NA,NA
6/30/2006,8.99,15.7,NA,NA
7/1/2006,9.03,16,NA,NA
7/2/2006,8.77,15.2,NA,NA
7/3/2006,8.77,15.1,NA,NA
7/4/2006,8.93,16.3,NA,NA
7/5/2006,8.98,14.9,NA,NA
7/6/2006,8.97,15.3,NA,NA
7/7/2006,8.79,15.9,NA,NA
7/8/2006,9.38,13.7,NA,NA
7/9/2006,8.54,14.5,NA,NA
7/10/2006,8.9,15.9,NA,NA
7/11/2006,9.08,15.3,NA,NA
7/12/2006,9.33,14.6,NA,NA
7/13/2006,9.03,13.8,NA,NA
7/14/2006,9.37,13.8,NA,NA
7/15/2006,9.49,13.1,NA,NA
7/16/2006,9.38,13,NA,NA
7/17/2006,9.01,13.7,NA,NA
7/18/2006,8.89,13.9,NA,NA
7/19/2006,8.58,14.2,NA,NA
7/20/2006,9.95,15,NA,NA
7/21/2006,9.12,14.2,NA,NA
7/22/2006,8.94,14,NA,NA
7/23/2006,9.27,16.3,NA,NA
7/24/2006,9.2,14.9,NA,NA
7/25/2006,8.75,15.3,NA,NA
7/26/2006,8.48,16.5,NA,NA
7/27/2006,7.46,17.7,NA,NA
7/28/2006,8.7,17.5,NA,NA
7/29/2006,8.6,17.5,NA,NA
7/30/2006,8.8,16.7,NA,NA
7/31/2006,8.25,17.1,NA,NA
8/1/2006,10.21,16.2,NA,NA
8/2/2006,9.51,15.6,NA,NA
8/3/2006,9.29,15.1,NA,NA
8/4/2006,9.31,15.4,NA,NA
8/5/2006,9.64,15.9,NA,NA
8/6/2006,9.4,14.5,NA,NA
8/7/2006,9.35,15.3,NA,NA
8/8/2006,9.06,15.6,NA,NA
8/9/2006,8.64,18,NA,NA
8/10/2006,8.69,17.6,NA,NA
8/11/2006,8.84,17.1,NA,NA
8/12/2006,9.23,17.1,NA,NA
8/13/2006,9.32,16.7,NA,NA
8/14/2006,7.68,17.5,NA,NA
8/15/2006,7.41,16.5,NA,NA
8/16/2006,8.02,15,NA,NA
8/17/2006,8.79,13.4,NA,NA
8/18/2006,8.75,12,NA,NA
8/19/2006,8.76,13.1,NA,NA
8/20/2006,8.53,13.2,NA,NA
8/21/2006,8.18,13.5,NA,NA
8/22/2006,8.33,14,NA,NA
8/23/2006,,16,NA,NA
8/24/2006,8.73,16,NA,NA
8/25/2006,10.07,15.4,NA,NA
8/26/2006,10.17,13.6,NA,NA
8/27/2006,9.28,13.9,NA,NA
8/28/2006,8.2,13.6,NA,NA
8/29/2006,8.5,14.8,NA,NA
8/30/2006,7.73,12.9,NA,NA
8/31/2006,8.53,14.2,NA,NA
9/1/2006,,14.1,NA,NA
9/2/2006,8.82,15.1,NA,NA
9/3/2006,8.47,15.1,NA,NA
9/4/2006,8.77,16.7,NA,NA
9/5/2006,8.08,15.8,NA,NA
9/6/2006,8.19,16,NA,NA
9/7/2006,8.67,17.2,NA,NA
9/8/2006,8.37,16.7,NA,NA
9/9/2006,8.81,15.8,NA,NA
9/10/2006,8.79,14.9,NA,NA
9/11/2006,7.61,16.3,NA,NA
9/12/2006,8.14,16.1,NA,NA
9/13/2006,7.89,16.7,NA,NA
9/14/2006,8.15,17.8,NA,NA
9/15/2006,8.89,15,NA,NA
9/16/2006,10.08,14.2,NA,NA
9/17/2006,9.62,12.9,NA,NA
9/18/2006,9.09,13.4,NA,NA
9/19/2006,8.98,13.5,NA,NA
9/20/2006,9.23,14.5,NA,NA
9/21/2006,9.33,13.8,NA,NA
9/22/2006,9.13,14.7,NA,NA
9/23/2006,10.04,13.2,NA,NA
9/24/2006,9.31,12.4,NA,NA
9/25/2006,9.16,13.5,NA,NA
9/26/2006,9.23,13.6,NA,NA
9/27/2006,9.4,14,NA,NA
9/28/2006,9.45,13.1,NA,NA
9/29/2006,8.34,14.4,NA,NA
9/30/2006,9.53,13.8,NA,NA
10/1/2006,9.11,13.7,NA,NA
10/2/2006,9.64,12.1,NA,NA
10/3/2006,9.53,13.1,NA,NA
10/4/2006,9.12,13.6,NA,NA
10/5/2006,9.86,13.6,NA,NA
10/6/2006,9.52,12.5,NA,NA
10/7/2006,9.55,11.9,NA,NA
10/8/2006,9.81,10.1,NA,NA
10/9/2006,9.39,12,NA,NA
10/10/2006,8.67,10.3,NA,NA
10/11/2006,9.05,11.1,NA,NA
10/12/2006,9.57,10.7,NA,NA
10/13/2006,9.86,9.3,NA,NA
10/14/2006,10.05,9.23,NA,NA
10/15/2006,9.54,7.8,NA,NA
10/16/2006,9.3,10.8,NA,NA
10/17/2006,9.28,10.6,NA,NA
10/18/2006,8.68,11,NA,NA
10/19/2006,9.5,9.87,NA,NA
10/20/2006,9.92,7.94,NA,NA
10/21/2006,10.93,7.32,NA,NA
10/22/2006,10.84,6.13,NA,NA
10/23/2006,10.19,7.97,NA,NA
10/24/2006,10.1,7.74,NA,NA
10/25/2006,9.56,7.7,NA,NA
10/26/2006,9.65,8.52,NA,NA
10/27/2006,9.95,8.32,NA,NA
10/28/2006,9.7,7.65,NA,NA
10/29/2006,9.61,7.12,NA,NA
10/30/2006,9.02,8.97,NA,NA
10/31/2006,9.01,9.56,NA,NA
11/1/2006,,8.04,NA,NA
11/2/2006,9.64,7.49,NA,NA
11/3/2006,9.11,9.55,NA,NA
11/4/2006,9.89,8.64,NA,NA
11/5/2006,9.73,6.67,NA,NA
11/6/2006,8.82,8.03,NA,NA
11/7/2006,9.28,8.66,NA,NA
11/8/2006,8.42,10.8,NA,NA
11/9/2006,8.6,7.69,NA,NA
11/10/2006,9.06,6.67,NA,NA
11/11/2006,9.34,6.83,NA,NA
11/12/2006,9.24,5.86,NA,NA
11/13/2006,9.3,7.81,NA,NA
11/14/2006,9.08,6.82,NA,NA
11/15/2006,8.85,6.2,NA,NA
11/16/2006,9.14,6.2,NA,NA
11/17/2006,8.9,6.15,NA,NA
11/18/2006,9.61,5.63,NA,NA
11/19/2006,9.31,6.57,NA,NA
11/20/2006,8.7,8.96,NA,NA
11/21/2006,9.16,10.1,NA,NA
11/22/2006,9.37,9.92,NA,NA
11/23/2006,9.62,8.81,NA,NA
11/24/2006,8.51,10.2,NA,NA
11/25/2006,9.38,15.5,NA,NA
11/26/2006,8.93,14.1,NA,NA
11/27/2006,9.01,14.1,NA,NA
11/28/2006,9.16,13.8,NA,NA
11/29/2006,8.56,14.5,NA,NA
11/30/2006,9.17,14.9,NA,NA
12/1/2006,8.44,15.4,NA,NA
12/2/2006,9.71,14.6,NA,NA
12/3/2006,8.74,12.3,NA,NA
12/4/2006,9.39,15,NA,NA
12/5/2006,8.37,12.6,NA,NA
12/6/2006,9.34,13.5,NA,NA
12/7/2006,8.3,11.7,NA,NA
12/8/2006,9.44,13,NA,NA
12/9/2006,10.39,14.8,NA,NA
12/10/2006,9.46,13.8,NA,NA
12/11/2006,8.3,14,NA,NA
12/12/2006,9.73,12.5,NA,NA
12/13/2006,8.79,13.2,NA,NA
12/14/2006,8.58,13.4,NA,NA
12/15/2006,10.05,14.7,NA,NA
12/16/2006,10.88,14.6,NA,NA
12/17/2006,9.53,15.2,NA,NA
12/18/2006,8.77,16.3,NA,NA
12/19/2006,8.35,14.5,NA,NA
12/20/2006,8.66,16.2,NA,NA
12/21/2006,8.76,16.8,NA,NA
12/22/2006,8.7,17,NA,NA
12/23/2006,9.28,17,NA,NA
12/24/2006,9.24,16.4,NA,NA
12/25/2006,8.64,16.5,NA,NA
12/26/2006,8.12,19.7,NA,NA
12/27/2006,9.2,18.4,NA,NA
12/28/2006,8.47,17.3,NA,NA
12/29/2006,8.85,15.8,NA,NA
12/30/2006,8.77,17.2,NA,NA
12/31/2006,8.92,17.9,NA,NA
1/1/2007,8.81,18.4,NA,NA
1/2/2007,8.83,19.6,NA,NA
1/3/2007,8.62,17.6,NA,NA
1/4/2007,8.54,20.3,NA,NA
1/5/2007,8.65,23.6,NA,NA
1/6/2007,8.79,23.1,NA,NA
1/7/2007,8.97,20,NA,NA
1/8/2007,8.34,22,NA,NA
1/9/2007,8.52,22,NA,NA
1/10/2007,8.42,21.2,NA,NA
1/11/2007,8.57,21.4,NA,NA
1/12/2007,8.66,21,NA,NA
1/13/2007,8.61,20.4,NA,NA
1/14/2007,8.4,19.9,NA,NA
1/15/2007,8.68,20.3,NA,NA
1/16/2007,8.38,18.6,NA,NA
1/17/2007,8.35,21.2,NA,NA
1/18/2007,8,20.5,NA,NA
1/19/2007,8.04,20.4,NA,NA
1/20/2007,8.52,21.2,NA,NA
1/21/2007,8.49,20.3,NA,NA
1/22/2007,8.13,21.1,NA,NA
1/23/2007,8.7,22.3,NA,NA
1/24/2007,7.82,22.8,NA,NA
1/25/2007,8.02,22.5,NA,NA
1/26/2007,8.35,21.9,NA,NA
1/27/2007,8.51,20.4,NA,NA
1/28/2007,8.48,19.9,NA,NA
1/29/2007,7.48,20.6,NA,NA
1/30/2007,10.13,20.2,NA,NA
1/31/2007,9.52,20.4,NA,NA
2/1/2007,8.6,18.5,NA,NA
2/2/2007,8.66,20.2,NA,NA
2/3/2007,8.48,22.1,NA,NA
2/4/2007,9.22,19.2,NA,NA
2/5/2007,8.7,19.2,NA,NA
2/6/2007,9,19.1,NA,NA
2/7/2007,9.04,19.1,NA,NA
2/8/2007,8.85,19.2,NA,NA
2/9/2007,8.99,19.9,NA,NA
2/10/2007,9.47,20.9,NA,NA
2/11/2007,9.19,20.9,NA,NA
2/12/2007,9.69,20.2,NA,NA
2/13/2007,9.92,19.9,NA,NA
2/14/2007,9.15,20.2,NA,NA
2/15/2007,9.57,20.1,NA,NA
2/16/2007,10.13,20,NA,NA
2/17/2007,8.78,20.2,NA,NA
2/18/2007,8.59,19.3,NA,NA
2/19/2007,9.04,21.1,NA,NA
2/20/2007,8.82,20.3,NA,NA
2/21/2007,9.02,20.9,NA,NA
2/22/2007,8.81,20.7,NA,NA
2/23/2007,6.8,20.7,NA,NA
2/24/2007,8.75,20.9,NA,NA
2/25/2007,8.95,20.9,NA,NA
2/26/2007,9.14,18,NA,NA
2/27/2007,9.76,18.3,NA,NA
2/28/2007,9.73,18.3,NA,NA
3/1/2007,9.01,18.4,NA,NA
3/2/2007,8.94,20.5,NA,NA
3/3/2007,9.3,20.1,NA,NA
3/4/2007,9.34,20.1,NA,NA
3/5/2007,9.05,19.3,NA,NA
3/6/2007,9.43,18.9,NA,NA
3/7/2007,3.54,20.1,NA,NA
3/8/2007,4.62,0,NA,NA
3/9/2007,9.84,19.6,NA,NA
3/10/2007,9.41,18,NA,NA
3/11/2007,8.89,18.3,NA,NA
3/12/2007,9.65,17.2,NA,NA
3/13/2007,7.38,18.2,NA,NA
3/14/2007,10.22,16.4,NA,NA
3/15/2007,9.48,12.3,NA,NA
3/16/2007,9.83,10.9,NA,NA
3/17/2007,9.62,2.77,NA,NA
3/18/2007,8.95,0.5,NA,NA
3/19/2007,9,0.5,NA,NA
3/20/2007,9.41,0.5,NA,NA
3/21/2007,8.97,0.5,NA,NA
3/22/2007,8.44,0.5,NA,NA
3/23/2007,8.33,0.5,NA,NA
3/24/2007,8.23,0.5,NA,NA
3/25/2007,8.31,0.5,NA,NA
3/26/2007,8.15,0.5,NA,NA
3/27/2007,7.85,0.5,NA,NA
3/28/2007,8.34,0.5,NA,NA
3/29/2007,8.29,0.5,NA,NA
3/30/2007,8.25,0.5,NA,NA
3/31/2007,8.82,0.5,NA,NA
4/1/2007,8.6,0.5,NA,NA
4/2/2007,8.47,0.5,NA,NA
4/3/2007,9.13,0.5,NA,NA
4/4/2007,8.58,0.5,NA,NA
4/5/2007,8.76,0.5,NA,NA
4/6/2007,8.71,0.5,NA,NA
4/7/2007,8.75,0.5,NA,NA
4/8/2007,8.6,0.5,NA,NA
4/9/2007,8.15,0.5,NA,NA
4/10/2007,8.78,0.5,NA,NA
4/11/2007,8.57,0.5,NA,NA
4/12/2007,8.62,0.5,NA,NA
4/13/2007,8.63,0.5,NA,NA
4/14/2007,8.7,0.5,NA,NA
4/15/2007,8.36,0.5,NA,NA
4/16/2007,8.69,0.5,NA,NA
4/17/2007,8.87,0.5,NA,NA
4/18/2007,9.52,0.5,NA,NA
4/19/2007,9.96,0.5,NA,NA
4/20/2007,9.47,0.5,NA,NA
4/21/2007,9.81,0.5,NA,NA
4/22/2007,9.68,0.5,NA,NA
4/23/2007,9.59,0.5,NA,NA
4/24/2007,9.75,0.5,NA,NA
4/25/2007,8.4,0.5,NA,NA
4/26/2007,10.65,0.5,NA,NA
4/27/2007,9.94,0.5,NA,NA
4/28/2007,9.47,0.5,NA,NA
4/29/2007,9.75,0.5,NA,NA
4/30/2007,9.81,0.5,NA,NA
5/1/2007,7.55,0.5,NA,NA
5/2/2007,9.78,0.5,NA,NA
5/3/2007,9.62,0.5,NA,NA
5/4/2007,9.19,0.5,NA,NA
5/5/2007,9.65,0.5,NA,NA
5/6/2007,9.48,0.5,NA,NA
5/7/2007,9.64,0.5,NA,NA
5/8/2007,9.88,0.5,NA,NA
5/9/2007,9.09,0.5,NA,NA
5/10/2007,9.09,0.5,NA,NA
5/11/2007,8.83,0.5,NA,NA
5/12/2007,8.24,0.5,NA,NA
5/13/2007,8.51,0.5,NA,NA
5/14/2007,8.78,0.5,NA,NA
5/15/2007,8.72,0.5,NA,NA
5/16/2007,9.37,0.5,NA,NA
5/17/2007,8.8,0.5,NA,NA
5/18/2007,8.53,0.5,NA,NA
5/19/2007,7.87,0.5,NA,NA
5/20/2007,8.77,0.5,NA,NA
5/21/2007,8.73,0.5,NA,NA
5/22/2007,9.09,0.5,NA,NA
5/23/2007,8.81,0.5,NA,NA
5/24/2007,8.65,0.5,NA,NA
5/25/2007,8.84,0.5,NA,NA
5/26/2007,9.48,0.5,NA,NA
5/27/2007,8.01,0.5,NA,NA
5/28/2007,9.19,0.5,NA,NA
5/29/2007,8.72,0.5,NA,NA
5/30/2007,4.07,0.5,NA,NA
5/31/2007,9.87,0.5,NA,NA
6/1/2007,10.4,0.5,NA,NA
6/2/2007,9.21,0.5,NA,NA
6/3/2007,8.46,0.5,NA,NA
6/4/2007,8.06,0.5,NA,NA
6/5/2007,8.17,0.5,NA,NA
6/6/2007,8.15,0.5,NA,NA
6/7/2007,7.45,0.5,NA,NA
6/8/2007,8,0.5,NA,NA
6/9/2007,8.46,0.5,NA,NA
6/10/2007,8.56,0.5,NA,NA
6/11/2007,8.32,0.5,NA,NA
6/12/2007,8.4,0.5,NA,NA
6/13/2007,8.34,0.5,NA,NA
6/14/2007,8.11,0.5,NA,NA
6/15/2007,8.53,0.5,NA,NA
6/16/2007,8.14,0.5,NA,NA
6/17/2007,8.32,0.5,NA,NA
6/18/2007,7.95,0.5,NA,NA
6/19/2007,8.16,0.5,NA,NA
6/20/2007,8.1,0.5,NA,NA
6/21/2007,7.47,0.5,NA,NA
6/22/2007,7.73,0.5,NA,NA
6/23/2007,7.59,0.5,NA,NA
6/24/2007,7.74,0.5,NA,NA
6/25/2007,7.73,0.5,NA,NA
6/26/2007,7.97,0.5,NA,NA
6/27/2007,8.89,0.5,NA,NA
6/28/2007,8.33,0.5,4.5,NA
6/29/2007,8.38,0.5,,NA
6/30/2007,8.16,0.5,,NA
7/1/2007,8.48,0.5,,NA
7/2/2007,8.47,0.5,4.6,NA
7/3/2007,9.42,0.5,,NA
7/4/2007,8.83,0.5,,NA
7/5/2007,8.61,0.5,,NA
7/6/2007,8.68,0.5,,NA
7/7/2007,8.55,0.5,,NA
7/8/2007,8.56,0.5,,NA
7/9/2007,8.53,0.5,5.2,NA
7/10/2007,8.72,0.5,,NA
7/11/2007,9.03,0.5,,NA
7/12/2007,6.83,0.5,,NA
7/13/2007,8.45,0.5,,NA
7/14/2007,8.56,0.5,,NA
7/15/2007,9.35,0.5,,NA
7/16/2007,8.44,0.5,,NA
7/17/2007,7.04,0.5,5.5,2.4
7/18/2007,8.87,0.5,,
7/19/2007,8.17,0.5,,
7/20/2007,7.73,0.5,,
7/21/2007,7.96,0.5,,
7/22/2007,8.57,0.5,,
7/23/2007,7.66,0.5,,
7/24/2007,8.23,0.5,5.2,
7/25/2007,9.42,0.5,,
7/26/2007,9.13,0.5,,
7/27/2007,8.97,0.5,,
7/28/2007,8.06,0.5,,
7/29/2007,8.87,0.5,,
7/30/2007,7.88,0.5,,
7/31/2007,6.8,0.5,5.5,
8/1/2007,8.26,0.5,,
8/2/2007,9.06,0.5,,
8/3/2007,7.44,0.5,,
8/4/2007,9.72,0.5,,
8/5/2007,9.15,0.5,,
8/6/2007,8.51,0.5,,
8/7/2007,8.15,0.5,5.3,
8/8/2007,8.08,0.5,,
8/9/2007,8.16,0.5,,
8/10/2007,8.03,0.5,,
8/11/2007,8.26,0.5,,
8/12/2007,8.55,0.5,,
8/13/2007,9.32,0.5,,
8/14/2007,8.73,0.5,,
8/15/2007,8.17,0.5,,
8/16/2007,8.08,0.5,,
8/17/2007,8.27,0.5,,
8/18/2007,8.4,0.5,,
8/19/2007,8.3,0.5,,
8/20/2007,8.34,0.5,,
8/21/2007,9.06,0.5,,
8/22/2007,8.49,0.5,,
8/23/2007,8.11,0.5,5.4,
8/24/2007,8.03,0.5,,
8/25/2007,7.45,0.5,,
8/26/2007,8.13,0.5,,
8/27/2007,8.28,0.5,,
8/28/2007,8.5,0.5,,
8/29/2007,8.45,0.5,5.8,0.19
8/30/2007,7.82,0.5,,
8/31/2007,8.04,0.5,,
9/1/2007,8.11,0.5,,
9/2/2007,7.73,0.5,,
9/3/2007,8.4,0.5,,
9/4/2007,8.26,0.5,,
9/5/2007,8.36,0.5,6.4,
9/6/2007,8.42,0.5,,
9/7/2007,8.18,0.5,,
9/8/2007,7.2,0.5,,
9/9/2007,8.25,0.5,,
9/10/2007,8.48,0.5,,
9/11/2007,8.4,0.5,,
9/12/2007,8.52,0.5,6,
9/13/2007,7.91,0.5,,
9/14/2007,8.23,0.5,,
9/15/2007,7.66,0.5,,
9/16/2007,8.02,0.5,,
9/17/2007,7.93,0.5,,
9/18/2007,8.56,0.5,,
9/19/2007,8.68,0.5,,
9/20/2007,7.92,0.5,5.3,0.28
9/21/2007,8.07,0.5,,
9/22/2007,7.67,0.5,,
9/23/2007,8.16,0.5,,
9/24/2007,8.16,0.5,,
9/25/2007,8.18,0.5,,
9/26/2007,8.27,0.5,,
9/27/2007,7.84,0.5,6,
9/28/2007,8.04,0.5,,
9/29/2007,8.38,0.5,,
9/30/2007,8.4,0.5,,
10/1/2007,7.68,0.5,,
10/2/2007,7.84,0.5,,
10/3/2007,8.45,0.5,,
10/4/2007,7.92,0.5,5.7,
10/5/2007,8.11,0.5,,
10/6/2007,7.9,0.5,,
10/7/2007,7.58,0.5,,
10/8/2007,7.72,0.5,,
10/9/2007,8.03,0.5,5.8,
10/10/2007,8.16,0.5,,
10/11/2007,7.94,0.5,,
10/12/2007,8,0.5,,
10/13/2007,9.04,0.5,,
10/14/2007,7.98,0.5,,
10/15/2007,6.72,0.5,,
10/16/2007,10.82,0.5,,
10/17/2007,9.22,0.5,,
10/18/2007,8.76,0.5,6,
10/19/2007,8.81,0.5,,
10/20/2007,8.03,0.5,,
10/21/2007,8.08,0.5,,
10/22/2007,8.82,0.5,,
10/23/2007,8.56,0.5,5.8,
10/24/2007,8.59,0.5,,3.1
10/25/2007,8.52,0.5,,
10/26/2007,8.48,0.5,,
10/27/2007,8.32,0.5,,
10/28/2007,8.32,0.5,,
10/29/2007,8.94,0.5,,
10/30/2007,7.95,0.5,,
10/31/2007,9.17,0.5,6.4,
11/1/2007,7.74,0.5,,
11/2/2007,8.48,0.5,,
11/3/2007,8.14,0.5,,
11/4/2007,8.89,0.5,,
11/5/2007,8.57,0.5,,
11/6/2007,8.74,0.5,,
11/7/2007,8.88,0.5,6.8,
11/8/2007,9.76,0.5,,
11/9/2007,8.65,0.5,,
11/10/2007,8.14,0.5,,
11/11/2007,8.49,0.5,,
11/12/2007,8.69,0.5,,
11/13/2007,8.97,0.5,6,2.4
11/14/2007,8.63,0.5,,
11/15/2007,8.28,0.5,,
11/16/2007,8.31,0.5,,
11/17/2007,7.94,0.5,,
11/18/2007,8.55,0.5,,
11/19/2007,8.18,0.5,6.8,
11/20/2007,8.78,0.5,,
11/21/2007,8.37,0.5,,
11/22/2007,8.64,0.5,,
11/23/2007,8.24,0.5,,
11/24/2007,7.58,0.5,,
11/25/2007,8.6,0.5,,
11/26/2007,8.41,0.5,,
11/27/2007,7.93,0.5,,
11/28/2007,8.47,0.5,6.6,
11/29/2007,8.24,0.5,,
11/30/2007,8.75,0.5,,
12/1/2007,7.92,0.5,,
12/2/2007,8.37,0.5,,
12/3/2007,8.56,0.5,6.7,3.5
12/4/2007,8.08,0.5,,
12/5/2007,8.72,0.5,,
12/6/2007,6.27,0.5,,
12/7/2007,9.82,0.5,,
12/8/2007,8.26,0.5,,
12/9/2007,8.88,0.5,,
12/10/2007,9.36,0.5,6.2,
12/11/2007,8.72,0.5,,
12/12/2007,8.98,0.5,,
12/13/2007,6.97,0.5,,
12/14/2007,8.88,0.5,,
12/15/2007,7.25,0.5,,
12/16/2007,8.31,0.5,,
12/17/2007,8.55,0.5,,
12/18/2007,8.4,0.5,,
12/19/2007,9.75,0.5,6.2,
12/20/2007,8.13,0.5,,
12/21/2007,8.56,0.5,,
12/22/2007,7.66,0.5,,
12/23/2007,8.8,0.5,,
12/24/2007,8.65,0.5,,
12/25/2007,8.57,0.5,,
12/26/2007,8.59,0.5,8.3,
12/27/2007,8.6,0.5,,
12/28/2007,8.54,0.5,,
12/29/2007,7.67,0.5,,
12/30/2007,8.4,0.5,,
12/31/2007,8.37,0.5,,
1/1/2008,8.25,0.5,NA,NA
1/2/2008,8.67,0.5,NA,NA
1/3/2008,8.08,0.5,NA,NA
1/4/2008,8.76,0.5,NA,NA
1/5/2008,8.63,0.5,NA,NA
1/6/2008,9,0.5,NA,NA
1/7/2008,9.69,0.5,NA,NA
1/8/2008,8.96,0.5,NA,NA
1/9/2008,9.04,0.5,NA,NA
1/10/2008,8.93,0.5,NA,NA
1/11/2008,9.37,0.5,NA,NA
1/12/2008,9.19,0.5,NA,NA
1/13/2008,9.42,0.5,NA,NA
1/14/2008,9.65,0.5,NA,NA
1/15/2008,9.12,0.5,NA,NA
1/16/2008,9.22,0.5,NA,NA
1/17/2008,9.08,0.5,NA,NA
1/18/2008,8.61,0.5,NA,NA
1/19/2008,7.2,0.5,NA,NA
1/20/2008,9.8,0.5,NA,NA
1/21/2008,8.51,0.5,NA,NA
1/22/2008,9.49,0.5,NA,NA
1/23/2008,10.22,0.5,NA,NA
1/24/2008,9.24,0.5,NA,NA
1/25/2008,9.54,0.5,NA,NA
1/26/2008,9.08,0.5,NA,NA
1/27/2008,9.56,0.5,NA,NA
1/28/2008,9.43,0.5,NA,NA
1/29/2008,9.48,0.5,NA,NA
1/30/2008,8.97,0.5,NA,NA
1/31/2008,8.71,0.5,NA,NA
2/1/2008,9.63,0.5,NA,NA
2/2/2008,8.92,0.5,NA,NA
2/3/2008,9.76,0.5,NA,NA
2/4/2008,9.68,0.5,NA,NA
2/5/2008,9.63,0.5,NA,NA
2/6/2008,9.04,0.5,NA,NA
2/7/2008,9.66,0.5,NA,NA
2/8/2008,9.26,0.5,NA,NA
2/9/2008,8.9,0.5,NA,NA
2/10/2008,8.94,0.5,NA,NA
2/11/2008,9.26,0.5,NA,NA
2/12/2008,9.09,0.5,NA,NA
2/13/2008,9.62,0.5,NA,NA
2/14/2008,8.15,0.5,NA,NA
2/15/2008,8.27,0.5,NA,NA
2/16/2008,9.08,0.5,NA,NA
2/17/2008,8.25,0.5,NA,NA
2/18/2008,9.08,0.5,NA,NA
2/19/2008,9.06,0.5,NA,NA
2/20/2008,8.54,0.5,NA,NA
2/21/2008,8.29,0.5,NA,NA
2/22/2008,8.89,0.5,NA,NA
2/23/2008,8.75,0.5,NA,NA
2/24/2008,8.52,0.5,NA,NA
2/25/2008,8.66,0.5,NA,NA
2/26/2008,8.62,0.5,NA,NA
2/27/2008,9.17,0.5,NA,NA
2/28/2008,8.44,0.5,NA,NA
2/29/2008,8.74,0.5,NA,NA
3/1/2008,8.16,0.5,NA,NA
3/2/2008,9.05,0.5,NA,NA
3/3/2008,8.57,0.5,NA,NA
3/4/2008,7.9,0.5,NA,NA
3/5/2008,9.16,0.5,NA,NA
3/6/2008,8.37,0.5,NA,NA
3/7/2008,8.37,0.5,NA,NA
3/8/2008,8.32,0.5,NA,NA
3/9/2008,8.53,0.5,NA,NA
3/10/2008,8.72,0.5,NA,NA
3/11/2008,9.35,0.5,NA,NA
3/12/2008,8.59,0.5,NA,NA
3/13/2008,8.71,0.5,NA,NA
3/14/2008,8.9,0.5,NA,NA
3/15/2008,8.87,0.5,NA,NA
3/16/2008,9.03,0.5,NA,NA
3/17/2008,8.66,0.5,NA,NA
3/18/2008,9.12,0.5,NA,NA
3/19/2008,8.58,0.5,NA,NA
3/20/2008,8.77,0.5,NA,NA
3/21/2008,8.43,0.5,NA,NA
3/22/2008,8.43,0.5,NA,NA
3/23/2008,8.88,0.5,NA,NA
3/24/2008,8.4,0.5,NA,NA
3/25/2008,8.33,0.5,NA,NA
3/26/2008,8.68,0.5,NA,NA
3/27/2008,8.36,0.5,NA,NA
3/28/2008,8.18,0.5,NA,NA
3/29/2008,8.44,0.5,NA,NA
3/30/2008,7.55,0.5,NA,NA
3/31/2008,8.32,0.5,NA,NA
4/1/2008,8.26,0.5,NA,NA
4/2/2008,9.63,0.5,NA,NA
4/3/2008,8.89,0.5,NA,NA
4/4/2008,8.41,0.5,NA,NA
4/5/2008,8.94,0.5,NA,NA
4/6/2008,8.27,0.5,NA,NA
4/7/2008,8.66,0.5,NA,NA
4/8/2008,8.79,0.5,NA,NA
4/9/2008,8.36,0.5,NA,NA
4/10/2008,8.67,0.5,NA,NA
4/11/2008,9.29,0.5,NA,NA
4/12/2008,9.35,0.5,NA,NA
4/13/2008,9.1,0.5,NA,NA
4/14/2008,9.19,0.5,NA,NA
4/15/2008,9.39,0.5,NA,NA
4/16/2008,9.22,0.5,NA,NA
4/17/2008,9.8,0.5,NA,NA
4/18/2008,9.25,0.5,NA,NA
4/19/2008,9.6,0.5,NA,NA
4/20/2008,8.94,0.5,NA,NA
4/21/2008,9.28,0.5,NA,NA
4/22/2008,8.81,0.5,NA,NA
4/23/2008,8.85,0.5,NA,NA
4/24/2008,9.42,0.5,NA,NA
4/25/2008,9.45,0.5,NA,NA
4/26/2008,10.08,0.5,NA,NA
4/27/2008,9.53,0.5,NA,NA
4/28/2008,10.07,0.5,NA,NA
4/29/2008,8.32,0.5,NA,NA
4/30/2008,9.14,0.5,NA,NA
5/1/2008,9.09,0.5,NA,NA
5/2/2008,9.37,0.5,NA,NA
5/3/2008,8.79,0.5,NA,NA
5/4/2008,8.21,0.5,NA,NA
5/5/2008,9.51,0.5,NA,NA
5/6/2008,8.27,0.5,NA,NA
5/7/2008,7.63,0.5,NA,NA
5/8/2008,8.47,0.5,NA,NA
5/9/2008,8.57,0.5,NA,NA
5/10/2008,8.92,0.5,NA,NA
5/11/2008,8.9,0.5,NA,NA
5/12/2008,8.5,0.5,NA,NA
5/13/2008,8.92,0.5,NA,NA
5/14/2008,8.81,0.5,NA,NA
5/15/2008,8.59,0.5,NA,NA
5/16/2008,8.63,0.5,NA,NA
5/17/2008,7.68,0.5,NA,NA
5/18/2008,8.14,0.5,NA,NA
5/19/2008,8.33,0.5,NA,NA
5/20/2008,7.88,0.5,NA,NA
5/21/2008,8.05,0.5,NA,NA
5/22/2008,7.96,0.5,NA,NA
5/23/2008,8.52,0.5,NA,NA
5/24/2008,8.03,0.5,NA,NA
5/25/2008,9.04,0.5,NA,NA
5/26/2008,8.6,0.5,NA,NA
5/27/2008,8.64,0.5,NA,NA
5/28/2008,8.55,0.5,NA,NA
5/29/2008,8.91,0.5,NA,NA
5/30/2008,8.51,0.5,NA,NA
5/31/2008,8.53,0.5,NA,NA
6/1/2008,9.08,0.5,NA,NA
6/2/2008,8.43,0.5,NA,NA
6/3/2008,8.8,0.5,NA,NA
6/4/2008,7.71,0.5,NA,NA
6/5/2008,8.91,0.5,NA,NA
6/6/2008,8.59,0.5,NA,NA
6/7/2008,7.97,0.5,NA,NA
6/8/2008,8.47,0.5,NA,NA
6/9/2008,8.12,0.5,NA,NA
6/10/2008,8.27,0.5,NA,NA
6/11/2008,7.87,0.5,NA,NA
6/12/2008,7.83,0.5,NA,NA
6/13/2008,8.47,0.5,NA,NA
6/14/2008,8.08,0.5,NA,NA
6/15/2008,8.23,0.5,NA,NA
6/16/2008,7.83,0.5,NA,NA
6/17/2008,8.22,0.5,NA,NA
6/18/2008,8.27,0.5,NA,NA
6/19/2008,7.95,0.5,NA,NA
6/20/2008,7.94,0.5,NA,NA
6/21/2008,8.5,0.5,NA,NA
6/22/2008,7.95,0.5,NA,NA
6/23/2008,8.19,0.5,NA,NA
6/24/2008,7.93,0.5,NA,NA
6/25/2008,8.13,0.5,NA,NA
6/26/2008,8.32,0.5,NA,NA
6/27/2008,8,0.5,NA,NA
6/28/2008,8.38,0.5,NA,NA
6/29/2008,8.28,0.5,NA,NA
6/30/2008,8.06,0.5,NA,NA
7/1/2008,8.11,0.5,NA,NA
7/2/2008,8.56,0.5,NA,NA
7/3/2008,8.53,0.5,NA,NA
7/4/2008,9.29,0.5,NA,NA
7/5/2008,8.94,0.5,NA,NA
7/6/2008,8.38,0.5,NA,NA
7/7/2008,8.56,0.5,NA,NA
7/8/2008,8.54,0.5,NA,NA
7/9/2008,8.56,0.5,NA,NA
7/10/2008,9.13,0.5,NA,NA
7/11/2008,8.81,0.5,NA,NA
7/12/2008,9.02,0.5,NA,NA
7/13/2008,8.6,0.5,NA,NA
7/14/2008,8.76,0.5,NA,NA
7/15/2008,9.16,0.5,NA,NA
7/16/2008,8.9,0.5,NA,NA
7/17/2008,9.28,0.5,NA,NA
7/18/2008,9.24,0.5,NA,NA
7/19/2008,9.49,0.5,NA,NA
7/20/2008,8.63,0.5,NA,NA
7/21/2008,7.72,0.5,NA,NA
7/22/2008,8.88,0.5,NA,NA
7/23/2008,8.24,0.5,NA,NA
7/24/2008,8.75,0.5,NA,NA
7/25/2008,8.92,0.5,NA,NA
7/26/2008,7.89,0.5,NA,NA
7/27/2008,8.08,0.5,NA,NA
7/28/2008,8.59,0.5,NA,NA
7/29/2008,7.94,0.5,NA,NA
7/30/2008,8.32,0.5,NA,NA
7/31/2008,7.97,0.5,NA,NA
8/1/2008,7.97,0.5,NA,NA
8/2/2008,8.27,0.5,NA,NA
8/3/2008,7.96,0.5,NA,NA
8/4/2008,7.89,0.5,NA,NA
8/5/2008,8.36,0.5,NA,NA
8/6/2008,8.13,0.5,NA,NA
8/7/2008,8.26,0.5,NA,NA
8/8/2008,8.37,0.5,NA,NA
8/9/2008,8.56,0.5,NA,NA
8/10/2008,8.14,0.5,NA,NA
8/11/2008,8.4,0.5,NA,NA
8/12/2008,8.65,0.5,NA,NA
8/13/2008,9.03,0.5,NA,NA
8/14/2008,8.16,0.5,NA,NA
8/15/2008,8.77,0.5,NA,NA
8/16/2008,8.31,0.5,NA,NA
8/17/2008,8.24,0.5,NA,NA
8/18/2008,8.62,0.5,NA,NA
8/19/2008,8.42,0.5,NA,NA
8/20/2008,8.78,0.5,NA,NA
8/21/2008,8.16,0.5,NA,NA
8/22/2008,8.45,0.5,NA,NA
8/23/2008,8.54,0.5,NA,NA
8/24/2008,8.33,0.5,NA,NA
8/25/2008,8.2,0.5,NA,NA
8/26/2008,8.17,0.5,NA,NA
8/27/2008,8.46,0.5,NA,NA
8/28/2008,8.23,0.5,NA,NA
8/29/2008,8.46,0.5,NA,NA
8/30/2008,8.46,0.5,NA,NA
8/31/2008,7.89,0.5,NA,NA
9/1/2008,7.85,0.5,NA,NA
9/2/2008,8.14,0.5,NA,NA
9/3/2008,8.64,0.5,NA,NA
9/4/2008,7.66,0.5,NA,NA
9/5/2008,8.16,0.5,NA,NA
9/6/2008,8.4,0.5,NA,NA
9/7/2008,8.19,0.5,NA,NA
9/8/2008,8.12,0.5,NA,NA
9/9/2008,8.37,0.5,NA,NA
9/10/2008,8.1,0.5,NA,NA
9/11/2008,8.1,0.5,NA,NA
9/12/2008,8.34,0.5,NA,NA
9/13/2008,8.67,0.5,NA,NA
9/14/2008,8.6,0.5,NA,NA
9/15/2008,8.38,0.5,NA,NA
9/16/2008,8.19,0.5,NA,NA
9/17/2008,7.94,0.5,NA,NA
9/18/2008,8.08,0.5,NA,NA
9/19/2008,8.64,0.5,NA,NA
9/20/2008,8.85,0.5,NA,NA
9/21/2008,8.4,0.5,NA,NA
9/22/2008,8.77,0.5,NA,NA
9/23/2008,7.87,0.5,5.7,NA
9/24/2008,9.14,0.5,NA,NA
9/25/2008,8.79,0.5,NA,NA
9/26/2008,9.13,0.5,NA,NA
9/27/2008,9.18,0.5,NA,NA
9/28/2008,8.72,0.5,NA,NA
9/29/2008,9.03,0.5,NA,NA
9/30/2008,8.45,0.5,NA,NA
10/1/2008,8.43,0.5,NA,NA
10/2/2008,8.59,0.5,NA,NA
10/3/2008,8.31,0.5,NA,NA
10/4/2008,8.11,0.5,NA,NA
10/5/2008,8.38,0.5,NA,NA
10/6/2008,8.5,0.5,NA,NA
10/7/2008,8.02,0.5,NA,NA
10/8/2008,8.02,0.5,NA,NA
10/9/2008,7.87,0.5,NA,NA
10/10/2008,8.42,0.5,NA,NA
10/11/2008,8.49,0.5,NA,NA
10/12/2008,8.94,0.5,NA,NA
10/13/2008,8.53,0.5,NA,NA
10/14/2008,8.76,0.5,NA,NA
10/15/2008,8.57,0.5,NA,NA
10/16/2008,8.96,0.5,NA,NA
10/17/2008,8.93,0.5,NA,NA
10/18/2008,8.57,0.5,NA,NA
10/19/2008,8.39,0.5,NA,NA
10/20/2008,8.81,0.5,NA,NA
10/21/2008,8.6,0.5,NA,NA
10/22/2008,8.51,0.5,NA,NA
10/23/2008,8.14,0.5,NA,NA
10/24/2008,8.96,0.5,NA,NA
10/25/2008,9.51,0.5,NA,NA
10/26/2008,8.11,0.5,NA,NA
10/27/2008,8.57,0.5,NA,NA
10/28/2008,8.62,0.5,NA,NA
10/29/2008,8.55,0.5,NA,NA
10/30/2008,8.33,0.5,NA,NA
10/31/2008,8.67,0.5,NA,NA
11/1/2008,9.04,0.5,NA,NA
11/2/2008,8.77,0.5,NA,NA
11/3/2008,8.84,0.5,NA,NA
11/4/2008,8.58,0.5,NA,NA
11/5/2008,8.69,0.5,NA,NA
11/6/2008,8.67,0.5,NA,NA
11/7/2008,8.65,0.5,NA,NA
11/8/2008,9.7,0.5,NA,NA
11/9/2008,8.85,0.5,NA,NA
11/10/2008,8.87,0.5,NA,NA
11/11/2008,8.91,0.5,NA,NA
11/12/2008,8.67,0.5,NA,NA
11/13/2008,8.72,0.5,NA,NA
11/14/2008,8.92,0.5,NA,NA
11/15/2008,8.68,0.5,NA,NA
11/16/2008,8.55,0.5,NA,NA
11/17/2008,8.95,0.5,NA,NA
11/18/2008,8.65,0.5,NA,NA
11/19/2008,8.29,0.5,NA,NA
11/20/2008,8.48,0.5,NA,NA
11/21/2008,8.64,0.5,NA,NA
11/22/2008,8.94,0.5,NA,NA
11/23/2008,8.52,0.5,NA,NA
11/24/2008,8.73,0.5,NA,NA
11/25/2008,8.66,0.5,NA,NA
11/26/2008,8.48,0.5,NA,NA
11/27/2008,9.13,0.5,NA,NA
11/28/2008,8.75,NA,NA,NA
11/29/2008,8.56,0.5,NA,NA
11/30/2008,8.45,0.5,NA,NA
12/1/2008,8.87,0.5,NA,NA
12/2/2008,8.2,0.5,NA,NA
12/3/2008,8.52,0.5,NA,NA
12/4/2008,8.36,0.5,NA,NA
12/5/2008,8.52,0.5,NA,NA
12/6/2008,8.89,0.5,NA,NA
12/7/2008,8.65,0.5,NA,NA
12/8/2008,8.86,0.5,NA,NA
12/9/2008,8.72,0.5,NA,NA
12/10/2008,8.56,0.5,NA,NA
12/11/2008,8.55,0.5,NA,NA
12/12/2008,8.51,0.5,NA,NA
12/13/2008,8.35,0.5,NA,NA
12/14/2008,8.66,0.5,NA,NA
12/15/2008,8.63,0.5,NA,NA
12/16/2008,8.95,0.5,NA,NA
12/17/2008,8.35,0.5,NA,NA
12/18/2008,8.7,0.5,NA,NA
12/19/2008,8.6,0.5,NA,NA
12/20/2008,8.7,0.5,NA,NA
12/21/2008,8.64,0.5,NA,NA
12/22/2008,8.66,0.5,NA,NA
12/23/2008,8.65,0.5,NA,NA
12/24/2008,8.89,0.5,NA,NA
12/25/2008,8.89,0.5,NA,NA
12/26/2008,8.51,0.5,NA,NA
12/27/2008,8.92,0.5,NA,NA
12/28/2008,8.53,0.5,NA,NA
12/29/2008,8.6,0.5,NA,NA
12/30/2008,8.31,0.5,NA,NA
12/31/2008,8.95,0.5,NA,NA
1/1/2009,8.52,0.5,NA,NA
1/2/2009,8.72,0.5,NA,NA
1/3/2009,9.03,0.5,NA,NA
1/4/2009,9.12,0.5,NA,NA
1/5/2009,8.7,0.5,NA,NA
1/6/2009,8.48,0.5,NA,NA
1/7/2009,8.2,0.5,NA,NA
1/8/2009,8.91,0.5,NA,NA
1/9/2009,8.7,0.5,NA,NA
1/10/2009,8.62,0.5,NA,NA
1/11/2009,9.22,0.5,NA,NA
1/12/2009,8.78,0.5,NA,NA
1/13/2009,8.84,0.5,NA,NA
1/14/2009,8,0.5,NA,NA
1/15/2009,8.46,0.5,NA,NA
1/16/2009,8.5,0.5,NA,NA
1/17/2009,8.42,0.5,NA,NA
1/18/2009,9.05,0.5,NA,NA
1/19/2009,8.41,0.5,NA,NA
1/20/2009,8.18,0.5,NA,NA
1/21/2009,8.44,0.5,NA,NA
1/22/2009,9.06,0.5,NA,NA
1/23/2009,9.18,0.5,NA,NA
1/24/2009,9.06,0.5,NA,NA
1/25/2009,8.72,0.5,NA,NA
1/26/2009,9.2,0.5,NA,NA
1/27/2009,9.68,0.5,NA,NA
1/28/2009,8.79,0.5,NA,NA
1/29/2009,8.63,0.5,NA,NA
1/30/2009,8.89,0.5,NA,NA
1/31/2009,8.96,0.5,NA,NA
2/1/2009,8.5,0.5,NA,NA
2/2/2009,9,0.5,NA,NA
2/3/2009,8.3,0.5,NA,NA
2/4/2009,8.53,0.5,NA,NA
2/5/2009,8.68,0.5,NA,NA
2/6/2009,8.72,0.5,NA,NA
2/7/2009,8.98,0.5,NA,NA
2/8/2009,8.9,0.5,NA,NA
2/9/2009,8.64,0.5,NA,NA
2/10/2009,8.93,0.5,NA,NA
2/11/2009,8.61,0.5,NA,NA
2/12/2009,8.9,0.5,NA,NA
2/13/2009,8.44,0.5,NA,NA
2/14/2009,8.91,0.5,NA,NA
2/15/2009,7.44,0.5,NA,NA
2/16/2009,8.94,0.5,NA,NA
2/17/2009,8.94,0.5,NA,NA
2/18/2009,8.94,0.5,NA,NA
2/19/2009,9.14,0.5,NA,NA
2/20/2009,8.72,0.5,NA,NA
2/21/2009,9.13,0.5,NA,NA
2/22/2009,8.7,0.5,NA,NA
2/23/2009,9.58,0.5,NA,NA
2/24/2009,8.49,0.5,NA,NA
2/25/2009,8.84,0.5,NA,NA
2/26/2009,8.4,0.5,NA,NA
2/27/2009,8.3,0.5,NA,NA
2/28/2009,7.97,0.5,NA,NA
3/1/2009,8.66,0.5,NA,NA
3/2/2009,8.71,0.5,NA,NA
3/3/2009,8,0.5,NA,NA
3/4/2009,8.21,0.5,NA,NA
3/5/2009,8.41,0.5,5.7,NA
3/6/2009,8.51,0.5,NA,NA
3/7/2009,8.15,0.5,NA,NA
3/8/2009,8.66,0.5,NA,NA
3/9/2009,8.32,0.5,5.4,NA
3/10/2009,7.71,0.5,NA,NA
3/11/2009,8.19,0.5,NA,NA
3/12/2009,6.66,0.5,NA,NA
3/13/2009,7.63,0.5,NA,NA
3/14/2009,7.75,0.5,NA,NA
3/15/2009,8.24,0.5,NA,NA
3/16/2009,9.16,0.5,NA,NA
3/17/2009,7.96,0.5,NA,NA
3/18/2009,7.88,0.5,NA,NA
3/19/2009,8.18,0.5,NA,NA
3/20/2009,7.97,0.5,NA,NA
3/21/2009,7.75,0.5,NA,NA
3/22/2009,8.11,0.5,NA,NA
3/23/2009,7.95,0.5,NA,NA
3/24/2009,8.03,0.5,NA,NA
3/25/2009,7.99,0.5,NA,NA
3/26/2009,8.24,0.5,NA,NA
3/27/2009,7.92,0.5,NA,NA
3/28/2009,8.07,0.5,NA,NA
3/29/2009,8.37,0.5,NA,NA
3/30/2009,7.64,0.5,NA,NA
3/31/2009,8.01,0.5,6.3,NA
4/1/2009,7.67,2.52,NA,3.7
4/2/2009,8.27,0.5,NA,NA
4/3/2009,8.06,0.5,NA,NA
4/4/2009,7.91,0.5,NA,NA
4/5/2009,8.45,0.5,NA,NA
4/6/2009,8.71,0.5,6,NA
4/7/2009,7.51,0.5,NA,NA
4/8/2009,8.1,0.5,NA,NA
4/9/2009,7.68,0.5,NA,NA
4/10/2009,7.94,0.5,NA,NA
4/11/2009,7.79,0.5,NA,NA
4/12/2009,8.2,0.5,NA,NA
4/13/2009,7.7,0.5,6,NA
4/14/2009,7.96,0.5,NA,NA
4/15/2009,7.8,0.5,NA,NA
4/16/2009,7.65,0.5,NA,NA
4/17/2009,8.03,0.5,NA,NA
4/18/2009,7.83,0.5,NA,NA
4/19/2009,7.87,0.5,NA,NA
4/20/2009,7.94,0.5,5.9,NA
4/21/2009,7.75,0.5,NA,NA
4/22/2009,8.07,0.5,NA,NA
4/23/2009,8.07,0.5,NA,3.3
4/24/2009,7.62,0.5,NA,NA
4/25/2009,7.82,0.5,NA,NA
4/26/2009,8.18,0.5,NA,NA
4/27/2009,7.71,0.5,6.1,NA
4/28/2009,7.96,0.5,NA,NA
4/29/2009,7.79,0.5,NA,NA
4/30/2009,7.84,0.5,NA,NA
5/1/2009,8.19,0.5,NA,NA
5/2/2009,8.19,0.5,NA,NA
5/3/2009,8.24,0.5,NA,NA
5/4/2009,7.71,0.5,6.2,NA
5/5/2009,8.08,0.5,NA,NA
5/6/2009,8.04,0.5,NA,3.2
5/7/2009,8.08,0.5,NA,NA
5/8/2009,7.5,0.5,NA,NA
5/9/2009,8.18,0.5,NA,NA
5/10/2009,8.05,0.5,NA,NA
5/11/2009,8.17,0.5,NA,NA
5/12/2009,8.62,0.5,6.1,NA
5/13/2009,8.63,0.5,NA,NA
5/14/2009,8.55,0.5,NA,NA
5/15/2009,8.74,0.5,NA,NA
5/16/2009,8.59,0.5,NA,NA
5/17/2009,8.65,0.5,NA,NA
5/18/2009,8.67,0.5,5.3,NA
5/19/2009,8.56,0.5,NA,NA
5/20/2009,8.29,0.5,NA,NA
5/21/2009,8.68,0.5,NA,NA
5/22/2009,8.48,0.5,NA,NA
5/23/2009,8.85,0.5,NA,NA
5/24/2009,8.3,0.5,NA,NA
5/25/2009,8.64,0.5,NA,NA
5/26/2009,8.51,0.5,NA,NA
5/27/2009,8.49,0.5,6,NA
5/28/2009,8.8,0.5,NA,NA
5/29/2009,8.36,0.5,NA,NA
5/30/2009,8.59,0.5,NA,NA
5/31/2009,9.11,0.5,NA,NA
6/1/2009,8.56,0.5,NA,3.6
6/2/2009,8.4,0.5,5.7,3.2
6/3/2009,7.97,0.5,NA,NA
6/4/2009,7.84,0.5,NA,NA
6/5/2009,7.31,0.5,NA,NA
6/6/2009,7.91,0.5,NA,NA
6/7/2009,7.31,0.5,NA,NA
6/8/2009,7.32,0.5,5.2,NA
6/9/2009,7.4,0.5,NA,NA
6/10/2009,7.4,0.5,NA,NA
6/11/2009,7.42,0.5,NA,NA
6/12/2009,7.29,0.5,NA,NA
6/13/2009,7.1,0.5,NA,NA
6/14/2009,7.13,0.5,NA,NA
6/15/2009,7.4,0.5,NA,NA
6/16/2009,7.22,0.5,5.5,NA
6/17/2009,7.59,0.5,NA,NA
6/18/2009,7.09,0.5,NA,NA
6/19/2009,7.45,0.5,NA,NA
6/20/2009,7.17,0.5,NA,NA
6/21/2009,7.52,0.5,NA,NA
6/22/2009,7.03,0.5,NA,NA
6/23/2009,7.38,0.5,5.7,NA
6/24/2009,7.61,0.5,NA,NA
6/25/2009,7.37,0.5,NA,NA
6/26/2009,7.78,0.5,NA,NA
6/27/2009,7.77,0.5,NA,NA
6/28/2009,7.26,0.5,NA,NA
6/29/2009,8.26,0.5,6.2,NA
6/30/2009,7.44,0.5,NA,NA
7/1/2009,7.86,0.5,NA,NA
7/2/2009,7.26,0.5,NA,NA
7/3/2009,7.54,0.5,NA,NA
7/4/2009,7.63,0.5,NA,NA
7/5/2009,7.18,0.5,NA,NA
7/6/2009,7.17,0.5,NA,NA
7/7/2009,7.14,0.5,6.2,NA
7/8/2009,7.47,0.5,NA,3.1
7/9/2009,7.26,0.5,NA,NA
7/10/2009,7.09,0.5,NA,NA
7/11/2009,7.14,0.5,NA,NA
7/12/2009,7.28,0.5,NA,NA
7/13/2009,7.27,0.5,5.9,NA
7/14/2009,7.09,0.5,NA,NA
7/15/2009,7.13,0.5,NA,NA
7/16/2009,7.4,0.5,NA,NA
7/17/2009,7.21,0.5,NA,NA
7/18/2009,7.4,0.5,NA,NA
7/19/2009,7.61,0.5,NA,NA
7/20/2009,7.37,0.5,5.4,NA
7/21/2009,7.65,0.5,NA,NA
7/22/2009,7.38,0.5,NA,NA
7/23/2009,7.43,0.5,NA,NA
7/24/2009,7.87,0.5,NA,NA
7/25/2009,8.18,0.5,NA,NA
7/26/2009,8.14,0.5,NA,NA
7/27/2009,7.95,0.5,NA,NA
7/28/2009,7.75,0.5,6.2,NA
7/29/2009,8.11,0.5,NA,NA
7/30/2009,8.45,3.6,NA,NA
7/31/2009,8.42,1.48,NA,NA
8/1/2009,8.62,1.9,NA,NA
8/2/2009,8.4,1.2,NA,NA
8/3/2009,7.55,1.62,6.2,NA
8/4/2009,8.47,1.1,NA,2.7
8/5/2009,8,0.5,NA,NA
8/6/2009,7.85,0.5,NA,NA
8/7/2009,7.77,1.2,NA,NA
8/8/2009,8.23,1.15,NA,NA
8/9/2009,8.37,0.5,NA,NA
8/10/2009,7.29,1.3,6.4,NA
8/11/2009,7.95,1.42,NA,NA
8/12/2009,8.36,1.05,NA,NA
8/13/2009,8.48,1.24,NA,NA
8/14/2009,8.71,1.13,NA,NA
8/15/2009,8.37,0.5,NA,NA
8/16/2009,8.73,0.5,NA,NA
8/17/2009,8.7,1.05,NA,NA
8/18/2009,7.89,1.28,NA,NA
8/19/2009,7.92,1.31,NA,NA
8/20/2009,8.13,1.16,NA,NA
8/21/2009,7.96,0.5,NA,NA
8/22/2009,8.37,0.5,NA,NA
8/23/2009,7.8,0.5,NA,NA
8/24/2009,7.99,1.04,NA,NA
8/25/2009,7.85,1.29,NA,NA
8/26/2009,8.05,1.21,7.2,NA
8/27/2009,8.02,1.06,NA,NA
8/28/2009,8.04,1.03,NA,NA
8/29/2009,8.32,1.19,NA,NA
8/30/2009,7.87,0.5,NA,NA
8/31/2009,8.86,0.5,NA,NA
9/1/2009,8.98,0.5,6.1,NA
9/2/2009,8.51,0.5,NA,NA
9/3/2009,8.24,0.5,NA,NA
9/4/2009,7.91,0.5,NA,NA
9/5/2009,7.92,0.5,NA,NA
9/6/2009,7.73,1.07,NA,NA
9/7/2009,7.85,0.5,NA,NA
9/8/2009,7.78,1.23,6.7,NA
9/9/2009,8.26,1.09,NA,2.4
9/10/2009,7.75,1.14,NA,NA
9/11/2009,8.36,1.53,NA,NA
9/12/2009,7.95,1.22,NA,NA
9/13/2009,7.71,1.32,NA,NA
9/14/2009,8.71,1.52,6.2,NA
9/15/2009,8.12,1.77,NA,NA
9/16/2009,7.81,0.5,NA,NA
9/17/2009,8.67,1.06,NA,NA
9/18/2009,8.42,1.22,NA,NA
9/19/2009,8.02,1.27,NA,NA
9/20/2009,7.59,0.5,NA,NA
9/21/2009,8.41,1.33,NA,NA
9/22/2009,7.79,1.5,NA,NA
9/23/2009,8.04,1.27,6.5,NA
9/24/2009,8.17,1.66,NA,NA
9/25/2009,8.15,1.12,NA,NA
9/26/2009,7.45,1.08,NA,NA
9/27/2009,8.37,1.76,NA,NA
9/28/2009,8.37,1.04,6.1,NA
9/29/2009,7.48,1.56,NA,NA
9/30/2009,7.77,1.06,NA,NA
10/1/2009,7.66,0.5,NA,NA
10/2/2009,7.64,1.05,NA,NA
10/3/2009,7.81,1.16,NA,NA
10/4/2009,8.39,0.5,NA,NA
10/5/2009,8.19,0.5,NA,1.8
10/6/2009,7.77,1.37,6.5,NA
10/7/2009,7.69,1.39,NA,NA
10/8/2009,8.06,0.5,NA,NA
10/9/2009,8.23,1.19,NA,NA
10/10/2009,7.61,1.35,NA,NA
10/11/2009,8.48,1.3,NA,NA
10/12/2009,8.04,1.29,NA,NA
10/13/2009,8.51,1.28,NA,NA
10/14/2009,8.4,1.39,NA,NA
10/15/2009,8.17,1.49,6,NA
10/16/2009,9.02,1.33,NA,NA
10/17/2009,8.37,1.37,NA,NA
10/18/2009,9,1.65,NA,NA
10/19/2009,9.52,1.07,NA,NA
10/20/2009,8.6,0.5,5.7,NA
10/21/2009,8.83,1.43,NA,NA
10/22/2009,8.99,1.16,NA,NA
10/23/2009,9,1.15,NA,NA
10/24/2009,9,1.26,NA,NA
10/25/2009,8.59,1.22,NA,NA
10/26/2009,9.04,1.35,6.1,NA
10/27/2009,8.27,1.1,NA,NA
10/28/2009,8.61,0.5,NA,NA
10/29/2009,8.58,1.21,NA,NA
10/30/2009,8.74,1.14,NA,NA
10/31/2009,8.58,1.43,NA,NA
11/1/2009,9.1,1.25,NA,NA
11/2/2009,9.21,1.54,NA,NA
11/3/2009,8.33,1.29,NA,NA
11/4/2009,8.98,1.23,6.1,0.5
11/5/2009,8.6,1.33,NA,NA
11/6/2009,8.84,1.22,NA,NA
11/7/2009,8.25,1.17,NA,NA
11/8/2009,8.47,1.35,NA,NA
11/9/2009,9.08,1.41,NA,NA
11/10/2009,8.7,1.22,NA,NA
11/11/2009,8.31,1.29,NA,NA
11/12/2009,8.6,1.22,5.8,NA
11/13/2009,8.65,1.41,NA,NA
11/14/2009,8.71,1.17,NA,NA
11/15/2009,8.98,1.26,NA,NA
11/16/2009,8.81,1.29,NA,NA
11/17/2009,8.68,1.39,5.6,NA
11/18/2009,8.75,1.33,NA,NA
11/19/2009,8.91,1.24,NA,NA
11/20/2009,8.18,1.24,NA,NA
11/21/2009,8.81,1.11,NA,NA
11/22/2009,9.36,1.31,NA,NA
11/23/2009,8.03,1.27,NA,NA
11/24/2009,8.61,1.1,6.3,NA
11/25/2009,8.7,1.27,NA,NA
11/26/2009,9.09,1.2,NA,NA
11/27/2009,8.49,1.33,NA,NA
11/28/2009,8.71,1.29,NA,NA
11/29/2009,8.78,NA,NA,NA
11/30/2009,8.63,1.43,NA,NA
12/1/2009,8.31,1.45,NA,NA
12/2/2009,8.94,1.15,NA,NA
12/3/2009,8.33,1.18,6.6,NA
12/4/2009,8.49,1.23,NA,NA
12/5/2009,8.97,1.28,NA,NA
12/6/2009,8.98,1.22,NA,NA
12/7/2009,8.68,1.33,NA,NA
12/8/2009,8.52,1.73,6.2,NA
12/9/2009,8.71,1.27,NA,NA
12/10/2009,8.55,1.05,NA,NA
12/11/2009,8.72,0.5,NA,NA
12/12/2009,9.13,1.42,NA,NA
12/13/2009,9.48,0.5,NA,NA
12/14/2009,9.28,1.13,NA,NA
12/15/2009,9.29,1.02,6.1,NA
12/16/2009,7.96,1.3,NA,NA
12/17/2009,8.47,1.22,NA,NA
12/18/2009,8.81,0.5,NA,NA
12/19/2009,8.58,0.5,NA,NA
12/20/2009,9.18,0.5,NA,NA
12/21/2009,8.84,0.5,6.2,3.1
12/22/2009,9.18,1.03,NA,NA
12/23/2009,9.41,1.03,NA,NA
12/24/2009,9.24,1.25,NA,NA
12/25/2009,9.3,1.05,NA,NA
12/26/2009,8.22,1.38,NA,NA
12/27/2009,8.78,1.01,NA,NA
12/28/2009,8.74,0.5,NA,NA
12/29/2009,8.75,0.5,5.3,NA
12/30/2009,9.02,1.26,NA,NA
12/31/2009,8.43,1.22826087,NA,NA
1/1/2010,8.88,1.43,NA,NA
1/2/2010,8.4,0.5,NA,NA
1/3/2010,8.74,1.18,NA,NA
1/4/2010,9.13,0.5,NA,NA
1/5/2010,8.6,1.08,NA,NA
1/6/2010,8.67,1.15,6,1.9
1/7/2010,8.61,1.03,NA,NA
1/8/2010,8.69,1.19,NA,NA
1/9/2010,8.62,1.18,NA,NA
1/10/2010,8.88,1.06,NA,NA
1/11/2010,9.2,1.06,NA,NA
1/12/2010,7.49,0.5,NA,NA
1/13/2010,10.09,0.5,NA,NA
1/14/2010,9.17,1.05,NA,NA
1/15/2010,8.35,1.14,NA,NA
1/16/2010,8.41,1.15,NA,NA
1/17/2010,8.32,1.12,NA,NA
1/18/2010,8.77,1.05,NA,NA
1/19/2010,9.42,1.24,NA,NA
1/20/2010,9.61,1.22,NA,NA
1/21/2010,8.82,1.16,6,NA
1/22/2010,10.06,1.28,NA,NA
1/23/2010,9.39,1.18,NA,NA
1/24/2010,8.92,1.22,NA,NA
1/25/2010,9.23,1.16,NA,NA
1/26/2010,9.48,1.26,NA,NA
1/27/2010,9.64,1.38,2.5,NA
1/28/2010,9.27,1.42,NA,NA
1/29/2010,9.06,1.12,NA,NA
1/30/2010,9.3,1.33,NA,NA
1/31/2010,8.9,1.05,NA,NA
2/1/2010,9.07,1.18,NA,NA
2/2/2010,9.01,1.11,NA,NA
2/3/2010,9.3,1.31,3.4,NA
2/4/2010,9.5,1.28,NA,NA
2/5/2010,9.11,1.01,NA,NA
2/6/2010,9.15,1.06,NA,NA
2/7/2010,9.48,1.06,NA,NA
2/8/2010,9.67,1.18,NA,NA
2/9/2010,9.38,1.19,NA,NA
2/10/2010,9.38,1.15,4.6,3
2/11/2010,9.52,1.17,NA,NA
2/12/2010,9.39,1.02,NA,NA
2/13/2010,9.41,1.19,NA,NA
2/14/2010,9.22,1.03,NA,NA
2/15/2010,9.37,1.07,NA,NA
2/16/2010,9.46,1.08,4.2,NA
2/17/2010,9.36,1.01,NA,NA
2/18/2010,9.08,1.2,NA,NA
2/19/2010,9.35,0.5,NA,NA
2/20/2010,8.63,1.03,NA,NA
2/21/2010,9.2,1.03,NA,NA
2/22/2010,9.45,1.14,NA,NA
2/23/2010,9.44,1.12,NA,NA
2/24/2010,9.58,1.2,NA,NA
2/25/2010,9.66,1.26,6.8,NA
2/26/2010,9.63,1.12,NA,NA
2/27/2010,9.75,1.09,NA,NA
2/28/2010,9.53,1.08,NA,NA
3/1/2010,9.8,1.12,6.8,NA
3/2/2010,9.66,1.06,NA,NA
3/3/2010,9.58,1.12,NA,NA
3/4/2010,9.6,1.29,NA,NA
3/5/2010,9.72,1,NA,NA
3/6/2010,10.57,1.13,NA,NA
3/7/2010,9.04,1.23,NA,NA
3/8/2010,9.66,1.24,NA,NA
3/9/2010,9.8,1.23,NA,NA
3/10/2010,10.25,1.2,NA,NA
3/11/2010,9.19,1.21,8.2,3
3/12/2010,8.91,1.2,NA,NA
3/13/2010,9.83,1.12,NA,NA
3/14/2010,9.25,0.5,NA,NA
3/15/2010,10.25,1.3,NA,NA
3/16/2010,8.82,1.2,NA,NA
3/17/2010,9.58,1.17,7.5,NA
3/18/2010,9.12,1.01,NA,NA
3/19/2010,9.16,1.17,NA,NA
3/20/2010,9.64,1.18,NA,NA
3/21/2010,8.95,1.28,NA,NA
3/22/2010,9.99,0.5,NA,NA
3/23/2010,9.44,0.5,5.3,NA
3/24/2010,9.35,1.02,NA,NA
3/25/2010,9.38,1.15,NA,NA
3/26/2010,9.37,1.13,NA,NA
3/27/2010,8.82,1.35,NA,NA
3/28/2010,9.43,1.06,NA,NA
3/29/2010,9.74,1.05,NA,NA
3/30/2010,9.49,1.09,5.6,NA
3/31/2010,9.37,1.24,NA,NA
4/1/2010,8.98,1.07,NA,NA
4/2/2010,8.63,1.07,NA,NA
4/3/2010,9.03,1.21,NA,NA
4/4/2010,9.3,1.2,NA,NA
4/5/2010,9.71,1.17,NA,NA
4/6/2010,9.27,1.3,9.5,NA
4/7/2010,8.82,1.17,NA,NA
4/8/2010,8.76,1.28,NA,NA
4/9/2010,9.05,1.26,NA,NA
4/10/2010,8.94,1.07,NA,NA
4/11/2010,9.5,1.34,NA,NA
4/12/2010,9.51,1.23,NA,NA
4/13/2010,9.33,1.1,8.3,3
4/14/2010,9.04,1.15,NA,NA
4/15/2010,8.56,1.34,NA,NA
4/16/2010,9.87,1.15,NA,NA
4/17/2010,8.68,1.19,NA,NA
4/18/2010,9.35,1.43,NA,NA
4/19/2010,9.35,1.08,NA,NA
4/20/2010,9.4,1.12,NA,NA
4/21/2010,9.09,1.16,7.4,NA
4/22/2010,8.79,1.26,NA,NA
4/23/2010,10.7,1.27,NA,NA
4/24/2010,9.22,1.25,NA,NA
4/25/2010,9.31,1.17,NA,NA
4/26/2010,9.56,1.04,NA,NA
4/27/2010,8.9,1.2,8.8,NA
4/28/2010,9.52,0.5,NA,NA
4/29/2010,9.02,1.11,NA,NA
4/30/2010,8.7,1.25,NA,NA
5/1/2010,9.75,1.22,NA,NA
5/2/2010,8.77,1.22,NA,NA
5/3/2010,9.21,1.08,NA,NA
5/4/2010,9.48,1,NA,NA
5/5/2010,8.09,1.06,7.1,NA
5/6/2010,9.52,1.08,NA,NA
5/7/2010,8.71,1.19,NA,NA
5/8/2010,9.03,1.14,NA,NA
5/9/2010,9.28,1.26,NA,NA
5/10/2010,8.82,1.38,NA,NA
5/11/2010,9.32,1.08,NA,NA
5/12/2010,9.08,1.15,6.4,3.7
5/13/2010,8.7,1.21,NA,NA
5/14/2010,9.08,1.25,NA,NA
5/15/2010,9.21,1.04,NA,NA
5/16/2010,8.89,1.23,NA,NA
5/17/2010,9.33,0.5,NA,NA
5/18/2010,8.65,1.25,NA,NA
5/19/2010,9.04,0.5,NA,NA
5/20/2010,8.16,1.23,7.1,NA
5/21/2010,9.76,1.14,NA,NA
5/22/2010,9.66,1.09,NA,NA
5/23/2010,9.09,1.21,NA,NA
5/24/2010,9.49,1.03,NA,NA
5/25/2010,9.05,1.1,6.4,NA
5/26/2010,9.49,1.02,NA,NA
5/27/2010,9.34,1.39,NA,NA
5/28/2010,8.99,1.08,NA,NA
5/29/2010,9.48,1.11,NA,NA
5/30/2010,9.11,1.36,NA,NA
5/31/2010,9.05,1.04,NA,NA
6/1/2010,9.51,0.5,6.1,NA
6/2/2010,6.07,1.1,NA,NA
6/3/2010,9.44,0.5,NA,NA
6/4/2010,8.76,1.13,NA,NA
6/5/2010,8.62,0.5,NA,NA
6/6/2010,8.13,1.48,NA,NA
6/7/2010,8.16,1.05,NA,NA
6/8/2010,8.27,1.07,NA,NA
6/9/2010,8.57,1.02,5.6,2.3
6/10/2010,8.33,0.5,NA,NA
6/11/2010,8.37,1.03,NA,NA
6/12/2010,8.59,1.1,NA,NA
6/13/2010,8.33,0.5,NA,NA
6/14/2010,8.82,0.5,NA,NA
6/15/2010,8.95,0.5,5.2,NA
6/16/2010,8.72,0.5,NA,NA
6/17/2010,8.22,0.5,NA,NA
6/18/2010,8.29,1.17,NA,NA
6/19/2010,8.46,1.01,NA,NA
6/20/2010,7.72,1.02,NA,NA
6/21/2010,8.01,0.5,NA,NA
6/22/2010,8.17,1.08,NA,NA
6/23/2010,8.51,1.03,4.9,NA
6/24/2010,8.51,1.21,NA,NA
6/25/2010,8.84,1.12,NA,NA
6/26/2010,8.86,0.5,NA,NA
6/27/2010,8.79,0.5,NA,NA
6/28/2010,9.12,0.5,NA,NA
6/29/2010,8.72,0.5,NA,NA
6/30/2010,9.28,0.5,4.7,NA
7/1/2010,8.68,1.16,NA,NA
7/2/2010,8.56,0.5,NA,NA
7/3/2010,8.97,1.07,NA,NA
7/4/2010,8.88,1.07,NA,NA
7/5/2010,8.15,0.5,NA,NA
7/6/2010,9.18,0.5,NA,NA
7/7/2010,9.2,1.21,3.2,2.7
7/8/2010,8.22,1.06,NA,NA
7/9/2010,8.29,1.05,NA,NA
7/10/2010,8.1,1.13,NA,NA
7/11/2010,8,1.08,NA,NA
7/12/2010,8.05,0.5,NA,NA
7/13/2010,7.96,0.5,4.5,NA
7/14/2010,8.17,0.5,NA,NA
7/15/2010,8.12,1.02,NA,NA
7/16/2010,8.26,1.06,NA,NA
7/17/2010,7.96,1.24,NA,NA
7/18/2010,8.05,1.03,NA,NA
7/19/2010,7.81,1.21,NA,NA
7/20/2010,7.82,1.07,5.2,NA
7/21/2010,7.92,0.5,NA,NA
7/22/2010,7.68,1.06,NA,NA
7/23/2010,7.94,1.04,NA,NA
7/24/2010,8.26,1.25,NA,NA
7/25/2010,8,0.903,NA,NA
7/26/2010,7.7,0.911,NA,NA
7/27/2010,7.92,0.853,NA,NA
7/28/2010,8.11,0.865,5.6,NA
7/29/2010,8.14,0.946,NA,NA
7/30/2010,7.76,1.07,NA,NA
7/31/2010,8.09,1.17,NA,NA
8/1/2010,8.17,1.1,NA,NA
8/2/2010,8.01,1.18,NA,NA
8/3/2010,8.26,0.963,6.1,3.4
8/4/2010,8.06,0.947,NA,NA
8/5/2010,8.34,0.987,NA,NA
8/6/2010,7.91,1.09,NA,NA
8/7/2010,8,1.19,NA,NA
8/8/2010,7.82,0.956,NA,NA
8/9/2010,8.44,0.889,NA,NA
8/10/2010,8.15,0.871,NA,NA
8/11/2010,8.15,0.983,5.9,NA
8/12/2010,8.44,1.06,NA,NA
8/13/2010,8.29,1.13,NA,NA
8/14/2010,8.2,1.02,NA,NA
8/15/2010,8.47,0.942,NA,NA
8/16/2010,8.95,1.01,5.7,NA
8/17/2010,8.61,1.02,NA,NA
8/18/2010,9.15,0.937,NA,NA
8/19/2010,9.2,0.944,NA,NA
8/20/2010,8.68,1.04,NA,NA
8/21/2010,9.02,1.1,NA,NA
8/22/2010,9.23,0.914,NA,NA
8/23/2010,9.54,0.766,NA,NA
8/24/2010,9.1,0.848,NA,NA
8/25/2010,8.51,0.94,5.6,NA
8/26/2010,9.21,1.08,NA,NA
8/27/2010,8.49,0.936,NA,NA
8/28/2010,8.92,1.01,NA,NA
8/29/2010,9.07,0.988,NA,NA
8/30/2010,9.06,1.02,NA,NA
8/31/2010,8.85,0.82,NA,NA
9/1/2010,8.87,1.13,5.4,NA
9/2/2010,8.92,1.13,NA,NA
9/3/2010,7.85,1.03,NA,NA
9/4/2010,7.85,1.18,NA,NA
9/5/2010,8.11,0.915,NA,NA
9/6/2010,7.95,0.892,NA,NA
9/7/2010,8.7,0.901,NA,NA
9/8/2010,8.32,0.844,NA,NA
9/9/2010,8.31,0.932,6.2,3.2
9/10/2010,8.25,1.02,NA,NA
9/11/2010,8.03,0.982,NA,NA
9/12/2010,8.2,0.985,NA,NA
9/13/2010,8.53,1.01,NA,NA
9/14/2010,7.96,1.01,6.1,NA
9/15/2010,8.09,1.17,NA,NA
9/16/2010,8.45,1.18,NA,NA
9/17/2010,8.34,1.11,NA,NA
9/18/2010,9.19,1.04,NA,NA
9/19/2010,9.37,0.906,NA,NA
9/20/2010,8.66,0.847,NA,NA
9/21/2010,8.96,0.959,5.6,NA
9/22/2010,8.59,0.985,NA,NA
9/23/2010,8.47,0.868,NA,NA
9/24/2010,8.8,0.936,NA,NA
9/25/2010,8.74,1.09,NA,NA
9/26/2010,8.97,1.11,NA,NA
9/27/2010,8.79,1.03,NA,NA
9/28/2010,8.64,1.14,5.7,NA
9/29/2010,8.65,1.15,NA,NA
9/30/2010,8.37,1.01,NA,NA
10/1/2010,8.43,1.06,NA,NA
10/2/2010,7.69,1.08,NA,NA
10/3/2010,8.17,1.06,NA,NA
10/4/2010,8.26,0.986,NA,NA
10/5/2010,8,1.11,NA,NA
10/6/2010,7.77,1.06,5.7,NA
10/7/2010,8.26,1.17,NA,NA
10/8/2010,7.7,1.04,NA,NA
10/9/2010,8.07,1.13,NA,NA
10/10/2010,8.61,1.06,NA,NA
10/11/2010,8.52,0.902,NA,NA
10/12/2010,7.85,0.89,5.6,NA
10/13/2010,8.13,1.05,NA,NA
10/14/2010,7.6,1.2,NA,NA
10/15/2010,7.84,1.05,NA,NA
10/16/2010,7.72,1.03,NA,NA
10/17/2010,8.01,0.957,NA,NA
10/18/2010,8.27,0.879,NA,NA
10/19/2010,7.93,1.02,5.3,NA
10/20/2010,8.57,1.01,NA,NA
10/21/2010,8.75,0.971,NA,NA
10/22/2010,7.83,0.884,NA,NA
10/23/2010,7.81,0.926,NA,NA
10/24/2010,8.79,1.24,NA,NA
10/25/2010,7.93,1.09,NA,NA
10/26/2010,8.35,0.99,5.6,0.37
10/27/2010,8.23,1.08,NA,NA
10/28/2010,8.98,1.03,NA,NA
10/29/2010,8.4,1.16,NA,NA
10/30/2010,8.76,0.857,NA,NA
10/31/2010,8.83,0.974,NA,NA
11/1/2010,8.63,0.957,NA,NA
11/2/2010,9.15,1.02,5.5,1.6
11/3/2010,9.22,0.952,NA,NA
11/4/2010,8.24,0.925,NA,NA
11/5/2010,8.46,1.05,NA,NA
11/6/2010,8.94,1.05,NA,NA
11/7/2010,9.22,1.06,NA,NA
11/8/2010,8.97,0.902,NA,NA
11/9/2010,8.05,1.07,5.4,NA
11/10/2010,7.61,1.07,NA,NA
11/11/2010,7.54,0.975,NA,NA
11/12/2010,8.25,1.22,NA,NA
11/13/2010,8.11,0.984,NA,NA
11/14/2010,7.59,1.11,NA,NA
11/15/2010,8.71,1.02,NA,NA
11/16/2010,8.22,0.989,NA,NA
11/17/2010,8.57,0.992,NA,NA
11/18/2010,9.02,0.903,5.6,NA
11/19/2010,8.65,0.952,NA,NA
11/20/2010,8.88,1.16,NA,NA
11/21/2010,9.74,0.995,NA,NA
11/22/2010,9.88,0.836,NA,NA
11/23/2010,9.03,0.96,5,NA
11/24/2010,9.17,0.906,NA,NA
11/25/2010,9.75,0.708,NA,NA
11/26/2010,8.12,1.06,NA,NA
11/27/2010,8.81,1.11,NA,NA
11/28/2010,8.87,0.963,NA,NA
11/29/2010,8.86,0.908,NA,NA
11/30/2010,8.62,0.908,NA,NA
12/1/2010,8.66,0.962,5.2,NA
12/2/2010,8.71,0.93,NA,NA
12/3/2010,9.36,0.879,NA,NA
12/4/2010,8.22,0.882,NA,NA
12/5/2010,8.91,0.921,NA,NA
12/6/2010,8.82,0.894,NA,NA
12/7/2010,8.05,1.09,5.5,3.1
12/8/2010,8.32,1.16,NA,NA
12/9/2010,8.61,1.34,NA,NA
12/10/2010,7.72,1.04,NA,NA
12/11/2010,8.2,1.03,NA,NA
12/12/2010,7.98,0.842,NA,NA
12/13/2010,8.58,1.04,6,NA
12/14/2010,8.24,1.24,NA,NA
12/15/2010,8.02,0.938,NA,NA
12/16/2010,8.37,0.978,NA,NA
12/17/2010,8.8,0.991,NA,NA
12/18/2010,8.43,0.953,NA,NA
12/19/2010,8.27,0.959,NA,NA
12/20/2010,9.33,0.926,NA,NA
12/21/2010,8.72,0.972,5.4,NA
12/22/2010,8.53,0.964,NA,NA
12/23/2010,9.69,0.882,NA,NA
12/24/2010,9.39,0.928,NA,NA
12/25/2010,10.15,0.793,NA,NA
12/26/2010,7.84,1.15,NA,NA
12/27/2010,7.28,1.07,NA,NA
12/28/2010,7.21,1.18,3.2,2.7
12/29/2010,7.93,0.878,2.9,NA
12/30/2010,8.04,0.855,NA,NA
12/31/2010,9.04,0,NA,NA
1/1/2011,9.22,1.03,NA,NA
1/2/2011,9.13,1.08,NA,NA
1/3/2011,8.34,1.16,NA,NA
1/4/2011,9.43,1.06,NA,NA
1/5/2011,9.21,0.864,NA,NA
1/6/2011,8.86,0.922,5.1,3.5
1/7/2011,9.11,1.2,NA,NA
1/8/2011,8.7,1.06,NA,NA
1/9/2011,8.98,1.06,NA,NA
1/10/2011,9.76,0.9,NA,NA
1/11/2011,9.97,0.828,NA,NA
1/12/2011,9.63,0.933,5.2,NA
1/13/2011,9.13,0.91,NA,NA
1/14/2011,9.47,1.07,NA,NA
1/15/2011,9.76,1.08,NA,NA
1/16/2011,9.24,1.28,NA,NA
1/17/2011,9.25,1.16,NA,NA
1/18/2011,9.28,1.18,4.8,NA
1/19/2011,8.89,1.11,NA,NA
1/20/2011,9.14,1,NA,NA
1/21/2011,9.16,0.992,NA,NA
1/22/2011,8.87,1.08,NA,NA
1/23/2011,8.66,1.1,NA,NA
1/24/2011,9.03,1.06,NA,NA
1/25/2011,9.2,0.982,NA,NA
1/26/2011,9.05,0.92,4.7,NA
1/27/2011,9.17,0.107,NA,NA
1/28/2011,9.09,0.998,NA,NA
1/29/2011,8.49,1.22,NA,NA
1/30/2011,9.38,0.941,NA,NA
1/31/2011,9.18,1.04,NA,NA
2/1/2011,8.91,1.08,NA,NA
2/2/2011,8.75,1.08,NA,NA
2/3/2011,9.05,0.791,5.6,2.8
2/4/2011,9.1,0.721,NA,NA
2/5/2011,9.6,1.16,NA,NA
2/6/2011,9.05,1.26,NA,NA
2/7/2011,8.98,1.15,NA,NA
2/8/2011,9.05,1.17,NA,NA
2/9/2011,9.25,1.08,5.6,NA
2/10/2011,8.9,1.19,NA,NA
2/11/2011,8.31,1.1,NA,NA
2/12/2011,9.43,1.04,NA,NA
2/13/2011,8.44,1.52,NA,NA
2/14/2011,8.69,0.949,NA,NA
2/15/2011,8.63,1.14,NA,NA
2/16/2011,9.4,0.966,NA,NA
2/17/2011,8.93,1.06,5.1,NA
2/18/2011,9.98,1.19,NA,NA
2/19/2011,10.37,1.08,NA,NA
2/20/2011,9.75,1.11,NA,NA
2/21/2011,9.91,1.02,NA,NA
2/22/2011,9.95,0.919,5.3,NA
2/23/2011,9.52,1.02,NA,NA
2/24/2011,9.37,1.16,NA,NA
2/25/2011,9.38,1.23,NA,NA
2/26/2011,9.6,0.992,NA,NA
2/27/2011,9.35,1.28,NA,NA
2/28/2011,9.98,0.998,NA,NA
3/1/2011,8.92,1.46,5.7,NA
3/2/2011,9.45,1.03,NA,NA
3/3/2011,9.4,1.05,NA,NA
3/4/2011,9.37,1.01,NA,NA
3/5/2011,9.47,1.12,NA,NA
3/6/2011,9.66,0.803,NA,NA
3/7/2011,9.75,0.93,NA,NA
3/8/2011,9.14,1.08,NA,NA
3/9/2011,9.25,1.1,NA,NA
3/10/2011,9.32,1.04,6.5,NA
3/11/2011,8.95,1.04,NA,NA
3/12/2011,9.09,1.07,NA,NA
3/13/2011,9.4,0.919,NA,NA
3/14/2011,9.4,0.999,NA,NA
3/15/2011,8.95,1.27,NA,NA
3/16/2011,9.36,0.916,6,NA
3/17/2011,8.9,1.18,NA,NA
3/18/2011,9.36,1.08,NA,NA
3/19/2011,9.23,1.13,NA,NA
3/20/2011,9.92,1.02,NA,NA
3/21/2011,9.85,0.68,NA,NA
3/22/2011,9.69,1.11,5.5,2.7
3/23/2011,9.72,1,NA,NA
3/24/2011,9.38,1.09,NA,NA
3/25/2011,9.34,1.02,NA,NA
3/26/2011,10.49,0.948,NA,NA
3/27/2011,10.46,0.983,NA,NA
3/28/2011,10.51,1.05,NA,NA
3/29/2011,9.7,1.36,NA,NA
3/30/2011,9.9,1.13,NA,NA
3/31/2011,9.12,0,6.2,NA
4/1/2011,9.32,1.04,NA,NA
4/2/2011,9.96,0.904,NA,NA
4/3/2011,9.45,0.911,NA,NA
4/4/2011,9.43,0.858,NA,NA
4/5/2011,8.98,1.29,7.1,2.8
4/6/2011,9.67,0.723,NA,NA
4/7/2011,9.76,1.01,NA,NA
4/8/2011,9.4,0.899,NA,NA
4/9/2011,9.16,1.06,NA,NA
4/10/2011,9.38,1.03,NA,NA
4/11/2011,9.48,0.839,NA,NA
4/12/2011,9.06,1.16,6.3,NA
4/13/2011,9.31,1.01,NA,NA
4/14/2011,9.13,1.04,NA,NA
4/15/2011,9.16,1.13,NA,NA
4/16/2011,9.26,1.11,NA,NA
4/17/2011,9.64,1.14,NA,NA
4/18/2011,9.52,1.07,NA,NA
4/19/2011,9.51,1.31,NA,NA
4/20/2011,9.47,1.01,6.2,NA
4/21/2011,9.33,1,NA,NA
4/22/2011,9.68,1.17,NA,NA
4/23/2011,8.97,0.943,NA,NA
4/24/2011,8.87,1.11,NA,NA
4/25/2011,9.24,1.22,NA,NA
4/26/2011,8.97,1.33,NA,NA
4/27/2011,9.08,0.96,NA,NA
4/28/2011,8.91,1.09,5.5,NA
4/29/2011,9.09,1.08,NA,NA
4/30/2011,9.25,0.799,NA,NA
5/1/2011,9.18,0.991,NA,NA
5/2/2011,9.22,1.12,NA,NA
5/3/2011,9.05,1.2,NA,NA
5/4/2011,9.24,1.11,5.9,3.1
5/5/2011,8.61,1.28,NA,NA
5/6/2011,9.47,1.24,NA,NA
5/7/2011,9.19,1.22,NA,NA
5/8/2011,9.12,1.2,NA,NA
5/9/2011,8.97,1.01,NA,NA
5/10/2011,9.01,0.962,NA,NA
5/11/2011,8.84,1.3,NA,NA
5/12/2011,9.19,1.13,5.8,NA
5/13/2011,8.69,0.991,NA,NA
5/14/2011,9.22,1.03,NA,NA
5/15/2011,9.69,0.961,NA,NA
5/16/2011,9.33,0.879,5.6,NA
5/17/2011,8.88,1.03,NA,NA
5/18/2011,9.54,1.28,NA,NA
5/19/2011,9.28,0.848,NA,NA
5/20/2011,8.91,1.12,NA,NA
5/21/2011,9.32,1.04,NA,NA
5/22/2011,9.51,0.909,NA,NA
5/23/2011,9.32,1.01,NA,NA
5/24/2011,9.1,1.11,NA,NA
5/25/2011,8.88,1.13,5.4,NA
5/26/2011,9.45,0.888,NA,NA
5/27/2011,8.84,0.986,NA,NA
5/28/2011,9.27,1.13,NA,NA
5/29/2011,8.95,0.975,NA,NA
5/30/2011,9.28,1.09,NA,NA
5/31/2011,8.12,1.07,5.9,NA
6/1/2011,9.83,1.07,NA,NA
6/2/2011,8.82,0.556,NA,NA
6/3/2011,8.27,0.897,NA,NA
6/4/2011,9.17,1.15,NA,NA
6/5/2011,10.22,1.07,NA,NA
6/6/2011,9.35,0.967,NA,NA
6/7/2011,9.32,0.79,NA,NA
6/8/2011,9.05,1.13,5.4,2.7
6/9/2011,9.29,1.12,NA,NA
6/10/2011,9.07,1.21,NA,NA
6/11/2011,8.95,1.21,NA,NA
6/12/2011,9.21,1.29,NA,NA
6/13/2011,7.29,1.1,NA,NA
6/14/2011,11.16,0.809,NA,NA
6/15/2011,9.22,1.1,NA,NA
6/16/2011,8.83,1.03,4.5,NA
6/17/2011,8.85,1.13,NA,NA
6/18/2011,9.08,1.08,NA,NA
6/19/2011,9.19,1.08,NA,NA
6/20/2011,9.37,1.25,NA,NA
6/21/2011,9.11,1.13,6.6,NA
6/22/2011,8.71,1.15,NA,NA
6/23/2011,9.26,1.31,NA,NA
6/24/2011,9.04,1.06,NA,NA
6/25/2011,8.28,1.13,NA,NA
6/26/2011,8.22,1.14,NA,NA
6/27/2011,9.19,1.09,NA,NA
6/28/2011,9.35,0.799,6.5,NA
6/29/2011,9.13,0.8,NA,NA
6/30/2011,9.02,1.39,NA,NA
7/1/2011,8.77,0.81,NA,NA
7/2/2011,8.75,0.431,NA,NA
7/3/2011,8.86,1.3,NA,NA
7/4/2011,9.11,0.597,NA,NA
7/5/2011,8.77,1.17,6.1,NA
7/6/2011,9.13,1.3,NA,NA
7/7/2011,8.75,1.1,NA,NA
7/8/2011,8.67,1.08,NA,NA
7/9/2011,8.42,1.18,NA,NA
7/10/2011,7.98,1.05,NA,NA
7/11/2011,8.22,1.05,NA,NA
7/12/2011,8.74,1.14,6.5,0.21
7/13/2011,8.43,1.08,NA,NA
7/14/2011,8.07,1.2,NA,NA
7/15/2011,8.36,1.18,NA,NA
7/16/2011,8.5,1.05,NA,NA
7/17/2011,8.48,1.16,NA,NA
7/18/2011,8.2,1.14,NA,NA
7/19/2011,8.58,1.29,6.3,NA
7/20/2011,8.94,1.24,NA,NA
7/21/2011,9.19,1.03,NA,NA
7/22/2011,9.15,0.975,NA,NA
7/23/2011,8.6,1.01,NA,NA
7/24/2011,9.06,1.11,NA,NA
7/25/2011,9.07,1.23,NA,NA
7/26/2011,9.16,1.1,NA,NA
7/27/2011,8.88,1.18,5.7,NA
7/28/2011,8.8,1.28,NA,NA
7/29/2011,8.72,1.12,NA,NA
7/30/2011,8.67,1.07,NA,NA
7/31/2011,9.2,1.1,NA,NA
8/1/2011,8.81,0.993,NA,NA
8/2/2011,9.13,0.989,6.8,NA
8/3/2011,9.43,1.02,NA,NA
8/4/2011,9.4,1.25,NA,NA
8/5/2011,10,0.761,NA,NA
8/6/2011,8.48,0.827,NA,NA
8/7/2011,8.9,0.941,NA,NA
8/8/2011,8.83,1.05,NA,NA
8/9/2011,8.23,1.09,NA,NA
8/10/2011,8.83,1.06,NA,NA
8/11/2011,8.2,0.966,6.4,0.13
8/12/2011,8.96,1.09,NA,NA
8/13/2011,8.49,1.22,NA,NA
8/14/2011,9.18,0.772,NA,NA
8/15/2011,8.6,1.2,5.9,NA
8/16/2011,7.95,1.11,NA,NA
8/17/2011,9.59,1.23,NA,NA
8/18/2011,9.06,1.08,NA,NA
8/19/2011,9.01,0.958,NA,NA
8/20/2011,9.04,1.19,NA,NA
8/21/2011,8.87,1.3,NA,NA
8/22/2011,9.43,1.03,NA,NA
8/23/2011,8.76,1.15,6.1,NA
8/24/2011,8.72,1.12,NA,NA
8/25/2011,9.03,1,NA,NA
8/26/2011,9.08,0.949,NA,NA
8/27/2011,9.08,0.95,NA,NA
8/28/2011,8.43,1.06,NA,NA
8/29/2011,8.47,1.11,NA,NA
8/30/2011,8.69,1.01,5.5,NA
8/31/2011,8.64,1.15,NA,NA
9/1/2011,8.51,1.1,NA,NA
9/2/2011,8.42,1.04,NA,NA
9/3/2011,9.1,0.813,NA,NA
9/4/2011,8.09,1.15,NA,NA
9/5/2011,8.72,1.04,NA,NA
9/6/2011,8.41,0.894,NA,NA
9/7/2011,8.62,1.13,5.8,NA
9/8/2011,8.27,1.31,5.4,0.12
9/9/2011,8.53,1.3,NA,NA
9/10/2011,8.88,1.3,NA,NA
9/11/2011,8.53,1.08,NA,NA
9/12/2011,8.63,1.06,NA,NA
9/13/2011,8.4,1.1,NA,NA
9/14/2011,8.24,1.18,5.3,NA
9/15/2011,8.45,1.27,NA,NA
9/16/2011,8.56,1.21,NA,NA
9/17/2011,8.3,1.19,NA,NA
9/18/2011,8.48,1.2,NA,NA
9/19/2011,9.88,1.21,NA,NA
9/20/2011,8.52,1.25,NA,NA
9/21/2011,8.41,1,NA,NA
9/22/2011,8.91,1.2,4.8,NA
9/23/2011,9.57,1.06,NA,NA
9/24/2011,8.85,1.17,NA,NA
9/25/2011,9.28,1.25,NA,NA
9/26/2011,9.2,0.84,NA,NA
9/27/2011,8.54,1.29,6.4,NA
9/28/2011,8.82,1.17,NA,NA
9/29/2011,9.06,1.08,NA,NA
9/30/2011,9.13,1.03,NA,NA
10/1/2011,9.13,0.968,NA,NA
10/2/2011,8.86,1.06,NA,NA
10/3/2011,8.93,1.01,NA,NA
10/4/2011,8.96,1.03,5.9,2.5
10/5/2011,9.28,1.12,NA,NA
10/6/2011,9.36,0.947,NA,NA
10/7/2011,9.29,1.02,NA,NA
10/8/2011,9.12,1.1,NA,NA
10/9/2011,9.18,1.3,NA,NA
10/10/2011,9.09,1.08,NA,NA
10/11/2011,8.87,1.1,NA,NA
10/12/2011,9.17,1.22,NA,NA
10/13/2011,8.56,1.05,5.1,NA
10/14/2011,9.54,1,NA,NA
10/15/2011,8.94,1,NA,NA
10/16/2011,9.2,1.28,NA,NA
10/17/2011,8.84,0.974,NA,NA
10/18/2011,9.43,0.895,5.6,NA
10/19/2011,8.55,0.69,NA,NA
10/20/2011,9.11,0.817,NA,NA
10/21/2011,8.77,1.17,NA,NA
10/22/2011,9.45,0.959,NA,NA
10/23/2011,9.51,0.989,NA,NA
10/24/2011,8.9,1.02,NA,NA
10/25/2011,8.64,0.803,5,NA
10/26/2011,9.19,1.14,NA,NA
10/27/2011,8.72,1.13,NA,NA
10/28/2011,8.79,1.07,NA,NA
10/29/2011,9.34,1.15,NA,NA
10/30/2011,9.25,0.986,NA,NA
10/31/2011,8.43,1.1,NA,NA
11/1/2011,9.05,1.07,NA,NA
11/2/2011,9.31,1.02,4.7,NA
11/3/2011,9.06,1.07,NA,NA
11/4/2011,9.01,0.87,NA,NA
11/5/2011,9.87,1.05,NA,NA
11/6/2011,9.63,1.2,NA,NA
11/7/2011,10.1,1.03,NA,NA
11/8/2011,8.21,1.1,NA,NA
11/9/2011,9,0.963,NA,NA
11/10/2011,9.83,1.06,5.6,3.1
11/11/2011,9.54,0.879,NA,NA
11/12/2011,8.96,0.981,NA,NA
11/13/2011,9.9,1.17,NA,NA
11/14/2011,9,1.36,NA,NA
11/15/2011,8.79,1.19,NA,NA
11/16/2011,8.93,1.66,9.8,NA
11/17/2011,9.25,1.23,NA,NA
11/18/2011,8.89,1.11,NA,NA
11/19/2011,10.33,1.33,NA,NA
11/20/2011,9.08,1.18,NA,NA
11/21/2011,9.2,1.23,NA,NA
11/22/2011,9.01,1.12,5.3,NA
11/23/2011,9.77,1.2,NA,NA
11/24/2011,8.84,1.18,NA,NA
11/25/2011,7.97,0.939,NA,NA
11/26/2011,9.07,1.19,NA,NA
11/27/2011,9.37,0.95,NA,NA
11/28/2011,9.14,0.889,NA,NA
11/29/2011,8.63,1.23,5.5,NA
11/30/2011,9.39,1.23,NA,NA
12/1/2011,9.75,1.15,NA,NA
12/2/2011,9.05,0.965,NA,NA
12/3/2011,8.95,1.22,NA,NA
12/4/2011,9.33,1.1,NA,NA
12/5/2011,9,1.05,NA,NA
12/6/2011,9.01,1.06,NA,NA
12/7/2011,8.86,1.33,NA,NA
12/8/2011,8.07,1.18,5.4,2.7
12/9/2011,8.24,1.51,NA,NA
12/10/2011,8.12,1.02,NA,NA
12/11/2011,8.95,1.04,NA,NA
12/12/2011,7.91,0.862,NA,NA
12/13/2011,8.05,1.03,NA,NA
12/14/2011,8.77,1.15,6.1,NA
12/15/2011,8.07,1.1,NA,NA
12/16/2011,8.3,1.16,NA,NA
12/17/2011,8.11,1.17,NA,NA
12/18/2011,8.17,1.23,NA,NA
12/19/2011,8.61,0.95,NA,NA
12/20/2011,8.74,1.08,6.2,NA
12/21/2011,8.61,1.25,NA,NA
12/22/2011,9.17,1.28,NA,NA
12/23/2011,9.23,0.938,NA,NA
12/24/2011,8.72,0.925,NA,NA
12/25/2011,8.63,1.09,NA,NA
12/26/2011,8.71,1.15,NA,NA
12/27/2011,9.25,1.17,6.5,NA
12/28/2011,9.19,1,NA,NA
12/29/2011,8.77,1.09,NA,NA
12/30/2011,8.54,0.945,NA,NA
12/31/2011,8.72,0.993,NA,NA
1/1/2012,9.1,0.977,NA,NA
1/2/2012,8.44,1.19,NA,NA
1/3/2012,9.66,0.963,NA,NA
1/4/2012,9.34,1.05,NA,NA
1/5/2012,8.7,1.32,5.9,NA
1/6/2012,8.3,1.12,NA,NA
1/7/2012,9.16,1.32,NA,NA
1/8/2012,9.12,1.06,NA,NA
1/9/2012,8.57,0.74,NA,NA
1/10/2012,8.67,1.13,6.5,4
1/11/2012,8.48,1.12,NA,NA
1/12/2012,8.95,1.22,NA,NA
1/13/2012,7.34,1.1,NA,NA
1/14/2012,7.91,0.987,NA,NA
1/15/2012,8.21,0.911,NA,NA
1/16/2012,8.37,1.13,NA,NA
1/17/2012,8.33,0.963,NA,NA
1/18/2012,8.82,1.11,NA,NA
1/19/2012,8.22,1.34,6.6,NA
1/20/2012,8.84,1.23,NA,NA
1/21/2012,8.97,1.04,NA,NA
1/22/2012,9.52,1.19,NA,NA
1/23/2012,9.47,1.19,NA,NA
1/24/2012,8.47,1.11,6.4,NA
1/25/2012,8.81,1.24,NA,NA
1/26/2012,8.87,1.38,NA,NA
1/27/2012,9.36,0.972,NA,NA
1/28/2012,9.39,1.1,NA,NA
1/29/2012,9.5,1.13,NA,NA
1/30/2012,10.38,1.05,NA,NA
1/31/2012,8.87,1.14,NA,NA
2/1/2012,9.23,1.09,5.7,NA
2/2/2012,9.21,1.21,NA,NA
2/3/2012,9.36,1.04,NA,NA
2/4/2012,8.4,1.29,NA,NA
2/5/2012,9.17,1.16,NA,NA
2/6/2012,9.03,0.889,3.4,NA
2/7/2012,8.73,1.3,NA,NA
2/8/2012,8.99,0.916,NA,NA
2/9/2012,8.99,0.978,NA,NA
2/10/2012,8.82,1.05,NA,NA
2/11/2012,8.89,1.11,NA,NA
2/12/2012,8.54,1.29,NA,NA
2/13/2012,9.27,0.991,NA,NA
2/14/2012,9.03,1.01,5.2,3.8
2/15/2012,9.13,1.04,NA,NA
2/16/2012,9.07,1.12,NA,NA
2/17/2012,8.75,1.16,NA,NA
2/18/2012,8.75,1.15,NA,NA
2/19/2012,8.47,1.22,NA,NA
2/20/2012,8.5,1.24,NA,NA
2/21/2012,9,1.15,NA,NA
2/22/2012,9.06,1.19,NA,NA
2/23/2012,9.55,1.16,6.3,NA
2/24/2012,9.03,1.31,NA,NA
2/25/2012,8.26,1.41,NA,NA
2/26/2012,8.4,1.15,NA,NA
2/27/2012,9.09,1.07,NA,NA
2/28/2012,8.97,1.01,6.1,NA
2/29/2012,8.72,1.12,NA,NA
3/1/2012,8.23,1.12,NA,NA
3/2/2012,8.7,1.22,NA,NA
3/3/2012,8.88,1.23,NA,NA
3/4/2012,8.6,1.11,NA,NA
3/5/2012,9.04,1.13,NA,NA
3/6/2012,9.2,1.26,NA,NA
3/7/2012,8.59,0.884,7.2,NA
3/8/2012,9.18,1.13,NA,NA
3/9/2012,8.96,1.21,NA,NA
3/10/2012,8.66,1.42,NA,NA
3/11/2012,8.41,1.39,NA,NA
3/12/2012,9.81,1.07,NA,NA
3/13/2012,8.71,1.14,6.6,NA
3/14/2012,9.13,1.17,NA,NA
3/15/2012,9,1.12,NA,NA
3/16/2012,9.95,1.08,NA,NA
3/17/2012,8.15,1.1,NA,NA
3/18/2012,9.33,1.34,NA,NA
3/19/2012,8.98,0.925,NA,NA
3/20/2012,9.02,1.14,6.4,NA
3/21/2012,8.96,1.18,NA,NA
3/22/2012,9.84,0.893,NA,NA
3/23/2012,9.19,1.04,NA,NA
3/24/2012,8.51,1.13,NA,NA
3/25/2012,8.82,1.09,NA,NA
3/26/2012,9.5,0.927,NA,NA
3/27/2012,10.06,1.3,5.3,3.4
3/28/2012,9.69,0.975,NA,NA
3/29/2012,9.25,0.723,NA,NA
3/30/2012,8.43,0.881,NA,NA
3/31/2012,9.4,0.994,NA,NA
4/1/2012,9.48,1.02,NA,NA
4/2/2012,9.51,0.779,NA,NA
4/3/2012,8.99,0.87,5.4,3.1
4/4/2012,8.64,0.983,NA,NA
4/5/2012,9.5,0.954,NA,NA
4/6/2012,9.35,1.06,NA,NA
4/7/2012,8.24,1.05,NA,NA
4/8/2012,8.84,1.05,NA,NA
4/9/2012,8.23,0.938,6.2,NA
4/10/2012,8.42,0.916,NA,NA
4/11/2012,8.65,0.909,NA,NA
4/12/2012,8.94,0.952,NA,NA
4/13/2012,9.07,0.897,NA,NA
4/14/2012,8.16,0.869,NA,NA
4/15/2012,9.21,0.989,NA,NA
4/16/2012,9.41,1.05,NA,NA
4/17/2012,8.8,1.01,5.9,NA
4/18/2012,8.09,1,NA,NA
4/19/2012,8.64,1.21,NA,NA
4/20/2012,10.42,0.992,NA,NA
4/21/2012,7.73,1.09,NA,NA
4/22/2012,8.44,0.984,NA,NA
4/23/2012,8.74,1.12,NA,NA
4/24/2012,8.91,0.832,5.6,NA
4/25/2012,8.62,1.09,NA,NA
4/26/2012,10.2,0.942,NA,NA
4/27/2012,8.95,1.24,NA,NA
4/28/2012,8.06,0.902,NA,NA
4/29/2012,8.47,0.96,NA,NA
4/30/2012,8.88,0.946,NA,NA
5/1/2012,9.2,0.957,5.9,NA
5/2/2012,8.3,0.966,NA,NA
5/3/2012,9.14,0.921,NA,NA
5/4/2012,8.59,1.05,NA,NA
5/5/2012,9.03,0.714,NA,NA
5/6/2012,9.09,1.2,NA,NA
5/7/2012,9.52,0.961,NA,NA
5/8/2012,9.71,0.85,5.6,NA
5/9/2012,9.15,0.901,NA,NA
5/10/2012,9.45,1.17,NA,NA
5/11/2012,9.64,0.974,NA,NA
5/12/2012,9.78,1.05,NA,NA
5/13/2012,8.75,0.968,NA,NA
5/14/2012,9.71,0.868,NA,NA
5/15/2012,9.07,0.997,NA,NA
5/16/2012,9.58,1.24,5.6,NA
5/17/2012,8.83,0.703,6,NA
5/18/2012,9.15,1.21,NA,NA
5/19/2012,9.27,0.96,NA,NA
5/20/2012,9.72,1.01,NA,NA
5/21/2012,8.81,0.93,6.2,NA
5/22/2012,8.65,0.998,NA,2.9
5/23/2012,9,1.07,NA,NA
5/24/2012,9.74,0.891,NA,NA
5/25/2012,8.87,1.38,NA,NA
5/26/2012,9.99,1.26,NA,NA
5/27/2012,8.94,1.02,NA,NA
5/28/2012,8.09,0.984,NA,NA
5/29/2012,9.11,1.1,6.5,NA
5/30/2012,9.16,1.53,NA,NA
5/31/2012,9.17,1.18,NA,NA
6/1/2012,8.88,1.24,NA,NA
6/2/2012,9.49,0.826,NA,NA
6/3/2012,9.05,0.828,NA,NA
6/4/2012,9,0.884,NA,NA
6/5/2012,7.86,1,5.9,NA
6/6/2012,9.56,1.09,NA,NA
6/7/2012,9.1,1.06,NA,NA
6/8/2012,8.8,0.911,NA,NA
6/9/2012,9.63,0.937,NA,NA
6/10/2012,8.98,0.821,NA,NA
6/11/2012,8.76,0.822,NA,NA
6/12/2012,8.11,1.03,6.4,NA
6/13/2012,9,0.847,NA,NA
6/14/2012,9.29,1.01,NA,NA
6/15/2012,8.53,1.09,NA,NA
6/16/2012,8.97,0.946,NA,NA
6/17/2012,9.18,1.05,NA,NA
6/18/2012,8.46,0.864,NA,NA
6/19/2012,8.84,0.807,6.3,3.9
6/20/2012,8.28,0.742,NA,NA
6/21/2012,9.18,0.848,NA,NA
6/22/2012,8.75,0.798,NA,NA
6/23/2012,9.12,0.847,NA,NA
6/24/2012,8.3,0.935,NA,NA
6/25/2012,9.07,0.673,NA,NA
6/26/2012,8.37,0.787,5.9,NA
6/27/2012,8.53,1.31,NA,NA
6/28/2012,9.26,0.865,NA,NA
6/29/2012,9.01,1.28,NA,NA
6/30/2012,8.8,0.949,NA,NA
7/1/2012,8.83,1.01,NA,NA
7/2/2012,8.21,0.949,NA,NA
7/3/2012,9.01,0.851,6,3.6
7/4/2012,8.99,0.964,NA,NA
7/5/2012,8.79,0.858,NA,NA
7/6/2012,8.38,0.919,NA,NA
7/7/2012,9.18,1.03,NA,NA
7/8/2012,8.42,0.977,NA,NA
7/9/2012,8.92,0.869,NA,NA
7/10/2012,8.16,0.817,6,NA
7/11/2012,8.33,0.922,NA,NA
7/12/2012,8.54,0.969,NA,NA
7/13/2012,9.12,0.865,NA,NA
7/14/2012,9.12,0.94,NA,NA
7/15/2012,7.79,0.983,NA,NA
7/16/2012,8.68,0.621,NA,NA
7/17/2012,8.65,0.914,5.7,NA
7/18/2012,9.21,0.921,NA,NA
7/19/2012,8.8,0.89,NA,NA
7/20/2012,8.79,0.893,NA,NA
7/21/2012,8.3,0.863,NA,NA
7/22/2012,8.31,0.835,NA,NA
7/23/2012,8.74,0.956,NA,NA
7/24/2012,8.14,0.852,5.6,2.6
7/25/2012,8.31,0.525,NA,NA
7/26/2012,8.78,0.832,NA,NA
7/27/2012,8.68,0.65,NA,NA
7/28/2012,8.48,0.836,NA,NA
7/29/2012,7.96,1.09,NA,NA
7/30/2012,8.92,0.607,NA,NA
7/31/2012,8.14,1.1,5.3,NA
8/1/2012,8.3,1.12,NA,NA
8/2/2012,8.36,0.919,NA,NA
8/3/2012,8.42,0.877,NA,NA
8/4/2012,8.98,0.703,NA,NA
8/5/2012,8.21,0.811,NA,NA
8/6/2012,9.15,0.897,NA,NA
8/7/2012,8.24,0.954,5.6,0.21
8/8/2012,8.2,0.963,NA,NA
8/9/2012,8.46,1.19,NA,NA
8/10/2012,8.06,1.06,NA,NA
8/11/2012,8.4,1.15,NA,NA
8/12/2012,9.01,1.11,NA,NA
8/13/2012,8.38,1.13,NA,NA
8/14/2012,7.2,1.43,NA,NA
8/15/2012,8.22,1.23,5.3,NA
8/16/2012,8.79,0.889,NA,NA
8/17/2012,8.31,1.11,NA,NA
8/18/2012,8.45,1.07,NA,NA
8/19/2012,8.38,1.14,NA,NA
8/20/2012,8.08,1.22,NA,NA
8/21/2012,8.34,1.06,4.8,NA
8/22/2012,8.53,1.09,NA,NA
8/23/2012,8.89,0.865,NA,NA
8/24/2012,8.79,0.867,NA,NA
8/25/2012,9.2,0.86,NA,NA
8/26/2012,9.06,1.02,NA,NA
8/27/2012,8.88,0.866,NA,NA
8/28/2012,8.69,0.88,4.5,NA
8/29/2012,7.88,0.94,NA,NA
8/30/2012,9.13,0.767,NA,NA
8/31/2012,9.31,1.03,NA,NA
9/1/2012,8.76,0.971,NA,NA
9/2/2012,8.12,0.926,NA,NA
9/3/2012,8.68,0.963,NA,NA
9/4/2012,8.31,0.865,5.1,0.14
9/5/2012,8.71,1.1,NA,NA
9/6/2012,8.88,1.2,NA,NA
9/7/2012,8.76,0.969,NA,NA
9/8/2012,8.77,1.11,NA,NA
9/9/2012,8.79,1.06,NA,NA
9/10/2012,8.55,1.02,NA,NA
9/11/2012,9.26,1.08,4.6,NA
9/12/2012,8.93,1.06,NA,NA
9/13/2012,8.49,1.09,NA,NA
9/14/2012,8.68,1.04,NA,NA
9/15/2012,8.87,0.887,NA,NA
9/16/2012,9.35,1,NA,NA
9/17/2012,8.65,0.984,NA,NA
9/18/2012,8.5,1.19,5.4,NA
9/19/2012,8.21,1.05,NA,NA
9/20/2012,8.99,1.11,NA,NA
9/21/2012,8.88,1.09,NA,NA
9/22/2012,9.21,1.13,NA,NA
9/23/2012,8.11,1.07,NA,NA
9/24/2012,8.7,1.21,NA,NA
9/25/2012,9.21,1.07,5.2,NA
9/26/2012,8.18,1.1,NA,NA
9/27/2012,8.45,0.724,NA,NA
9/28/2012,8.19,1.02,NA,NA
9/29/2012,8.8,1.22,NA,NA
9/30/2012,8.62,1.17,NA,NA
10/1/2012,8.73,1.06,NA,NA
10/2/2012,8.85,1.09,5.4,0.3
10/3/2012,8.42,1.02,NA,NA
10/4/2012,8.2,1.12,NA,NA
10/5/2012,8.65,1.06,NA,NA
10/6/2012,8.48,1.04,NA,NA
10/7/2012,8.34,1,NA,NA
10/8/2012,8.75,1.07,NA,NA
10/9/2012,8.56,1.03,5.1,NA
10/10/2012,6.13,0.732,NA,NA
10/11/2012,8.54,1.19,NA,NA
10/12/2012,9.41,1.04,NA,NA
10/13/2012,8.07,1.04,NA,NA
10/14/2012,8.86,0.954,NA,NA
10/15/2012,8.74,0.991,NA,NA
10/16/2012,9.04,1.02,4.4,NA
10/17/2012,8.19,1.17,NA,NA
10/18/2012,9,0.76,NA,NA
10/19/2012,8.64,1.08,NA,NA
10/20/2012,9.13,1.05,NA,NA
10/21/2012,8.39,1,NA,NA
10/22/2012,9.41,0.994,NA,NA
10/23/2012,8.59,0.927,5.1,NA
10/24/2012,8.4,1,NA,NA
10/25/2012,8.12,0.87,NA,NA
10/26/2012,8.75,1.02,NA,NA
10/27/2012,8.61,0.913,NA,NA
10/28/2012,8.84,0.936,NA,NA
10/29/2012,9.26,0.844,NA,NA
10/30/2012,9.11,0.931,5,NA
10/31/2012,8.96,0.86,NA,NA
11/1/2012,7.9,1.02,NA,NA
11/2/2012,8.65,0.982,NA,NA
11/3/2012,8.87,1.01,NA,NA
11/4/2012,9.83,0.74,NA,NA
11/5/2012,9.35,0.914,4.6,NA
11/6/2012,8.25,0.996,NA,NA
11/7/2012,8.33,0.943,NA,NA
11/8/2012,8.51,1.07,NA,NA
11/9/2012,8.85,1.03,NA,NA
11/10/2012,8.58,1.03,NA,NA
11/11/2012,8.78,0.703,NA,NA
11/12/2012,9.06,0.961,NA,NA
11/13/2012,8.87,1.02,4.8,0.17
11/14/2012,8.7,1.07,NA,NA
11/15/2012,8.91,1.01,NA,NA
11/16/2012,8.67,1.06,NA,NA
11/17/2012,8.89,0.926,NA,NA
11/18/2012,8.99,1.04,NA,NA
11/19/2012,8.56,1.1,NA,NA
11/20/2012,9.07,1.18,6.1,NA
11/21/2012,9.27,1.14,NA,NA
11/22/2012,9.04,1.14,NA,NA
11/23/2012,8.35,1.06,NA,NA
11/24/2012,8.5,1.06,NA,NA
11/25/2012,8.76,0.853,NA,NA
11/26/2012,9.22,0.955,NA,NA
11/27/2012,9.27,1.21,5.2,NA
11/28/2012,8.87,1.12,NA,NA
11/29/2012,8.77,1.13,NA,NA
11/30/2012,9.24,1.12,NA,NA
12/1/2012,9.65,0.788,NA,NA
12/2/2012,10.16,1.04,NA,NA
12/3/2012,9.96,1.02,NA,NA
12/4/2012,9.77,1.16,4.9,0.94
12/5/2012,8.83,1.08,NA,NA
12/6/2012,10.1,1.19,NA,NA
12/7/2012,9.64,0.849,NA,NA
12/8/2012,9.8,1.36,NA,NA
12/9/2012,9.36,0.937,NA,NA
12/10/2012,9.63,0.977,NA,NA
12/11/2012,9.07,1.22,4.8,NA
12/12/2012,9.74,1.46,NA,NA
12/13/2012,8.95,1.3,NA,NA
12/14/2012,9.04,0.952,NA,NA
12/15/2012,9.36,1.26,NA,NA
12/16/2012,9.2,1.02,NA,NA
12/17/2012,9.77,1.03,NA,NA
12/18/2012,8.45,1.13,4.8,NA
12/19/2012,8.62,0.896,NA,NA
12/20/2012,9.08,1.33,NA,NA
12/21/2012,9.07,0.952,NA,NA
12/22/2012,9.44,0.939,NA,NA
12/23/2012,9.59,0.938,NA,NA
12/24/2012,10.1,0.864,NA,NA
12/25/2012,10.24,0.961,NA,NA
12/26/2012,9.96,1.13,5.4,NA
12/27/2012,10.37,0.804,NA,NA
12/28/2012,10.12,0.963,NA,NA
12/29/2012,10.16,0.887,NA,NA
12/30/2012,9.57,0.762,NA,NA
12/31/2012,9.51,0.929,NA,NA
1/1/2013,9.39,0.892,NA,NA
1/2/2013,9.46,0.951,NA,NA
1/3/2013,9.37,1.08,4.8,1.3
1/4/2013,9.72,1.04,NA,NA
1/5/2013,10,0.927,NA,NA
1/6/2013,10,0.941,NA,NA
1/7/2013,9.61,0.837,NA,NA
1/8/2013,10.07,0.853,5,NA
1/9/2013,10.02,0.709,NA,NA
1/10/2013,9.36,0.804,NA,NA
1/11/2013,10.05,0.951,NA,NA
1/12/2013,10.28,0.843,NA,NA
1/13/2013,9.92,0.814,NA,NA
1/14/2013,9.85,0.341,NA,NA
1/15/2013,9.09,1.33,5.2,NA
1/16/2013,9.41,1.35,NA,NA
1/17/2013,9.29,1.03,NA,NA
1/18/2013,9.76,1.07,NA,NA
1/19/2013,9.64,0.898,NA,NA
1/20/2013,10.39,1.02,NA,NA
1/21/2013,8.97,1.11,NA,NA
1/22/2013,9.22,0.897,4.8,NA
1/23/2013,8.75,1.03,NA,NA
1/24/2013,9.13,0.727,NA,NA
1/25/2013,8.88,0.594,NA,NA
1/26/2013,9.78,0.726,NA,NA
1/27/2013,8.58,0.518,NA,NA
1/28/2013,9.54,0.782,NA,NA
1/29/2013,9.16,0.632,NA,NA
1/30/2013,8.73,0.693,NA,NA
1/31/2013,8.99,0.43,NA,NA
2/1/2013,8.56,1.29,NA,NA
2/2/2013,9.8,1.06,NA,NA
2/3/2013,9.69,1.07,NA,NA
2/4/2013,9.34,0.892,NA,NA
2/5/2013,8.71,1.16,NA,NA
2/6/2013,9.27,1.13,NA,NA
2/7/2013,9.53,1.17,4.8,NA
2/8/2013,9.26,1.09,NA,NA
2/9/2013,10.05,1.1,NA,NA
2/10/2013,9.75,1.09,NA,NA
2/11/2013,9.77,1.08,NA,NA
2/12/2013,9.31,1.13,5.2,NA
2/13/2013,9.14,1.04,NA,NA
2/14/2013,9.24,1.27,NA,NA
2/15/2013,9.42,1.22,NA,NA
2/16/2013,9.23,1.23,NA,NA
2/17/2013,9.36,1.23,NA,NA
2/18/2013,9.02,1.1,NA,NA
2/19/2013,9.9,1.01,5.8,NA
2/20/2013,9.5,1.03,NA,NA
2/21/2013,9.12,1.08,NA,NA
2/22/2013,9.22,1.06,NA,NA
2/23/2013,9.42,1.1,NA,NA
2/24/2013,9.04,1.08,NA,NA
2/25/2013,9.23,1.09,NA,NA
2/26/2013,8.89,1.12,NA,NA
2/27/2013,9.2,1.13,NA,NA
2/28/2013,8.83,1.03,5.3,NA
3/1/2013,9.44,1.02,NA,NA
3/2/2013,9.35,1,NA,NA
3/3/2013,8.98,1.01,NA,NA
3/4/2013,9.17,1.02,NA,NA
3/5/2013,9.21,1,5.9,NA
3/6/2013,9.61,0.96,NA,NA
3/7/2013,9.93,0.933,NA,NA
3/8/2013,9.91,0.923,NA,NA
3/9/2013,8.3,0.983,NA,NA
3/10/2013,9.15,0.897,NA,NA
3/11/2013,9.58,0.895,NA,NA
3/12/2013,9.42,1.02,5.7,NA
3/13/2013,9.34,1.11,NA,NA
3/14/2013,9.67,1.06,NA,NA
3/15/2013,9.17,1.02,NA,NA
3/16/2013,9.56,1.08,NA,NA
3/17/2013,9.65,1.05,NA,NA
3/18/2013,9.54,1.05,5.4,NA
3/19/2013,9.5,1.1,NA,NA
3/20/2013,9.38,1.11,NA,NA
3/21/2013,9.6,1.03,NA,NA
3/22/2013,9.73,0.975,NA,NA
3/23/2013,9.36,0.976,NA,NA
3/24/2013,9.86,0.983,NA,NA
3/25/2013,9.07,1.03,5.6,NA
3/26/2013,9.9,0.942,NA,NA
3/27/2013,9.64,1.06,NA,NA
3/28/2013,9.35,1.02,NA,NA
3/29/2013,9.8,1.1,NA,NA
3/30/2013,9.45,1.06,NA,NA
3/31/2013,9.84,1.08,NA,NA
4/1/2013,9.85,0.941,NA,NA
4/2/2013,10.13,0.93,4.9,NA
4/3/2013,9.71,0.936,NA,NA
4/4/2013,9.93,0.968,NA,NA
4/5/2013,9.35,0.954,NA,NA
4/6/2013,9.75,1,NA,NA
4/7/2013,10.14,0.905,NA,NA
4/8/2013,9.79,1,NA,NA
4/9/2013,9.75,0.973,4.6,NA
4/10/2013,9.51,0.948,NA,NA
4/11/2013,9.63,0.92,NA,NA
4/12/2013,9.53,0.972,NA,NA
4/13/2013,9.61,0.916,NA,NA
4/14/2013,9.98,0.92,NA,NA
4/15/2013,9.68,0.814,NA,NA
4/16/2013,9.52,0.825,4.5,NA
4/17/2013,9.5,0.841,NA,NA
4/18/2013,9.63,0.804,NA,NA
4/19/2013,9.52,1.12,NA,NA
4/20/2013,9.2,0.993,NA,NA
4/21/2013,9.48,1.01,NA,NA
4/22/2013,9.91,1.05,NA,NA
4/23/2013,9.64,0.992,4.4,NA
4/24/2013,9.36,1.01,NA,NA
4/25/2013,9.58,1.14,NA,NA
4/26/2013,9.57,0.853,NA,NA
4/27/2013,9.92,1.01,NA,NA
4/28/2013,9.59,0.99,NA,NA
4/29/2013,9.75,0.904,NA,NA
4/30/2013,9.37,0.972,5.1,NA
5/1/2013,9.63,0.922,NA,NA
5/2/2013,9.59,0.917,NA,NA
5/3/2013,8.85,0.951,NA,NA
5/4/2013,9.64,0.899,NA,NA
5/5/2013,9.54,0.857,NA,NA
5/6/2013,7.39,0.882,5.2,NA
5/7/2013,11.96,0.767,NA,NA
5/8/2013,9.33,0.695,NA,NA
5/9/2013,8.87,0.684,NA,NA
5/10/2013,9.1,0.645,NA,NA
5/11/2013,8.75,0.854,NA,NA
5/12/2013,9.13,0.959,NA,NA
5/13/2013,9.24,1.01,7.3,NA
5/14/2013,9.46,0.983,NA,NA
5/15/2013,8.85,1.01,NA,NA
5/16/2013,8.47,0.953,NA,NA
5/17/2013,8.49,0.789,NA,NA
5/18/2013,9.33,0.93,NA,NA
5/19/2013,9.3,1.02,NA,NA
5/20/2013,9.79,0.992,NA,NA
5/21/2013,9.18,1.04,6.4,NA
5/22/2013,8.14,1.03,NA,NA
5/23/2013,8.72,0.974,NA,NA
5/24/2013,8.71,1.08,NA,NA
5/25/2013,9.54,1.08,NA,NA
5/26/2013,8.9,0.989,NA,NA
5/27/2013,8.9,0.961,NA,NA
5/28/2013,9,0.925,7,NA
5/29/2013,9.13,0.947,NA,NA
5/30/2013,8.49,0.925,NA,NA
5/31/2013,9.5,0.985,NA,NA
6/1/2013,9.44,0.925,NA,NA
6/2/2013,9.2,0.914,NA,NA
6/3/2013,9.2,0.828,NA,NA
6/4/2013,9.21,0.895,6.7,NA
6/5/2013,8.85,0.862,NA,NA
6/6/2013,8.95,0.974,NA,NA
6/7/2013,8.79,0.985,NA,NA
6/8/2013,8.46,0.945,NA,NA
6/9/2013,8.77,0.898,NA,NA
6/10/2013,8.72,0.987,NA,NA
6/11/2013,8.82,0.886,7.2,NA
6/12/2013,8.68,0.963,NA,NA
6/13/2013,8.27,0.915,NA,NA
6/14/2013,8.42,0.869,NA,NA
6/15/2013,8.7,0.956,NA,NA
6/16/2013,8.34,1.01,NA,NA
6/17/2013,8.41,0.975,NA,NA
6/18/2013,8.68,0.844,7,NA
6/19/2013,8.4,1.14,NA,NA
6/20/2013,8.23,1.07,NA,NA
6/21/2013,8.24,1.11,NA,NA
6/22/2013,8.54,1.02,NA,NA
6/23/2013,8.37,0.874,NA,NA
6/24/2013,8.68,0.948,NA,NA
6/25/2013,8.59,1.11,7,NA
6/26/2013,8.75,1.11,NA,NA
6/27/2013,8.02,0.927,NA,NA
6/28/2013,8.79,0.836,NA,NA
6/29/2013,8.92,1.08,NA,NA
6/30/2013,8.87,0.78,NA,NA
7/1/2013,9.17,1.28,NA,NA
7/2/2013,9.16,0.718,6.8,NA
7/3/2013,8.89,0.903,NA,NA
7/4/2013,8.9,0.848,NA,NA
7/5/2013,8.86,1.02,NA,NA
7/6/2013,8.97,0.984,NA,NA
7/7/2013,8.91,0.844,NA,NA
7/8/2013,9.29,0.862,NA,NA
7/9/2013,9.91,0.714,5.5,NA
7/10/2013,8.74,1.11,NA,NA
7/11/2013,8.8,0.818,NA,NA
7/12/2013,8.8,0.884,NA,NA
7/13/2013,9.33,0.842,NA,NA
7/14/2013,8.77,0.975,NA,NA
7/15/2013,8.86,0.85,NA,NA
7/16/2013,9.15,0.899,5.8,NA
7/17/2013,9.15,0.952,NA,NA
7/18/2013,8.61,0.853,NA,NA
7/19/2013,9.18,1.06,NA,NA
7/20/2013,9.28,1.05,NA,NA
7/21/2013,8.56,0.953,NA,NA
7/22/2013,9.07,0.995,NA,NA
7/23/2013,9.13,0.826,6,NA
7/24/2013,8.95,0.846,NA,NA
7/25/2013,8.87,0.827,NA,NA
7/26/2013,9.09,0.806,NA,NA
7/27/2013,8.89,1.02,NA,NA
7/28/2013,7.38,1.07,NA,NA
7/29/2013,7.24,1.02,NA,NA
7/30/2013,7.29,0.886,6.6,NA
7/31/2013,8.67,1.06,NA,NA
8/1/2013,8.44,0.916,NA,NA
8/2/2013,9.2,1.05,NA,NA
8/3/2013,8.88,0.88,NA,NA
8/4/2013,8.19,0.791,NA,NA
8/5/2013,8.45,0.88,7.4,NA
8/6/2013,8.16,0.873,NA,NA
8/7/2013,8.55,0.859,NA,NA
8/8/2013,8.2,0.766,NA,NA
8/9/2013,8.47,0.792,NA,NA
8/10/2013,8.49,0.874,NA,NA
8/11/2013,8.17,0.844,NA,NA
8/12/2013,8.8,0.793,NA,NA
8/13/2013,9.1,0.828,7.5,NA
8/14/2013,8.53,0.776,NA,NA
8/15/2013,8.42,0.844,NA,NA
8/16/2013,8.49,0.837,NA,NA
8/17/2013,9.18,0.93,NA,NA
8/18/2013,9.55,0.84,NA,NA
8/19/2013,9.7,0.832,NA,NA
8/20/2013,9.27,0.912,7,NA
8/21/2013,9.23,0.826,NA,NA
8/22/2013,8.88,0.672,NA,NA
8/23/2013,8.95,0.816,NA,NA
8/24/2013,9.53,0.665,NA,NA
8/25/2013,9.24,0.796,NA,NA
8/26/2013,9.29,0.767,NA,NA
8/27/2013,9.05,0.752,7.2,NA
8/28/2013,8.5,0.711,NA,NA
8/29/2013,8.74,1.81,NA,NA
8/30/2013,9,0.794,NA,NA
8/31/2013,9.09,0.765,NA,NA
9/1/2013,8.66,0,NA,NA
9/2/2013,8.82,0.926,NA,NA
9/3/2013,7.98,0,6.8,NA
9/4/2013,7.69,0.868,NA,NA
9/5/2013,7.12,0.926,NA,NA
9/6/2013,7.49,0.76,NA,NA
9/7/2013,7.65,0,NA,NA
9/8/2013,8.31,0,NA,NA
9/9/2013,8.06,0.772,6.8,NA
9/10/2013,7.91,0,NA,NA
9/11/2013,7.25,0,NA,NA
9/12/2013,8.14,0,NA,NA
9/13/2013,7.32,0,NA,NA
9/14/2013,7.31,0,NA,NA
9/15/2013,7.96,0,NA,NA
9/16/2013,7.78,0.778,NA,NA
9/17/2013,7.55,0,7.3,NA
9/18/2013,7.47,0,NA,NA
9/19/2013,7.28,0,NA,NA
9/20/2013,7.44,0,NA,NA
9/21/2013,8.13,0,NA,NA
9/22/2013,8.18,0,NA,NA
9/23/2013,7.93,0.775,NA,NA
9/24/2013,8.1,0,6.7,NA
9/25/2013,7.57,0,NA,NA
9/26/2013,7.64,0,NA,NA
9/27/2013,8.02,0,NA,NA
9/28/2013,7.76,0,NA,NA
9/29/2013,7.53,0,NA,NA
9/30/2013,8.01,1.14,NA,NA
10/1/2013,7.79,0,NA,NA
10/2/2013,8.15,0,5.8,NA
10/3/2013,7.17,0,NA,NA
10/4/2013,7.88,0,NA,NA
10/5/2013,7.86,0,NA,NA
10/6/2013,6.9,0,NA,NA
10/7/2013,8.11,0.901,5.8,NA
10/8/2013,7.78,0,5.7,NA
10/9/2013,7.94,0,NA,NA
10/10/2013,7.75,0,NA,NA
10/11/2013,7.91,0,NA,NA
10/12/2013,7.62,0,NA,NA
10/13/2013,7.71,0,NA,NA
10/14/2013,9.04,0.744,NA,NA
10/15/2013,10.05,0,5,NA
10/16/2013,9.78,0,NA,NA
10/17/2013,9.63,0,NA,NA
10/18/2013,9.4,0,NA,NA
10/19/2013,8.85,0,NA,NA
10/20/2013,9.87,0,NA,NA
10/21/2013,8.77,0.667,NA,NA
10/22/2013,9.49,0,6.3,NA
10/23/2013,9.25,0,NA,NA
10/24/2013,9.03,0,NA,NA
10/25/2013,9.69,0,NA,NA
10/26/2013,9.37,0,NA,NA
10/27/2013,10.31,0,NA,NA
10/28/2013,9.51,0.578,NA,NA
10/29/2013,9.56,0,7.4,NA
10/30/2013,9.94,0,NA,NA
10/31/2013,9.15,0,NA,NA
11/1/2013,9.03,0,NA,NA
11/2/2013,9.24,0,NA,NA
11/3/2013,10.52,0,NA,NA
11/4/2013,10.05,0.618,6.1,NA
11/5/2013,9.26,0,NA,NA
11/6/2013,9.37,0,NA,NA
11/7/2013,9.37,0,NA,NA
11/8/2013,9.92,0,NA,NA
11/9/2013,9.67,0,NA,NA
11/10/2013,9.4,0,NA,NA
11/11/2013,9.76,0.596,NA,NA
11/12/2013,9.99,0,NA,NA
11/13/2013,9.84,0,6.3,NA
11/14/2013,10.03,0,NA,NA
11/15/2013,9.93,0,NA,NA
11/16/2013,8.93,0,NA,NA
11/17/2013,9.37,0,NA,NA
11/18/2013,9.76,0.82,NA,NA
11/19/2013,9.63,0,6.6,NA
11/20/2013,9.3,0,NA,NA
11/21/2013,10.19,0,NA,NA
11/22/2013,10.25,0,NA,NA
11/23/2013,9.92,0,NA,NA
11/24/2013,9.64,0,NA,NA
11/25/2013,9.94,0,NA,NA
11/26/2013,9.93,0.745,5.8,NA
11/27/2013,9.76,0,NA,NA
11/28/2013,10.07,0,NA,NA
11/29/2013,9.47,0,NA,NA
11/30/2013,9.27,0,NA,NA
12/1/2013,9.58,0,NA,NA
12/2/2013,10.14,0.757,NA,NA
12/3/2013,10.18,0,5.5,NA
12/4/2013,8.9,0,NA,NA
12/5/2013,9.61,0,NA,NA
12/6/2013,9.99,0,NA,NA
12/7/2013,9.21,0,NA,NA
12/8/2013,9.63,0,NA,NA
12/9/2013,9.89,0,NA,NA
12/10/2013,9.58,0.897,5.6,NA
12/11/2013,9.74,0,NA,NA
12/12/2013,9.83,0,NA,NA
12/13/2013,9.54,0,NA,NA
12/14/2013,9.65,0,NA,NA
12/15/2013,9.61,0,NA,NA
12/16/2013,9.67,0.831,NA,NA
12/17/2013,9.42,0,6.4,NA
12/18/2013,9.56,0,NA,NA
12/19/2013,9.68,0,NA,NA
12/20/2013,9.62,0,NA,NA
12/21/2013,9.37,0,NA,NA
12/22/2013,9.29,0,NA,NA
12/23/2013,9.56,1.14,6,NA
12/24/2013,9.93,0,NA,NA
12/25/2013,9.36,0,NA,NA
12/26/2013,9.74,0,NA,NA
12/27/2013,9.15,0,NA,NA
12/28/2013,10.24,0,NA,NA
12/29/2013,10.01,0,NA,NA
12/30/2013,8.87,0.846,NA,NA
12/31/2013,10.23,0,6,NA
