,Date,NH3 mg/L N,flow mgd,NO3 mg/L N,NO2 mg/L N,N+N mg/L N,P mg/L P,PO4 mg/L P
0,2010-11-05,3.3,5.011,1.1,0.15,,,
1,2010-11-08,3.8,4.107,,,,,
2,2010-11-09,15.2,4.473000000000001,,0.10466666666666667,,,
3,2010-11-10,4.2,4.336,,,,,
4,2010-11-11,4.5,4.4635,,,,,
5,2010-11-12,4.1,4.313,,,,,
6,2010-11-15,5.5,4.319,,,,,
7,2010-11-16,5.9,4.183999999999999,,,,,
8,2010-11-17,5.7,4.4975000000000005,,,,,
9,2010-11-18,5.6,4.616,,,,,
10,2010-11-19,5.6,5.211499999999999,,,,,
11,2010-11-22,5.5,4.753500000000001,,,,,
12,2010-11-23,5.4,4.6285,,,,,
13,2010-11-24,5.3,2.6465,,,,,
14,2010-12-01,15.125,4.7115,,0.19166666666666665,,,
15,2010-12-02,4.3,5.418,,,,,
16,2010-12-03,4.6,4.8845,,,,,
17,2010-12-04,5.1,5.115500000000001,,,,,
18,2010-12-06,5.2,5.2415,,,,,
19,2010-12-07,5.7,4.640499999999999,,,,,
20,2010-12-08,5.9,5.304666666666666,,,,,
21,2010-12-10,6.9,4.769,,,,,
22,2010-12-13,7.7,4.3260000000000005,,,,,
23,2010-12-14,8.1,4.6165,,,,,
24,2010-12-15,7.7,4.4355,,,,,
25,2010-12-16,7.9,4.603,,,,,
26,2010-12-17,7.8,5.5905,,,,,
27,2010-12-19,5.4,6.309,,,,,
28,2010-12-20,19.96,6.0845,0.41966666666666663,0.21075,,,
29,2010-12-21,6.5,5.5169999999999995,,,,,
30,2010-12-22,5.7,5.143000000000001,,,,,
31,2010-12-23,6.9,4.224,0.023,0.084,,,
32,2010-12-27,7.3,4.7010000000000005,,,,,
33,2010-12-28,7.6,5.3705,,,,,
34,2010-12-29,7.1,4.672000000000001,,,,,
35,2011-01-02,5.5,5.228,3.6,0.071,,,
36,2011-01-03,6.4,5.3134999999999994,,,,,
37,2011-01-04,6.1,5.195,,,,,
38,2011-01-05,6.7,5.1855,,,,,
39,2011-01-06,1.0605,4.9175,,,,,
40,2011-01-07,6.5,5.022,,,,,
41,2011-01-10,7.2,4.9815000000000005,,,,,
42,2011-01-11,22.400000000000002,5.2295,0.1225,0.043166666666666666,,,
43,2011-01-12,6.5,5.3055,,,,,
44,2011-01-13,6.8,5.304,,,,,
45,2011-01-14,6.9,5.0305,,,,,
46,2011-01-15,7.4,5.156000000000001,,,,,
47,2011-01-17,7.6,5.323499999999999,,,,,
48,2011-01-18,7.6,5.092499999999999,,,,,
49,2011-01-19,7.6,5.0675,,,,,
50,2011-01-20,7.9,4.9830000000000005,,,,,
51,2011-01-21,8.0,5.0295000000000005,,,,,
52,2011-01-23,7.8,5.2255,,,,,
53,2011-01-24,8.0,4.9719999999999995,,,,,
54,2011-01-25,8.3,5.202500000000001,,,,,
55,2011-01-26,7.9,5.061,,,,,
56,2011-02-01,20.146666666666665,4.734500000000001,0.5424285714285714,0.06185714285714287,,,
57,2011-02-02,2.0,4.7585,,,,,
58,2011-02-03,1.53,4.85,,,,,
59,2011-02-04,1.51,4.731999999999999,,,,,
60,2011-02-07,1.53,4.791499999999999,,,,,
61,2011-02-08,1.9,4.6405,,,,,
62,2011-02-09,0.65,4.6080000000000005,2.097,,4.153333333333333,,
63,2011-02-10,1.46,4.7715,,,,,
64,2011-02-11,1.62,4.57,,,,,
65,2011-02-12,1.59,4.7095,,,,,
66,2011-02-14,2.0,4.5225,,,,,
67,2011-02-15,1.98,4.609,,,,,
68,2011-02-16,1.7,4.4035,,,,,
69,2011-02-17,1.5,4.823,,,,,
70,2011-02-18,1.3,4.8785,,,,,
71,2011-02-21,1.3,4.678,,,,,
72,2011-02-22,1.5,4.655,,,,,
73,2011-02-23,1.6,4.689500000000001,,,,,
74,2011-02-24,1.9,4.9755,,,,,
75,2011-02-25,0.89,5.534000000000001,,,,,
76,2011-02-28,1.6,5.6035,,,,,
77,2011-03-01,24.228571428571428,5.9725,0.8133333333333334,0.19849999999999998,,,
78,2011-03-02,1.21,6.23,,,,,
79,2011-03-03,1.14,6.006,,,,,
80,2011-03-04,1.25,6.197,,,,,
81,2011-03-07,1.43,5.911,,,,,
82,2011-03-08,7.65,6.213,4.6,0.16,,,
83,2011-03-09,1.46,6.057,,,,,
84,2011-03-10,1.03,6.0195,,,,,
85,2011-03-11,0.88,5.9254999999999995,,,,,
86,2011-03-14,1.1,6.1594999999999995,,,,,
87,2011-03-15,0.9,6.547499999999999,,,,,
88,2011-03-16,0.6425000000000001,6.4055,12.0,,12.0,,
89,2011-03-17,0.625,6.327,,,,,
90,2011-03-18,1.03,6.426500000000001,,,,,
91,2011-03-21,0.5,6.878500000000001,,,,,
92,2011-03-22,0.56,7.0329999999999995,,,,,
93,2011-03-23,0.5,6.638,,,,,
94,2011-03-24,0.54,7.9725,,,,,
95,2011-03-25,0.5,7.1819999999999995,,,,,
96,2011-03-28,0.51,6.803,,,,,
97,2011-03-29,0.5,6.985,,,,,
98,2011-03-30,0.5,7.0600000000000005,,,,,
99,2011-03-31,0.5,7.046,,,,,
100,2011-04-01,,6.952,,,,,
101,2011-04-04,,6.609999999999999,,,,,
102,2011-04-05,10.956666666666667,6.759499999999999,3.4122,1.1415000000000002,,,
103,2011-04-06,,6.753499999999999,,,,,
104,2011-04-07,,6.917999999999999,,,,,
105,2011-04-08,,6.7775,,,,,
106,2011-04-09,,6.6625,,,,,
107,2011-04-10,,6.795,,,,,
108,2011-04-11,,6.7635,,,,,
109,2011-04-12,0.41,6.62,,,,,
110,2011-04-13,,6.7185,,,,,
111,2011-04-14,,6.5615000000000006,,,,,
112,2011-04-15,,6.8345,,,,,
113,2011-04-18,,6.427999999999999,,,,,
114,2011-04-19,0.54,6.727,,,,,
115,2011-04-20,,6.414,,,,,
116,2011-04-21,,6.4455,,,,,
117,2011-04-22,,6.4225,,,,,
118,2011-04-25,,6.208500000000001,,,,,
119,2011-04-26,0.34,6.259,,,,,
120,2011-04-27,,6.121499999999999,,,,,
121,2011-04-28,,5.8545,,,,,
122,2011-04-29,,6.093999999999999,,,,,
123,2011-05-02,,5.577,,,,,
124,2011-05-03,0.7725000000000001,5.6815,5.933333333333334,1.6576666666666668,,,
125,2011-05-04,,5.2385,,,,,
126,2011-05-05,,5.1685,,,,,
127,2011-05-06,,5.1594999999999995,,,,,
128,2011-05-09,,5.0735,1.67475,,1.67475,,
129,2011-05-10,0.8,5.058,,,,,
130,2011-05-11,,5.253,,,,,
131,2011-05-12,0.54,4.577,,,,,
132,2011-05-13,1.06,4.461,,,,,
133,2011-05-16,0.82,5.3260000000000005,,,,,
134,2011-05-17,1.1,5.4135,,,,,
135,2011-05-18,0.6,4.9775,,,,,
136,2011-05-19,0.67,4.8774999999999995,,,,,
137,2011-05-20,1.14,5.0345,,,,,
138,2011-05-22,0.93,4.812,,,,,
139,2011-05-23,,4.8365,,,,,
140,2011-05-24,0.88,5.0405,,,,,
141,2011-05-25,1.12,5.4479999999999995,,,,,
142,2011-05-26,0.6,5.255,,,,,
143,2011-05-27,1.0,4.8765,,,,,
144,2011-05-29,1.3,4.413,,,,,
145,2011-05-30,1.3,4.9085,,,,,
146,2011-05-31,1.4,3.1195,,,,,
147,2011-06-01,0.86,5.1045,,,,,
148,2011-06-02,1.5,4.7700000000000005,,,,,
149,2011-06-06,1.8,4.714,,,,,
150,2011-06-07,7.0,4.729,0.0485,0.27749999999999997,,,
151,2011-06-08,1.84,4.715999999999999,,,,,
152,2011-06-09,0.4051666666666667,4.6645,,,,,
153,2011-06-10,2.1,5.0095,,,,,
154,2011-06-11,2.1,4.9565,,,,,
155,2011-06-12,2.0,4.6705000000000005,,,,,
156,2011-06-13,2.1,4.803,,,,,
157,2011-06-14,2.1,4.656,,,,,
158,2011-06-15,2.2,4.7405,,,,,
159,2011-06-16,2.2,4.728,,,,,
160,2011-06-17,2.6,4.5785,,,,,
161,2011-06-20,1.8,4.481,,,,,
162,2011-06-21,1.7,4.7195,,,,,
163,2011-06-22,0.94,4.99,,,,,
164,2011-06-23,1.02,5.1884999999999994,,,,,
165,2011-06-24,1.09,4.7675,,,,,
166,2011-06-26,1.57,4.6905,,,,,
167,2011-06-27,0.97,4.497999999999999,,,,,
168,2011-06-28,1.6,6.0515,,,,,
169,2011-06-29,3.01,2.862,,,,,
170,2011-07-01,2.0,4.4985,,,,,
171,2011-07-04,1.8,4.4285,,,,,
172,2011-07-05,10.666666666666666,4.6835,0.055,0.005,,,
173,2011-07-06,0.5403333333333333,5.4505,1.5270000000000001,,2.006666666666667,,
174,2011-07-07,1.8,4.6925,,,,,
175,2011-07-08,2.5,4.862500000000001,,,,,
176,2011-07-11,2.8,4.73,,,,,
177,2011-07-12,2.8,4.795999999999999,,,,,
178,2011-07-13,2.7,5.2065,,,,,
179,2011-07-14,2.6,5.052,,,,,
180,2011-07-15,2.8,5.202999999999999,,,,,
181,2011-07-16,2.7,5.032,,,,,
182,2011-07-17,2.8,5.2219999999999995,,,,,
183,2011-07-18,2.8,4.845000000000001,,,,,
184,2011-07-19,2.9,5.0215,,,,,
185,2011-07-20,2.93,4.577500000000001,,,,,
186,2011-07-21,3.58,4.306,,,,,
187,2011-07-24,2.62,4.7795000000000005,,,,,
188,2011-07-25,1.97,5.0865,,,,,
189,2011-07-26,2.2,4.9685,,,,,
190,2011-07-27,2.24,4.8865,,,,,
191,2011-07-28,2.45,2.898,,,,,
192,2011-08-02,0.84,4.2235,,,,3.9,1.748878923766816
193,2011-08-03,1.18,4.39,,,,,
194,2011-08-04,0.57,4.7059999999999995,,,,,
195,2011-08-05,1.34,4.7925,,,,,
196,2011-08-06,1.47,4.74,,,,,
197,2011-08-08,1.8,4.6155,,,,,
198,2011-08-09,1.38,5.1425,,,,,
199,2011-08-10,7.166666666666667,4.7665,,0.043,,,
200,2011-08-11,2.28,4.7940000000000005,,,,,
201,2011-08-12,1.83,4.487,,,,,
202,2011-08-15,2.4,4.734,,,,,
203,2011-08-16,2.4,4.4990000000000006,,,,,
204,2011-08-17,2.6,4.643,,,,,
205,2011-08-18,2.53,4.7325,,,,,
206,2011-08-19,2.5,4.555,,,,,
207,2011-08-22,2.52,4.585,,,,,
208,2011-08-23,2.8,4.407500000000001,,,,,
209,2011-08-24,2.83,4.29,,,,,
210,2011-08-25,2.42,4.2940000000000005,,,,,
211,2011-08-26,2.73,4.3495,,,,,
212,2011-08-28,3.07,4.3420000000000005,,,,,
213,2011-08-29,3.01,4.2845,,,,,
214,2011-08-30,2.92,2.702,,,,,
215,2011-09-02,3.2,4.522,0.043,0.55,,,
216,2011-09-06,1.8,4.119,,,,,
217,2011-09-07,1.8,4.1885,,,,,
218,2011-09-08,1.9,4.2,,,,,
219,2011-09-09,2.2,4.3785,,,,,
220,2011-09-12,2.5,3.8775000000000004,,,,,
221,2011-09-13,10.15,3.9746666666666663,0.027000000000000003,0.002,,,
222,2011-09-14,,4.401,,,,,
223,2011-09-15,2.3,4.1845,,,,,
224,2011-09-16,2.2,4.3405000000000005,,,,,
225,2011-09-19,2.8,4.019,,,,,
226,2011-09-20,3.1,4.0465,,,,,
227,2011-09-21,2.51,3.9859999999999998,,,,,
228,2011-09-22,3.61,3.902,,,,,
229,2011-09-23,2.64,3.7640000000000002,,,,,
230,2011-09-26,3.2,3.8985000000000003,,,,,
231,2011-09-27,8.925,3.8344999999999994,,0.32866666666666666,,,
232,2011-09-28,3.18,3.7344999999999997,,,,,
233,2011-09-29,3.84,3.7055000000000002,,,,,
234,2011-09-30,4.36,3.9755000000000003,,,,,
235,2011-10-02,4.54,3.743,,,,,
236,2011-10-03,3.08,2.757,,,,,
237,2011-10-04,5.16,4.0335,,,,,
238,2011-10-05,4.58,4.1365,,,,,
239,2011-10-06,4.72,4.167,,,,,
240,2011-10-10,5.43,4.538,,,,,
241,2011-10-11,14.466666666666667,4.0145,0.017,1.5233333333333334,,,
242,2011-10-12,5.61,4.112,,,,,
243,2011-10-13,5.0,4.17,,,,,
244,2011-10-14,5.14,4.2485,,,,,
245,2011-10-15,3.64,4.1945,,,,,
246,2011-10-17,5.5,4.257,,,,,
247,2011-10-18,5.5,4.124499999999999,,,,,
248,2011-10-19,5.0,4.177,,,,,
249,2011-10-20,5.0,3.9805,,,,,
250,2011-10-21,5.3,3.886,,,,,
251,2011-10-24,5.0,3.5875000000000004,,,,,
252,2011-10-25,4.7,3.4125,,,,,
253,2011-10-26,2.7,3.1505,,,,,
254,2011-10-27,2.3,4.102,,,,,
255,2011-10-28,2.4,4.1205,,,,,
256,2011-10-30,2.8,4.273999999999999,,,,,
257,2011-10-31,3.1,2.6065,,,,,
258,2011-11-01,3.4,3.5904999999999996,,,,,
259,2011-11-02,2.8,3.9705,,,,,
260,2011-11-03,2.6,3.9725,,,,,
261,2011-11-04,3.0,4.244,,,,,
262,2011-11-06,3.9,4.2035,,,,,
263,2011-11-07,3.5,4.035,,,,,
264,2011-11-08,3.3,4.026999999999999,,,,,
265,2011-11-09,3.4,4.292999999999999,,,,,
266,2011-11-10,3.5,4.23,,,,,
267,2011-11-14,21.842857142857145,4.64,0.8245,0.07733333333333334,,4.2,1.883408071748879
268,2011-11-15,4.69,4.4505,,,,,
269,2011-11-16,4.76,3.992,3.4,0.002,3.4,,
270,2011-11-17,5.42,4.239,,,,,
271,2011-11-18,3.95,4.469,,,,,
272,2011-11-21,4.41,4.426500000000001,,,,,
273,2011-11-22,3.74,4.42,,,,,
274,2011-11-23,3.61,4.385999999999999,,,,,
275,2011-11-24,3.09,4.571999999999999,,,,,
276,2011-11-25,3.77,4.1245,,,,,
277,2011-11-27,3.62,4.568,,,,,
278,2011-11-28,4.26,4.550000000000001,,,,,
279,2011-11-29,4.2,4.5735,,,,,
280,2011-11-30,5.21,2.7125,,,,,
281,2011-12-01,2.02,4.058,,,,,
282,2011-12-05,3.7,4.4655,,,,,
283,2011-12-06,23.900000000000002,4.4795,0.12000000000000001,1.3950000000000002,,,
284,2011-12-07,3.9,4.4775,,,,,
285,2011-12-08,4.1,4.6615,,,,,
286,2011-12-09,3.9,4.4835,,,,,
287,2011-12-12,3.8,4.2885,,,,,
288,2011-12-13,3.7,4.569000000000001,,,,,
289,2011-12-14,4.1,4.080500000000001,,,,,
290,2011-12-15,3.4,4.555,,,,,
291,2011-12-16,3.4,4.327999999999999,,,,,
292,2011-12-18,3.6,4.38,,,,,
293,2011-12-19,3.6,4.3575,,,,,
294,2011-12-20,3.8,4.2615,,,,,
295,2011-12-21,3.6,4.176,,,,,
296,2011-12-22,3.8,2.095,8.3,0.14,,,
297,2011-12-26,5.1,4.0065,,,,,
298,2011-12-27,5.2,4.0215000000000005,,,,,
299,2011-12-28,4.8,4.0809999999999995,,,,,
300,2011-12-29,5.1,2.0885000000000002,,,,,
301,2012-01-03,3.0,3.6345,,,,,
302,2012-01-04,4.3,3.8575,,,,,
303,2012-01-05,2.9,4.0169999999999995,,,,,
304,2012-01-06,2.7,4.1535,,,,,
305,2012-01-07,2.7,4.1015,,,,,
306,2012-01-09,2.5,4.4559999999999995,,,,,
307,2012-01-10,23.0,4.462,3.595,0.2988571428571429,,4.4,1.9730941704035876
308,2012-01-11,3.4,4.0024999999999995,,,,,
309,2012-01-12,2.6,4.452999999999999,,,,,
310,2012-01-13,2.35,4.631,,,,,
311,2012-01-16,2.8,4.734999999999999,,,,,
312,2012-01-17,3.6,4.798,,,,,
313,2012-01-18,3.8,4.8525,,,,,
314,2012-01-19,4.4,4.917999999999999,,,,,
315,2012-01-20,3.8,6.2905,,,,,
316,2012-01-22,4.3,5.8495,,,,,
317,2012-01-23,3.1,6.926500000000001,,,,,
318,2012-01-24,4.2,4.9864999999999995,,,,,
319,2012-01-25,4.5,4.9255,,,,,
320,2012-01-26,4.1,5.646,,,,,
321,2012-01-27,4.2,4.7535,,,,,
322,2012-01-29,5.2,5.035500000000001,,,,,
323,2012-01-30,5.8,5.0105,,,,,
324,2012-01-31,6.0,4.986,,,,,
325,2012-02-01,,5.218999999999999,0.1265,,0.16,,
326,2012-02-02,3.1,4.5169999999999995,3.391,,5.05,,
327,2012-02-03,4.0,4.875,,,,,
328,2012-02-06,25.82857142857143,4.9895,,0.004000000000000001,,,
329,2012-02-07,6.0,5.394,,,,,
330,2012-02-08,6.0,4.726,,,,,
331,2012-02-09,5.7,4.843,,,,,
332,2012-02-10,5.9,4.767,,,,,
333,2012-02-13,6.5,4.984,,,,,
334,2012-02-14,7.0,4.8565000000000005,,,,,
335,2012-02-15,7.0,4.4830000000000005,,,,,
336,2012-02-16,6.1,6.2955000000000005,,,,,
337,2012-02-17,6.8,4.846,,,,,
338,2012-02-20,7.4,4.9665,,,,,
339,2012-02-21,7.7,4.8815,,,,,
340,2012-02-22,8.2,4.7695,,,,,
341,2012-02-23,7.9,4.2245,,,,,
342,2012-02-24,6.3,4.677,,,,,
343,2012-02-26,6.5,4.603999999999999,,,,,
344,2012-02-27,7.0,4.5344999999999995,,,,,
345,2012-02-28,7.3,4.5655,,,,,
346,2012-03-01,5.5,4.0805,,,,,
347,2012-03-02,3.4,4.3735,,,,,
348,2012-03-05,4.3,4.461,,,,,
349,2012-03-06,4.7,4.2715,,,,,
350,2012-03-07,26.114285714285717,4.255,0.08850000000000001,0.09366666666666668,,,
351,2012-03-08,4.9,3.5365,,,,,
352,2012-03-09,3.7,4.355,,,,,
353,2012-03-19,4.3,4.976,5.3,0.055999999999999994,,,
354,2012-03-23,4.0,4.805,,,,,
355,2012-04-01,1.8,4.539999999999999,,,,,
356,2012-04-02,1.6,4.1795,,,,,
357,2012-04-03,1.7,4.5225,,,,,
358,2012-04-05,24.03333333333333,4.713,2.09775,1.0388333333333335,0.23,,
359,2012-04-06,,4.455500000000001,3.36,0.0026666666666666666,3.36,,
360,2012-04-09,,4.5184999999999995,,,,,
361,2012-04-10,0.68,5.0600000000000005,4.1,0.05,,4.1,1.8385650224215244
362,2012-04-11,,4.4435,,,,,
363,2012-04-12,,5.7475000000000005,,,,,
364,2012-04-13,,5.498,,,,,
365,2012-04-14,,4.607,,,,,
366,2012-04-15,,4.709,,,,,
367,2012-04-16,,4.5395,,,,,
368,2012-04-17,,4.445,,,,,
369,2012-04-18,,4.548,,,,,
370,2012-04-19,,4.332,,,,,
371,2012-04-20,,4.5565,,,,,
372,2012-04-23,,4.570499999999999,,,,,
373,2012-04-24,,4.5024999999999995,,,,,
374,2012-04-25,0.73,4.6675,,,,,
375,2012-04-26,1.4,4.5175,,,,,
376,2012-04-27,1.4,4.128,,,,,
377,2012-04-29,1.3,4.483499999999999,,,,,
378,2012-04-30,1.7,4.3145,,,,,
379,2012-05-01,2.17,4.295,,,,,
380,2012-05-03,1.29,4.064,,,,,
381,2012-05-04,1.3,4.391500000000001,,,,,
382,2012-05-07,1.99,4.3535,,,,,
383,2012-05-08,14.299999999999999,4.4375,,0.012,,,
384,2012-05-09,2.6,4.548,,,,,
385,2012-05-10,2.43,4.5954999999999995,,,,,
386,2012-05-11,2.21,4.4105,3.8,,3.8,,
387,2012-05-14,2.36,4.6834999999999996,,,,,
388,2012-05-15,1.175,4.4505,2.4,1.6,,,
389,2012-05-16,2.61,4.813000000000001,,,,,
390,2012-05-17,2.56,4.4975000000000005,,,,,
391,2012-05-18,2.79,4.328,,,,,
392,2012-05-21,2.26,4.4525,,,,,
393,2012-05-22,1.64,4.474,,,,,
394,2012-05-23,1.3,4.402,,,,,
395,2012-05-24,0.94,4.0455000000000005,,,,,
396,2012-05-25,0.88,4.397,,,,,
397,2012-05-27,0.72,4.2195,,,,,
398,2012-05-28,0.57,4.6114999999999995,,,,,
399,2012-05-29,,4.334,,,,,
400,2012-05-30,,4.319,,,,,
401,2012-06-01,1.6,4.131,,,,,
402,2012-06-04,1.6,4.2605,,,,,
403,2012-06-05,11.233333333333334,4.2165,,0.005,,,
404,2012-06-06,1.4,4.0205,,,,,
405,2012-06-07,0.6775,3.961,,,,,
406,2012-06-08,0.7274999999999999,4.0985,,,,,
407,2012-06-09,1.6,4.0835,,,,,
408,2012-06-10,1.4,4.2225,,,,,
409,2012-06-11,1.4,4.178,,,,,
410,2012-06-12,1.5,4.2355,,,,,
411,2012-06-13,2.0,4.061,,,,,
412,2012-06-14,2.2,4.164,,,,,
413,2012-06-18,1.9,3.8725,,,,,
414,2012-06-19,2.5,3.9959999999999996,,,,,
415,2012-06-20,2.3,3.9355,,,,,
416,2012-06-21,2.2,3.774,,,,,
417,2012-06-22,1.9,3.8685,,,,,
418,2012-06-23,1.6,3.9595000000000002,,,,,
419,2012-06-25,0.99,4.249499999999999,,,,,
420,2012-06-26,0.89,4.2265,,,,,
421,2012-06-27,0.89,4.255000000000001,,,,,
422,2012-06-28,0.78,4.211,,,,,
423,2012-06-29,0.96,4.2555,,,,,
424,2012-07-02,0.97,3.8115,,,,,
425,2012-07-03,3.0066666666666664,4.193,0.052000000000000005,0.28500000000000003,,,
426,2012-07-04,0.8,4.152,,,,,
427,2012-07-05,0.79,4.0725,,,,,
428,2012-07-06,0.74,4.083,,,,,
429,2012-07-09,0.7250000000000001,4.0465,,,,,
430,2012-07-10,0.73,3.931,,,,,
431,2012-07-11,0.83,3.9515000000000002,,,,,
432,2012-07-12,0.905,3.904,,,,,
433,2012-07-13,0.995,3.7720000000000002,,,,,
434,2012-07-14,0.9349999999999999,3.9194999999999998,,,,,
435,2012-07-15,0.955,3.9635000000000002,,,,,
436,2012-07-16,1.2,3.704,,,,,
437,2012-07-17,1.5,3.6194999999999995,,,,,
438,2012-07-18,1.2,3.7035,,,,,
439,2012-07-19,0.6275,3.8554999999999997,0.45,,0.45,,
440,2012-07-20,0.3705,4.025,5.25,,5.25,,
441,2012-07-23,0.85,3.68,,,,,
442,2012-07-24,0.79,3.446,,,,,
443,2012-07-25,1.3,3.6694999999999998,,,,,
444,2012-07-26,0.93,3.49,,,,,
445,2012-07-27,1.1,3.327,,,,,
446,2012-07-30,1.1,3.426,,,,,
447,2012-07-31,1.4,3.409,,,,,
448,2012-08-01,0.45,3.288,,,,,
449,2012-08-02,0.48,3.102,,,,,
450,2012-08-03,0.66,3.198,,,,,
451,2012-08-06,2.0,3.46,,,,,
452,2012-08-07,1.9,3.5635000000000003,,,,5.7,2.556053811659193
453,2012-08-08,2.0,3.3605,,,,,
454,2012-08-09,2.2,3.0935,,,,,
455,2012-08-10,1.7,3.0100000000000002,,,,,
456,2012-08-13,7.433333333333333,3.0965000000000003,,0.009000000000000001,,,
457,2012-08-14,0.975,3.0410000000000004,,,,,
458,2012-08-15,1.54,2.9735,,,,,
459,2012-08-16,0.43,3.3845,,,,,
460,2012-08-17,0.8440000000000001,3.337,,,,,
461,2012-08-18,1.085,3.3529999999999998,,,,,
462,2012-08-19,1.17,3.4195,,,,,
463,2012-08-20,1.27,3.4015000000000004,,,,,
464,2012-08-21,2.6,3.1205,,,,,
465,2012-08-22,2.9,3.1595,,,,,
466,2012-08-23,2.9,2.987,,,,,
467,2012-08-24,2.7,2.8275,,,,,
468,2012-08-27,2.7,3.0534999999999997,,,,,
469,2012-08-28,2.8,3.0725000000000002,,,,,
470,2012-08-29,2.8,3.2424999999999997,,,,,
471,2012-08-30,2.5,3.2175000000000002,,,,,
472,2012-08-31,3.0,3.201,,,,,
473,2012-09-03,3.2,3.2405,,,,,
474,2012-09-04,10.455,3.0599999999999996,,0.0025,,,
475,2012-09-05,1.4385,3.194,,,,,
476,2012-09-06,1.82,3.2359999999999998,,,,,
477,2012-09-07,1.515,3.2169999999999996,,,,,
478,2012-09-08,1.56,3.1125,,,,,
479,2012-09-09,1.36,3.0985,,,,,
480,2012-09-10,1.2495,3.1294999999999997,,,,,
481,2012-09-11,1.444,3.3024999999999998,,,,,
482,2012-09-12,1.3995000000000002,3.276,,,,,
483,2012-09-13,3.0,3.233,,,,,
484,2012-09-14,1.5385,3.3375,,,,,
485,2012-09-15,1.6300000000000001,3.36,,,,,
486,2012-09-16,1.4995,3.497,,,,,
487,2012-09-17,1.4885,3.42,,,,,
488,2012-09-18,1.57,3.42,,,,,
489,2012-09-19,3.0,3.4715,,,,,
490,2012-09-20,3.1,3.4429999999999996,,,,,
491,2012-09-21,1.8385,3.5324999999999998,,,,,
492,2012-09-24,3.8,3.4090000000000003,,,,,
493,2012-09-25,3.7,3.529,,,,,
494,2012-09-26,3.7,3.589,,,,,
495,2012-09-27,3.6,3.471,,,,,
496,2012-09-28,3.0,3.2430000000000003,,,,,
497,2012-10-01,1.6,3.5865,,,,,
498,2012-10-02,1.9,3.5565,,,,,
499,2012-10-03,14.666666666666666,3.5705,,,,,
500,2012-10-04,2.2,3.6185,,,,,
501,2012-10-05,2.6,3.7619999999999996,,,,,
502,2012-10-08,3.6,3.5545,,,,,
503,2012-10-09,4.0,3.47,,,,,
504,2012-10-10,4.3,3.491,,,,,
505,2012-10-11,2.21,3.397,0.375,,0.375,,
506,2012-10-12,1.4883333333333333,3.3125,4.6,,4.6,,
507,2012-10-15,4.2,3.496,,,,,
508,2012-10-16,4.5,3.3689999999999998,,,,,
509,2012-10-17,5.7,3.46,,,,,
510,2012-10-18,5.6,3.4219999999999997,,,,,
511,2012-10-19,5.9,3.287,,,,,
512,2012-10-21,5.2,4.0715,,,,,
513,2012-10-29,3.4,3.627,,,,,
514,2012-10-30,3.8,3.686,,,,,
515,2012-10-31,4.4,3.9295,,,,,
516,2012-11-01,5.0,3.8514999999999997,,,,,
517,2012-11-02,4.8,3.7875,,,,,
518,2012-11-05,6.9,3.9525,,,,,
519,2012-11-06,6.033333333333334,3.7504999999999997,,,,,
520,2012-11-07,7.8,3.657,,,,,
521,2012-11-08,5.6,3.761,,,,,
522,2012-11-09,7.1,3.7565,,,,,
523,2012-11-10,5.25,3.7365000000000004,,,,,
524,2012-11-12,7.6,3.989,,,,,
525,2012-11-13,8.1,3.8034999999999997,0.88,0.12,,3.9,1.748878923766816
526,2012-11-14,8.5,3.6185,,,,,
527,2012-11-15,20.2,3.7784999999999997,,0.003,,,
528,2012-11-16,7.1,4.4135,,,,,
529,2012-11-19,8.7,3.8575,,,,,
530,2012-11-20,8.6,4.167,,,,,
531,2012-11-21,8.9,4.0795,,,,,
532,2012-11-22,7.3,3.566,,,,,
533,2012-11-23,7.6,3.495,,,,,
534,2012-11-26,8.3,3.9775,,,,,
535,2012-11-27,16.1,3.867,,,,,
536,2012-11-28,9.0,4.698499999999999,,,,,
537,2012-11-29,8.5,4.4425,,,,,
538,2012-11-30,6.6,5.558,,,,,
539,2012-12-03,6.9,4.857,3.1,0.08900000000000001,,,
540,2012-12-04,,4.8580000000000005,,,,,
541,2012-12-07,17.302857142857142,4.817,,0.403,,,
542,2012-12-09,7.5,4.207000000000001,,,,,
543,2012-12-10,8.1,4.226,,,,,
544,2012-12-11,7.9,4.4445,,,,,
545,2012-12-12,8.5,4.186,,,,,
546,2012-12-13,14.3,4.198499999999999,1.9,0.013000000000000001,,,
547,2012-12-17,8.1,4.2635,,,,,
548,2012-12-18,4.73,4.0845,,,,,
549,2012-12-19,8.6,4.125500000000001,,,,,
550,2012-12-20,8.5,4.1495,,,,,
551,2012-12-21,8.9,4.9865,,,,,
552,2012-12-24,7.3,4.53,,,,,
553,2012-12-25,9.4,5.817,,,,,
554,2012-12-26,6.3,5.042,,,,,
555,2012-12-27,9.3,4.2995,,,,,
556,2012-12-28,10.0,4.451,,,,,
557,2012-12-31,10.0,4.26,,,,,
558,2013-01-01,11.0,4.2325,,,,,
559,2013-01-02,24.571428571428573,4.38,0.018000000000000002,0.0305,,,
560,2013-01-03,10.0,4.4995,,,,,
561,2013-01-04,10.0,4.5715,,,,,
562,2013-01-07,10.0,4.9795,,,,,
563,2013-01-08,11.0,4.8525,,,,,
564,2013-01-09,11.0,5.0485,,,,,
565,2013-01-10,2.827,4.319000000000001,0.3036666666666667,,0.3036666666666667,,
566,2013-01-11,11.0,4.7825,4.05,,4.05,,
567,2013-01-14,11.0,5.111,,,,,
568,2013-01-15,4.863333333333333,5.157500000000001,,,,,
569,2013-01-16,11.0,5.205,,,,,
570,2013-01-17,5.17,5.169499999999999,,,,,
571,2013-01-18,10.0,5.0845,,,,,
572,2013-01-19,5.165,5.150499999999999,,,,,
573,2013-01-21,10.0,5.2645,,,,,
574,2013-01-22,11.0,5.261,,,,,
575,2013-01-23,11.0,5.5635,,,,,
576,2013-01-24,11.0,5.271000000000001,,,,,
577,2013-01-25,11.0,5.135,,,,,
578,2013-01-28,11.0,5.0695,,,,,
579,2013-01-29,5.31,5.213,,,,,
580,2013-01-30,11.0,5.161,,,,,
581,2013-01-31,6.15,5.112,,,,,
582,2013-02-01,10.0,5.184,,,,,
583,2013-02-02,5.795,5.302,,,,,
584,2013-02-04,27.571428571428573,5.2725,,0.007499999999999999,,,
585,2013-02-05,10.0,5.2995,,,,,
586,2013-02-06,10.0,5.0885,,,,,
587,2013-02-07,9.3,5.281000000000001,,,,,
588,2013-02-08,9.4,5.131,,,,,
589,2013-02-11,9.6,5.1259999999999994,,,,,
590,2013-02-12,5.85,4.986,,,,,
591,2013-02-13,10.0,5.094,,,,,
592,2013-02-14,4.8100000000000005,5.1235,,,,,
593,2013-02-15,8.7,5.133,,,,,
594,2013-02-16,5.0600000000000005,5.1635,,,,,
595,2013-02-18,9.5,5.214,,,,,
596,2013-02-19,8.8,5.6065000000000005,,,,,
597,2013-02-20,9.2,5.1425,,,,,
598,2013-02-21,9.7,5.006,,,,,
599,2013-02-22,8.4,5.0035,,,,,
600,2013-02-25,7.3,4.4525,,,,,
601,2013-02-26,5.05,4.708,4.6,0.042,,,
602,2013-02-27,7.2,4.725,,,,,
603,2013-02-28,6.9,4.773,,,,,
604,2013-03-01,6.0,4.676,,,,,
605,2013-03-02,6.1,4.843999999999999,,,,,
606,2013-03-03,6.3,4.979,,,,,
607,2013-03-04,23.53125,4.6945,0.5897500000000001,0.06857142857142859,,,
608,2013-03-05,0.86,4.2215,,,,,
609,2013-03-06,0.98,3.8834999999999997,,,,,
610,2013-03-08,0.9,4.4855,,,,,
611,2013-03-09,0.9,4.548,,,,,
612,2013-03-11,0.86,4.5155,,,,,
613,2013-03-12,0.447,4.3125,,,,,
614,2013-03-13,1.1,4.391,,,,,
615,2013-03-14,0.56,4.458,,,,,
616,2013-03-15,1.1,4.593,,,,,
617,2013-03-16,0.6100000000000001,4.4990000000000006,,,,,
618,2013-03-18,1.2,4.5655,,,,,
619,2013-03-19,1.3,4.526,,,,,
620,2013-03-20,1.2,4.4185,,,,,
621,2013-03-21,1.3,4.5955,,,,,
622,2013-03-22,1.2,4.476,,,,,
623,2013-03-25,1.5,4.2545,,,,,
624,2013-03-26,1.3,4.234,,,,,
625,2013-03-27,1.3,4.191,,,,,
626,2013-03-28,1.5,4.1605,,,,,
627,2013-03-29,1.3,4.3485,,,,,
628,2013-04-01,1.5,4.5875,,,,,
629,2013-04-02,0.5626666666666668,4.329000000000001,,,,,
630,2013-04-03,0.596,4.484500000000001,,,,,
631,2013-04-04,1.8,5.622,,,,,
632,2013-04-05,1.7,4.608499999999999,,,,,
633,2013-04-09,21.542857142857144,4.5809999999999995,0.11566666666666665,0.37166666666666665,,,
634,2013-04-10,2.0,4.739000000000001,,,,,
635,2013-04-11,1.4,4.497,,,,,
636,2013-04-12,2.0,4.5745000000000005,,,,,
637,2013-04-13,1.2,4.5265,,,,,
638,2013-04-14,2.15,4.5329999999999995,,,,,
639,2013-04-15,2.1,4.4815000000000005,2.243333333333333,0.155,,5.3,2.3766816143497755
640,2013-04-16,1.1,5.1455,,,,,
641,2013-04-17,0.93,4.8155,,,,,
642,2013-04-18,1.1,5.0495,,,,,
643,2013-04-19,0.88,4.6645,,,,,
644,2013-04-22,0.83,4.881,,,,,
645,2013-04-23,0.98,4.645,,,,,
646,2013-04-24,0.85,4.696,,,,,
647,2013-04-25,0.8,4.932,,,,,
648,2013-04-26,0.85,5.087,,,,,
649,2013-04-29,0.8,4.5440000000000005,,,,,
650,2013-04-30,0.8,4.593500000000001,,,,,
651,2013-05-01,2.2,4.825,,,,,
652,2013-05-02,2.2,3.6705,,,,,
653,2013-05-03,2.7,3.8785,,,,,
654,2013-05-04,2.6,3.9095,,,,,
655,2013-05-06,1.6233333333333333,3.803,,,,,
656,2013-05-07,15.866666666666667,3.9480000000000004,,0.018,,,
657,2013-05-08,2.2,3.9855,,,,,
658,2013-05-09,3.3,4.039,0.628,0.006,1.2,,
659,2013-05-10,1.4879999999999998,4.0120000000000005,3.8,,3.8,,
660,2013-05-13,3.7,4.0440000000000005,,,,,
661,2013-05-14,3.7,3.9395,,,,,
662,2013-05-15,4.8,3.96,,,,,
663,2013-05-17,4.0,5.069,,,,,
664,2013-05-18,3.8,3.566,,,,,
665,2013-05-20,3.5,3.653,,,,,
666,2013-05-21,3.7,3.6494999999999997,,,,,
667,2013-05-22,3.8,3.713,,,,,
668,2013-05-23,3.3,3.7915,,,,,
669,2013-05-24,4.2,4.0405,,,,,
670,2013-05-25,3.7,4.0015,,,,,
671,2013-05-27,4.2,3.8905000000000003,,,,,
672,2013-05-28,4.8,4.3035,,,,,
673,2013-05-29,5.1,4.1175,,,,,
674,2013-05-30,5.1,3.9275,,,,,
675,2013-05-31,5.8,3.9985,,,,,
676,2013-06-03,17.333333333333332,4.1305000000000005,,,,,
677,2013-06-04,6.4,3.9185,,,,,
678,2013-06-05,6.1,3.7635,,,,,
679,2013-06-06,6.1,3.9079999999999995,,,,,
680,2013-06-07,6.0,3.9859999999999998,,,,,
681,2013-06-10,6.5,3.8904999999999994,,,,,
682,2013-06-11,7.0,4.0685,,,,,
683,2013-06-12,7.6,4.1305000000000005,,,,,
684,2013-06-13,7.7,4.0424999999999995,,,,,
685,2013-06-14,8.3,4.055,,,,,
686,2013-06-17,8.5,4.635,,,,,
687,2013-06-18,8.9,3.7279999999999998,,,,,
688,2013-06-19,8.6,3.8365,,,,,
689,2013-06-20,4.3385,3.7895000000000003,,,,,
690,2013-06-21,9.1,3.8064999999999998,,,,,
691,2013-06-24,9.9,3.973,,,,,
692,2013-06-25,11.0,3.9915000000000003,,,,,
693,2013-06-26,12.0,4.1505,,0.086,,12.0,5.381165919282512
694,2013-06-27,7.7,3.8535,,,,,
695,2013-06-28,11.0,3.8659999999999997,,,,,
696,2013-06-30,9.0,3.7569999999999997,,,,,
697,2013-07-01,8.5,3.7855000000000003,,,,,
698,2013-07-02,7.0,3.7750000000000004,,,,,
699,2013-07-03,7.0,3.69,,,,,
700,2013-07-05,5.3,3.6564999999999994,,,,,
701,2013-07-08,4.5,3.6295,,,,,
702,2013-07-09,4.3,3.6835,,,,,
703,2013-07-10,12.799999999999999,3.6799999999999997,0.0245,0.0625,,,
704,2013-07-11,4.1,3.747,,,,,
705,2013-07-12,2.8,4.105,,,,,
706,2013-07-15,1.605,4.0385,,,,,
707,2013-07-16,2.9,3.7455000000000003,,,,,
708,2013-07-17,1.63,3.655,0.6050000000000001,,0.6050000000000001,,
709,2013-07-18,1.622,3.6265,4.3,0.006,4.3,,
710,2013-07-19,1.83,2.8,,,,,
711,2013-07-22,4.6,3.5394999999999994,,,,,
712,2013-07-23,3.9,3.3425,,,,,
713,2013-07-24,4.2,3.3920000000000003,,,,,
714,2013-07-25,4.5,3.4005,,,,,
715,2013-07-26,5.2,3.366,,,,,
716,2013-07-28,6.0,3.3475,,,,,
717,2013-07-29,5.9,3.5540000000000003,,,,,
718,2013-07-30,6.2,3.541,,,,,
719,2013-08-05,3.0,4.425,,,,,
720,2013-08-06,14.299999999999999,3.5409999999999995,,0.014,,,
721,2013-08-07,2.1,3.708,,,,,
722,2013-08-08,2.8,3.58,,,,,
723,2013-08-09,3.6,3.356,,,,,
724,2013-08-12,4.2,3.4055,,,,,
725,2013-08-13,4.6,3.46,,,,11.0,4.932735426008969
726,2013-08-14,4.9,3.548,,,,,
727,2013-08-15,5.4,3.5140000000000002,,,,,
728,2013-08-16,5.5,3.4465000000000003,,,,,
729,2013-08-19,5.6,3.4719999999999995,,,,,
730,2013-08-20,6.9,3.4955,,,,,
731,2013-08-21,7.6,3.3575,,,,,
732,2013-08-22,7.9,3.271,,,,,
733,2013-08-23,2.777333333333333,3.279,,,,,
734,2013-08-25,6.7,3.553,,,,,
735,2013-08-26,6.5,3.8055000000000003,,,,,
736,2013-08-27,7.5,3.7800000000000002,,,,,
737,2013-08-28,7.5,3.891,,,,,
738,2013-09-03,3.8,4.646,,,,,
739,2013-09-04,3.1,3.8495,,,,,
740,2013-09-05,15.666666666666666,3.572,,0.005,,,
741,2013-09-06,3.7,3.7635,,,,,
742,2013-09-07,4.0,3.776,,,,,
743,2013-09-09,5.7,3.601,,,,,
744,2013-09-10,6.0,3.7015000000000002,,,,,
745,2013-09-11,6.1,3.43,,,,,
746,2013-09-12,5.6,3.6855,,,,,
747,2013-09-13,5.6,3.6915000000000004,,,,,
748,2013-09-16,6.9,3.746,,,,,
749,2013-09-17,7.8,3.8994999999999997,,,,,
750,2013-09-18,7.6,3.5885,,,,,
751,2013-09-19,7.8,3.297,,,,,
752,2013-09-20,8.5,3.4345,,,,,
753,2013-09-22,9.2,4.5665,,,,,
754,2013-09-27,6.0,4.5760000000000005,0.2,0.11,,,
755,2013-10-01,6.1,2.6515,,,,,
756,2013-10-02,17.833333333333332,3.226,,0.067,,,
757,2013-10-03,6.7,3.3575,,,,,
758,2013-10-04,7.0,3.2535,,,,,
759,2013-10-05,7.4,3.253,,,,,
760,2013-10-07,8.6,3.6135,,,,,
761,2013-10-08,8.7,3.473,,,,,
762,2013-10-09,9.3,3.5555,,,,,
763,2013-10-10,9.6,3.4405,,,,,
764,2013-10-11,9.4,3.5595,,,,,
765,2013-10-14,9.1,3.4749999999999996,,,,,
766,2013-10-15,9.8,3.4585,,,,,
767,2013-10-16,9.7,3.305,0.175,0.002,0.175,,
768,2013-10-17,9.5,3.6205000000000003,2.8,0.006,,,
769,2013-10-18,9.4,3.5205,,,,,
770,2013-10-21,8.8,3.7235,,,,,
771,2013-10-22,6.2,3.4590000000000005,,,,,
772,2013-10-23,6.3,3.4445,,,,,
773,2013-10-24,6.0,3.5345000000000004,,,,,
774,2013-10-25,5.3,3.5315000000000003,,,,,
775,2013-10-27,5.2,3.512,,,,,
776,2013-10-28,5.5,3.6464999999999996,,,,,
777,2013-10-29,5.7,3.5555000000000003,,,,,
778,2013-10-30,5.1,3.458,,,,,
779,2013-10-31,5.1,3.4345,,,,,
780,2013-11-03,4.5,4.779,,,,,
781,2013-11-04,3.1,3.3585000000000003,,,,,
782,2013-11-05,5.7,3.678,,,,,
783,2013-11-06,7.6,3.974,,,,,
784,2013-11-07,15.725714285714286,3.8635,4.633333333333334,0.2338333333333333,,,
785,2013-11-11,9.9,3.501,,,,,
786,2013-11-12,2.44675,3.7785,,,,,
787,2013-11-13,3.373666666666667,3.619,,,,,
788,2013-11-14,10.0,3.734,,,,,
789,2013-11-15,9.0,3.7489999999999997,,,,,
790,2013-11-18,5.6,3.971,,,,,
791,2013-11-19,5.1,3.7915,,,,,
792,2013-11-20,4.5,4.271,,,,,
793,2013-11-21,4.6,4.1145,,,,,
794,2013-11-22,4.4,3.3445,,,,,
795,2013-12-02,7.0,4.565,,,,,
796,2013-12-03,6.8,4.0125,,,,,
797,2013-12-04,7.2,3.988,,,,,
798,2013-12-05,7.8,4.0135000000000005,,,,,
799,2013-12-09,9.7,4.233,,,,,
800,2013-12-10,10.0,4.098,,,,,
801,2013-12-11,10.0,4.140499999999999,,,,,
802,2013-12-12,22.333333333333332,3.9364999999999997,,0.12,,,
803,2013-12-16,11.0,3.936,,,,,
804,2013-12-17,11.0,3.8095,,,,,
805,2013-12-18,12.0,3.8024999999999998,,,,,
806,2013-12-19,12.0,3.4795,,,,,
807,2014-01-05,15.0,4.138,,,,,
808,2014-01-06,20.1,3.812,0.033,0.081,,,
809,2014-01-08,9.65,3.8970000000000002,,,,,
810,2014-01-10,9.2,3.96,,,,,
811,2014-01-13,17.0,4.143,,,,,
812,2014-01-14,17.0,3.971,,,,,
813,2014-01-15,18.0,4.0645,,,,,
814,2014-01-16,18.0,3.808,,,,,
815,2014-01-21,18.0,4.125,,,,,
816,2014-01-22,16.0,4.1495,,,,,
817,2014-01-23,18.0,4.2829999999999995,0.265,,,,
818,2014-01-24,12.8,4.02,4.85,,,,
819,2014-01-27,15.0,4.4105,,,,,
820,2014-01-28,17.0,4.363,,,,,
821,2014-01-29,15.0,4.2295,,,,,
822,2014-01-30,16.0,4.210500000000001,,,,,
823,2014-02-03,6.7,4.871,,,,,
824,2014-02-04,26.666666666666668,4.0975,0.031,0.009000000000000001,,,
825,2014-02-05,11.0,4.1935,,,,,
826,2014-02-06,10.0,4.2325,,,,,
827,2014-02-10,10.0,5.807,,,,,
828,2014-02-11,11.0,4.4715,,,,,
829,2014-02-12,11.0,4.3405000000000005,,,,,
830,2014-02-13,9.6,4.1365,,,,,
831,2014-02-18,11.0,4.2725,,,,,
832,2014-02-19,11.0,4.257,,,,,
833,2014-02-20,11.0,4.221,,,,,
834,2014-02-21,10.0,3.997,,,,,
835,2014-02-24,10.0,4.2805,,,,,
836,2014-02-25,10.0,4.146,,,,,
837,2014-02-26,9.5,4.1645,,,,,
838,2014-02-27,8.2,4.5954999999999995,,,,,
839,2014-03-03,23.933333333333334,4.332,0.068,0.5730000000000001,,,
840,2014-03-04,9.6,4.4094999999999995,,,,,
841,2014-03-05,9.4,4.229,,,,,
842,2014-03-06,8.2,4.421,,,,,
843,2014-03-24,3.0,3.4269999999999996,,,,,
844,2014-03-26,1.8,3.4035,,,,,
845,2014-04-01,,4.747,,,,,
846,2014-04-02,,3.5435,,,,,
847,2014-04-03,,3.4985,,,,,
848,2014-04-04,0.64,3.5570000000000004,,,,,
849,2014-04-07,8.375,4.627000000000001,8.3,0.43500000000000005,,,
850,2014-04-08,,4.3945,,,,,
851,2014-04-09,,3.6755,,,,,
852,2014-04-11,0.78,3.4315,,,,,
853,2014-04-14,,4.514,,,,,
854,2014-04-15,,4.1145000000000005,,,,,
855,2014-04-16,,4.0005,,,,,
856,2014-04-17,0.6,4.091,0.7103333333333334,,,0.16,0.07174887892376682
857,2014-04-18,,4.158,5.25,,,0.15,0.06726457399103139
858,2014-04-21,,3.6109999999999998,,,,,
859,2014-04-22,,3.5374999999999996,,,,,
860,2014-04-23,,2.9215,,,,,
861,2014-04-25,,4.731,,,,,
862,2014-04-27,,4.666,,,,,
863,2014-04-28,0.6,4.784,,,,,
864,2014-04-29,,4.484500000000001,,,,,
865,2014-04-30,,4.2435,,,,,
866,2014-05-04,0.85,4.784,,,,,
867,2014-05-05,23.5,3.7365000000000004,0.064,0.1155,,,
868,2014-05-06,1.1,4.003,,,,,
869,2014-05-07,1.5,4.0225,,,,,
870,2014-05-09,1.15,3.7064999999999997,,,,,
871,2014-05-12,0.86,3.7039999999999997,,,,,
872,2014-05-13,1.5,3.6525000000000003,,,,,
873,2014-05-14,2.1,3.7044999999999995,,,,,
874,2014-05-15,2.4,3.7455,,,,,
875,2014-05-19,1.6,3.7039999999999997,,,,,
876,2014-05-21,0.87,3.9295,,,,,
877,2014-05-22,,3.6159999999999997,,,,,
878,2014-05-23,,3.513,,,,,
879,2014-05-27,,3.5025,,,,,
880,2014-05-28,,3.5084999999999997,,,,,
881,2014-05-29,,3.2885,,,,,
882,2014-06-01,,4.343999999999999,,,,,
883,2014-06-02,10.0,3.4435000000000002,1.225,0.14,,,
884,2014-06-04,,3.4625,,,,,
885,2014-06-06,,3.3145,,,,,
886,2014-06-09,,3.3855000000000004,,,,,
887,2014-06-10,,3.3055,,,,,
888,2014-06-11,,3.1820000000000004,,,,,
889,2014-06-12,,3.1635,,,,,
890,2014-06-16,,3.2475000000000005,,,,,
891,2014-06-18,,2.9299999999999997,,,,,
892,2014-06-19,,2.8865,,,,,
893,2014-06-20,,2.9565,,,,,
894,2014-06-23,,3.1395,,,,,
895,2014-06-24,,3.1585,,,,,
896,2014-06-25,,3.0404999999999998,,,,,
897,2014-06-26,,3.0694999999999997,,,,,
898,2014-06-30,1.4,2.882,,,,,
899,2014-07-01,1.3,2.888,,,,,
900,2014-07-02,1.2,2.83,,,,,
901,2014-07-03,1.3,2.8715,,,,,
902,2014-07-07,8.733333333333333,3.779,0.015,0.033,,,
903,2014-07-08,1.7,2.8034999999999997,,,,,
904,2014-07-09,1.6,2.9015000000000004,,,,,
905,2014-07-10,1.5,3.008,,,,,
906,2014-07-14,1.7,3.1315,,,,,
907,2014-07-15,1.9,3.083,,,,,
908,2014-07-16,0.75,3.0344999999999995,0.034,,,,
909,2014-07-17,1.0,2.877,3.7,,,,
910,2014-07-18,1.0,3.388,,,,,
911,2014-07-21,1.1,3.2495,,,,,
912,2014-07-22,0.8,3.2190000000000003,,,,,
913,2014-07-23,0.93,3.2215,,,,,
914,2014-07-24,0.68,3.225,,,,,
915,2014-07-27,,2.6384999999999996,,,,,
916,2014-07-28,0.96,2.9135,,,,,
917,2014-07-29,,2.9050000000000002,,,,,
918,2014-07-30,,2.8605,,,,,
919,2014-08-04,7.536666666666666,2.703,,0.152,,,
920,2014-08-06,1.3,2.9535,,,,,
921,2014-08-07,1.2,2.8665000000000003,,,,,
922,2014-08-08,1.5,2.825,,,,,
923,2014-08-11,0.87,2.8185,,,,,
924,2014-08-12,1.1,2.8135000000000003,,,,,
925,2014-08-13,0.83,2.755,,,,,
926,2014-08-14,1.4,2.674,,,,,
927,2014-08-18,1.6,2.7474999999999996,,,,,
928,2014-08-19,1.8,2.8245,,,,,
929,2014-08-21,1.7,2.6515,,,,,
930,2014-08-22,2.5,2.621,,,,,
931,2014-08-25,3.0,2.854,,,,,
932,2014-08-26,2.9,2.813,,,,,
933,2014-08-27,3.1,2.814,,,,,
934,2014-08-28,2.9,2.93,,,,,
935,2014-09-08,2.3,2.843,,,,,
936,2014-09-09,11.533333333333333,3.066,0.023,0.1585,,,
937,2014-09-10,1.5,2.9645,,,,,
938,2014-09-15,2.2,3.114,,,,,
939,2014-09-17,2.2,2.9035,,,,,
940,2014-09-18,1.8,2.6865,,,,,
941,2014-09-19,2.3,2.471,,,,,
942,2014-09-21,2.5,2.4915000000000003,,,,,
943,2014-09-22,2.9,2.5879999999999996,,,,,
944,2014-09-23,3.8,2.5785,,,,,
945,2014-10-06,17.166666666666668,3.056,,,,,
946,2014-10-08,2.2,2.8810000000000002,,,,,
947,2014-10-10,2.8,2.7960000000000003,,,,,
948,2014-10-13,3.3,2.903,,,,,
949,2014-10-14,5.2,2.8495,,,,,
950,2014-10-15,4.5,2.8345000000000002,,,,,
951,2014-10-20,5.2,2.8685,,,,,
952,2014-10-22,4.9,2.6670000000000003,,,,,
953,2014-10-24,5.1,2.7165,,,,,
954,2014-10-27,4.9,2.9375,,,,,
955,2014-10-28,4.6,2.806,,,,,
956,2014-10-29,2.37,2.731,,,,,
957,2014-10-30,0.11,2.786,,,,,
958,2014-11-03,21.633333333333336,2.8550000000000004,0.042,0.0085,,,
959,2014-11-05,3.0,2.7935,,,,,
960,2014-11-07,3.7,2.912,,,,,
961,2014-11-10,4.8,3.3255,,,,,
962,2014-11-12,5.3,3.3265,,,,,
963,2014-11-13,6.4,3.3739999999999997,,,,,
964,2014-11-17,7.5,3.339,,,,,
965,2014-11-19,7.4,3.5355,,,,,
966,2014-11-21,8.5,3.6639999999999997,,,,,
967,2014-12-01,22.03333333333333,4.268000000000001,0.03,0.006,,,
968,2014-12-03,6.6,5.3575,,,,,
969,2014-12-05,9.4,4.194,,,,,
970,2014-12-08,11.0,3.88,,,,,
971,2014-12-10,9.9,3.9095000000000004,,,,,
972,2014-12-11,9.9,3.925,,,,,
973,2014-12-15,7.0,4.495,,,,,
974,2014-12-16,7.6,5.3315,,,,,
975,2014-12-17,7.8,4.7745,,,,,
976,2015-01-05,24.0,3.9265,0.0175,0.14,,,
977,2015-01-07,11.0,3.8899999999999997,,,,,
978,2015-01-08,10.0,3.9044999999999996,,,,,
979,2015-01-12,11.0,4.2205,,,,,
980,2015-01-14,12.0,4.0155,,,,,
981,2015-01-15,12.0,4.124499999999999,,,,,
982,2015-01-21,13.0,4.07,,,,,
983,2015-01-22,13.0,4.1045,,,,,
984,2015-01-23,13.0,4.1105,,,,,
985,2015-01-26,13.0,4.236000000000001,,,,,
986,2015-01-27,13.0,4.0715,,,,,
987,2015-01-28,13.0,4.0845,,,,,
988,2015-02-02,30.5,4.4239999999999995,,0.12,,,
989,2015-02-09,0.49,5.1065,,,,,
990,2015-02-11,2.1,5.6105,,,,,
991,2015-02-13,1.9,5.546,,,,,
992,2015-02-16,2.5,4.6565,,,,,
993,2015-02-17,3.0,4.6245,,,,,
994,2015-02-18,2.9,4.26,,,,,
995,2015-02-24,1.9,4.212,,,,,
996,2015-02-25,1.0,3.3685,,,,,
997,2015-02-26,1.122,3.4285000000000005,3.05,,,,
998,2015-02-27,0.055,3.8325,3.4000000000000004,,,,
999,2015-03-02,16.666666666666668,4.5495,,3.0,,,
1000,2015-03-03,2.6,4.57,,,,,
1001,2015-03-04,0.54,4.395,,,,,
1002,2015-03-09,3.3,4.461,,,,,
1003,2015-03-10,3.7,4.3774999999999995,,,,,
1004,2015-03-11,3.6,4.187,7.9,,,,
1005,2015-03-12,3.6,4.2620000000000005,,,,,
1006,2015-03-13,3.0,4.0325,,,,,
1007,2015-03-16,2.9,4.6135,,,,,
1008,2015-03-17,2.8,4.305999999999999,,,,,
1009,2015-03-18,3.3,4.4030000000000005,,,,,
1010,2015-03-23,2.0,3.9075,,,,,
1011,2015-03-24,1.9,3.9764999999999997,,,,,
1012,2015-03-25,1.8,3.9539999999999997,,,,,
1013,2015-04-06,17.5,4.14,0.1085,0.315,,,
1014,2015-05-05,5.633333333333333,3.317,0.53,0.2445,,,
1015,2015-05-06,0.81,3.451,,,,,
1016,2015-05-07,0.92,3.4640000000000004,,,,,
1017,2015-05-08,0.78,3.5395,,,,,
1018,2015-05-11,0.91,3.5755000000000003,,,,,
1019,2015-05-12,0.76,3.5555000000000003,,,,,
1020,2015-05-13,0.372,3.427,2.155,,,0.175,0.07847533632286995
1021,2015-05-14,0.30666666666666664,3.4145000000000003,3.85,,,0.16,0.07174887892376682
1022,2015-05-15,1.1,3.3765,0.556,,,0.185,0.08295964125560538
1023,2015-05-16,1.3,3.521,,,,,
1024,2015-05-17,1.2,3.6365,,,,,
1025,2015-05-18,1.4,3.7785,,,,,
1026,2015-05-19,1.4,3.7955,,,,,
1027,2015-05-20,1.5,3.7954999999999997,,,,,
1028,2015-05-21,1.5,3.6079999999999997,,,,,
1029,2015-05-26,2.1,3.5285,,,,,
1030,2015-05-27,2.2,3.7465,,,,,
1031,2015-05-28,2.1,3.5780000000000003,,,,,
1032,2015-05-29,2.3,3.6094999999999997,,,,,
1033,2015-06-01,2.3,3.601,,,,,
1034,2015-06-02,21.46666666666667,3.5835,0.46,0.807,,,
1035,2015-06-03,2.5,3.4095000000000004,,,,,
1036,2015-06-04,2.4,3.328,,,,,
1037,2015-06-08,2.7,3.3055000000000003,,,,,
1038,2015-06-10,2.7,3.2475,,,,,
1039,2015-06-12,2.9,2.798,,,,,
1040,2015-06-15,2.1,2.6675,,,,,
1041,2015-06-16,1.7,2.4875,,,,,
1042,2015-06-17,1.7,2.2885,,,,,
1043,2015-06-22,1.4,2.474,,,,,
1044,2015-06-23,1.4,2.5225,,,,,
1045,2015-06-25,1.5,2.4699999999999998,,,,,
1046,2015-06-29,1.8,2.2840000000000003,,,,,
1047,2015-06-30,1.5,2.2765,,,,,
1048,2015-07-01,1.5,2.2685,,,,,
1049,2015-07-06,1.9,2.299,,,,,
1050,2015-07-07,20.0,2.373,,0.0165,,,
1051,2015-07-08,2.0,2.409,,,,,
1052,2015-07-10,2.2,2.5315,,,,,
1053,2015-08-03,4.1,2.95,,,,,
1054,2015-08-04,16.1,2.995,0.18,2.35,,,
1055,2015-08-05,5.9,2.99,,,,,
1056,2015-08-07,5.2,2.915,,,,,
1057,2015-08-10,4.9,2.525,,,,,
1058,2015-08-11,5.6,2.44,,,,,
1059,2015-08-13,4.3,2.3899999999999997,1.6949999999999998,,,,
1060,2015-08-14,,2.4699999999999998,0.7120000000000001,,,,
1061,2015-08-17,4.8,2.445,,,,,
1062,2015-08-18,5.0,2.4850000000000003,,,,,
1063,2015-08-20,5.0,2.49,,,,,
1064,2015-09-01,14.5,3.623,,0.006999999999999999,,,
1065,2015-10-05,8.5,4.03,,,,,
1066,2015-10-06,22.0,2.965,,0.018000000000000002,,,
1067,2015-10-08,8.3,3.9699999999999998,,,,,
1068,2015-10-12,11.0,3.14,,,,,
1069,2015-10-14,8.9,2.99,,,,,
1070,2015-10-16,9.5,2.2800000000000002,,,,,
1071,2015-10-19,8.4,2.71,0.77,,,,
1072,2015-10-20,8.5,2.315,0.11,,,,
1073,2015-11-03,28.0,3.885,,0.15,,,
1074,2015-12-01,28.5,3.842,0.113,0.845,,,
1075,2015-12-09,4.2,3.4935,,,,,
1076,2015-12-10,5.2,3.569,,,,,
1077,2015-12-11,4.7,3.6174999999999997,,,,,
1078,2015-12-14,6.0,4.001,,,,,
1079,2015-12-15,6.4,3.2219999999999995,,,,,
1080,2015-12-16,6.2,3.0345,,,,,
1081,2016-01-04,8.1,3.912,,,,,
1082,2016-01-05,23.366666666666664,3.8525,0.12,0.14500000000000002,,,
1083,2016-01-06,6.4,4.2745,,,,,
1084,2016-01-11,8.3,3.6025,,,,,
1085,2016-01-13,20.25,3.697,,,,,
1086,2016-01-15,7.9,3.698,,,,,
1087,2016-01-19,7.5,4.082,,,,,
1088,2016-02-01,0.48,4.086,,,,,
1089,2016-02-02,21.883333333333336,4.3555,0.06,0.0345,,,
1090,2016-02-03,0.63,3.3215,,,,,
1091,2016-02-08,0.45,3.9535,,,,,
1092,2016-02-10,0.29,3.8904999999999994,,,,,
1093,2016-02-12,0.4,3.6239999999999997,,,,,
1094,2016-02-16,0.41,3.138,,,,,
1095,2016-02-17,0.42,2.1475,,,,,
1096,2016-02-22,0.0495,2.0935,0.07250000000000001,,,,
1097,2016-02-23,0.0605,3.799,1.62,,,,
1098,2016-02-24,0.09833333333333333,3.807,2.4,,,,
1099,2016-02-25,0.05866666666666667,3.8110000000000004,2.65,,,,
1100,2016-02-29,0.83,4.01,,,,,
1101,2016-03-01,11.933333333333332,3.584,4.75,0.39,,,
1102,2016-03-02,0.97,3.4299999999999997,,,,,
1103,2016-03-07,1.3,3.7285,,,,,
1104,2016-03-09,3.0,6.862,,,,,
1105,2016-03-10,2.9,5.746,,,,,
1106,2016-03-14,2.3,8.777000000000001,,,,,
1107,2016-03-16,2.2,6.911,,,,,
1108,2016-03-18,2.1,6.098,,,,,
1109,2016-03-22,2.2,5.298500000000001,,,,,
1110,2016-03-23,1.9,5.003500000000001,,,,,
1111,2016-03-24,2.1,4.628,,,,,
1112,2016-03-28,1.7,4.202,,,,,
1113,2016-03-29,2.0,5.1305,,,,,
1114,2016-03-30,2.1,5.4545,,,,,
1115,2016-04-04,2.0,4.412,,,,,
1116,2016-04-05,25.5,4.3125,,,,,
1117,2016-04-06,2.2,4.426500000000001,,,,,
1118,2016-04-08,1.2,4.424,,,,,
1119,2016-04-11,1.3,4.5280000000000005,,,,,
1120,2016-04-13,2.1,4.628,,,,,
1121,2016-04-15,2.2,4.236,,,,,
1122,2016-04-18,2.0,4.067,,,,,
1123,2016-05-03,19.0,3.984,2.85,1.85,,,
1124,2016-05-17,0.9,3.5475000000000003,,,,,
1125,2016-05-18,0.9,3.1635,,,,,
1126,2016-05-20,1.1,3.2649999999999997,,,,,
1127,2016-05-23,1.5,3.441,,,,,
1128,2016-05-24,1.2,3.4055,,,,,
1129,2016-05-25,7.0,3.1769999999999996,0.31,1.9,,,
1130,2016-05-31,,3.1075,2.2666666666666666,,,0.18000000000000002,0.08071748878923768
1131,2016-06-01,2.1,3.2039999999999997,0.765,,,0.1275,0.05717488789237668
1132,2016-06-02,,3.1105,1.98,,,0.175,0.07847533632286995
1133,2016-06-03,2.4,3.3265000000000002,0.56,,,,
1134,2016-06-06,2.6,3.1944999999999997,,,,,
1135,2016-06-07,11.266666666666666,3.1645000000000003,0.085,0.32,,,
1136,2016-06-08,2.2,2.9535,,,,,
1137,2016-06-14,1.7,2.774,,,,,
1138,2016-06-15,1.3,2.809,,,,,
1139,2016-06-16,1.6,2.8545,,,,,
1140,2016-06-22,3.0,2.7755,,,,,
1141,2016-06-23,2.2,2.715,,,,,
1142,2016-06-24,2.3,2.6395,,,,,
1143,2016-06-27,2.1,2.7245,,,,,
1144,2016-06-28,3.0,2.7095000000000002,,,,,
1145,2016-06-29,3.0,2.5364999999999998,,,,,
1146,2016-07-05,7.8,3.339,0.315,0.9199999999999999,,,
1147,2016-07-11,0.6,2.8985,,,,,
1148,2016-07-12,1.1,3.2474999999999996,,,,,
1149,2016-07-13,1.0,3.319,,,,,
1150,2016-07-15,1.4,3.2764999999999995,,,,,
1151,2016-07-18,5.6499999999999995,3.226,0.49,0.88,,,
1152,2016-07-20,1.8,3.3245,,,,,
1153,2016-07-21,1.9,3.4015,,,,,
1154,2016-07-22,1.5,3.1825,,,,,
1155,2016-07-25,1.9,3.8825,,,,,
1156,2016-07-26,3.4,3.8145,,,,,
1157,2016-07-27,3.5,3.8609999999999998,,,,,
1158,2016-07-28,4.2,3.6910000000000003,,,,,
1159,2016-08-01,4.4,3.677,,,,,
1160,2016-08-02,5.7,3.768,0.054,0.9400000000000001,,,
1161,2016-08-03,4.8,3.765,,,,,
1162,2016-08-04,4.7,3.605,,,,,
1163,2016-08-08,5.3,3.3585,1.661,0.65,,,
1164,2016-08-09,2.6995,3.309,0.36750000000000005,,,,
1165,2016-08-10,5.0,3.2355,1.195,,,,
1166,2016-08-12,5.0,3.0705,,,,,
1167,2016-08-15,4.5,2.7880000000000003,,,,,
1168,2016-08-16,5.0,2.8,,,,,
1169,2016-08-17,4.6,2.7755,,,,,
1170,2016-08-18,5.2,2.795,,,,,
1171,2016-08-22,3.0,2.3365,,,,,
1172,2016-08-23,2.7,2.359,,,,,
1173,2016-08-24,3.1,2.609,,,,,
1174,2016-09-13,15.8,3.622,0.078,0.023,,,
1175,2016-09-19,8.4,2.9475,,,,,
1176,2016-09-21,8.5,2.991,,,,,
1177,2016-09-22,8.9,3.04,,,,,
1178,2016-09-23,9.1,3.0650000000000004,,,,,
1179,2016-10-04,26.0,3.824,,0.0175,,,
1180,2016-10-31,0.066,4.254,1.2750000000000001,,,,
1181,2016-11-01,25.5,3.9189999999999996,1.2933333333333334,0.7,,,
1182,2016-11-03,,3.923,0.72,,,,
1183,2016-11-04,,3.9219999999999997,1.04,,,,
1184,2016-11-07,10.0,3.218,,,,,
1185,2016-11-08,9.8,3.422,,,,,
1186,2016-11-09,11.0,3.1660000000000004,,,,,
1187,2016-11-10,9.4,3.3215,,,,,
1188,2016-11-14,10.0,3.365,,,,,
1189,2016-11-16,11.0,3.1715,,,,,
1190,2016-11-17,11.0,3.0845000000000002,,,,,
1191,2016-11-18,10.0,3.242,,,,,
1192,2016-11-20,10.0,3.838,,,,,
1193,2016-11-21,9.9,4.17,,,,,
1194,2016-11-22,11.0,3.513,,,,,
1195,2016-11-23,11.0,3.5324999999999998,,,,,
1196,2016-11-28,11.0,3.5885,,,,,
1197,2016-11-29,12.0,3.4485,,,,,
1198,2016-11-30,11.0,3.192,,,,,
1199,2016-12-01,11.0,3.341,,,,,
1200,2016-12-05,12.0,3.4475,,,,,
1201,2016-12-06,19.666666666666668,3.3954999999999997,6.25,0.435,,,
1202,2016-12-07,12.0,3.3785000000000003,,,,,
1203,2016-12-09,9.8,3.7535,,,,,
1204,2016-12-12,9.1,3.245,,,,,
1205,2016-12-13,11.0,3.124,,,,,
1206,2016-12-14,9.9,3.2025,,,,,
1207,2016-12-15,10.0,3.173,,,,,
1208,2016-12-19,8.6,3.0825,,,,,
1209,2016-12-20,9.5,2.8485,,,,,
1210,2016-12-21,8.0,2.9005,,,,,
1211,2016-12-22,8.7,3.1594999999999995,,,,,
1212,2017-01-03,11.1,3.5,7.45,0.485,,,
1213,2017-01-10,9.35,4.83,,,,,
1214,2017-01-11,2.3,7.3035000000000005,,,,,
1215,2017-01-12,3.5,6.656499999999999,,,,,
1216,2017-01-13,4.2,5.1895,,,,,
1217,2017-01-17,6.6,4.922499999999999,,,,,
1218,2017-01-18,3.0,4.6705000000000005,,,,,
1219,2017-01-19,5.7,5.743500000000001,,,,,
1220,2017-01-20,1.8,5.7835,,,,,
1221,2017-01-23,2.3,7.0489999999999995,,,,,
1222,2017-01-24,2.5,6.621,,,,,
1223,2017-01-25,2.8,6.3925,,,,,
1224,2017-01-26,1.455,6.631,,,,,
1225,2017-01-27,0.19,7.4415,,,,,
1226,2017-01-28,0.21,6.216,,,,,
1227,2017-01-30,1.115,6.837,,,,,
1228,2017-01-31,0.975,6.695333333333333,,,,,
1229,2017-02-01,0.84,6.046333333333333,,,,,
1230,2017-02-02,0.705,6.2106666666666674,,,,,
1231,2017-02-06,0.47,6.419666666666667,,,,,
1232,2017-02-07,0.9550000000000001,6.788333333333334,12.0,1.5499999999999998,,,
1233,2017-02-09,0.45999999999999996,8.439333333333334,,,,,
1234,2017-02-10,0.43500000000000005,8.749,,,,,
1235,2017-02-13,0.33999999999999997,6.127666666666666,,,,,
1236,2017-02-14,0.33499999999999996,6.005,,,,,
1237,2017-02-15,0.325,6.117000000000001,,,,,
1238,2017-02-17,0.29000000000000004,6.182666666666666,,,,,
1239,2017-02-21,0.19,8.181999999999999,,,,,
1240,2017-02-22,0.21,6.9765,,,,,
1241,2017-02-23,0.21,6.7825,,,,,
1242,2017-02-24,0.2,6.949,,,,,
1243,2017-02-27,0.09975,7.507,6.3,,,,
1244,2017-02-28,0.09866666666666667,5.5725,2.415,,,,
1245,2017-03-01,0.11224999999999999,4.9955,6.1000000000000005,,,,
1246,2017-03-02,0.15,4.7844999999999995,,,,,
1247,2017-03-06,0.16,5.7895,,,,,
1248,2017-03-08,0.14,5.941000000000001,,,,,
1249,2017-03-09,0.19,6.0760000000000005,,,,,
1250,2017-03-10,0.15,6.162,,,,,
1251,2017-03-13,0.49,5.518000000000001,,,,,
1252,2017-03-15,0.2,5.6530000000000005,,,,,
1253,2017-03-16,0.32,5.3115,,,,,
1254,2017-03-17,0.77,4.9425,,,,,
1255,2017-03-20,0.44,5.301,,,,,
1256,2017-03-21,0.45,5.957000000000001,,,,,
1257,2017-03-22,0.25,6.191000000000001,,,,,
1258,2017-03-23,0.26,6.670999999999999,,,,,
1259,2017-03-27,0.3,6.2170000000000005,,,,,
1260,2017-03-28,0.31,5.7115,,,,,
1261,2017-03-29,0.23,5.5845,,,,,
1262,2010-11-01,,4.6610000000000005,,,,,
1263,2010-11-02,,4.622,,,,,
1264,2010-11-03,,4.683,,,,,
1265,2010-11-04,,4.133,,,,,
1266,2010-11-06,,4.843,,,,,
1267,2010-11-07,,5.579,,,,,
1268,2010-11-13,,4.1865000000000006,,,,,
1269,2010-11-14,,4.4905,,,,,
1270,2010-11-20,,5.975,,,,,
1271,2010-11-21,,5.185,,,,,
1272,2010-11-25,,3.977,,,,,
1273,2010-11-26,,3.782,,,,,
1274,2010-11-27,,3.964,,,,,
1275,2010-11-28,,4.563,,,,,
1276,2010-11-29,,4.746,,,,,
1277,2010-11-30,,5.081,,,,,
1278,2010-12-05,,5.7909999999999995,,,,,
1279,2010-12-09,,4.718999999999999,,,,,
1280,2010-12-11,,4.481,,,,,
1281,2010-12-12,,4.54,,,,,
1282,2010-12-18,,5.9755,,,,,
1283,2010-12-24,,4.006,,,,,
1284,2010-12-25,,3.9219999999999997,,,,,
1285,2010-12-26,,4.023,,,,,
1286,2010-12-30,,4.455,,,,,
1287,2010-12-31,,4.2139999999999995,,,,,
1288,2011-01-01,,4.427,,,,,
1289,2011-01-08,,5.004,,,,,
1290,2011-01-09,,5.109,,,,,
1291,2011-01-16,,5.144,,,,,
1292,2011-01-22,,5.114,,,,,
1293,2011-01-27,,5.314,,,,,
1294,2011-01-28,,4.853,,,,,
1295,2011-01-29,,4.9639999999999995,,,,,
1296,2011-01-30,,5.416,,,,,
1297,2011-01-31,,4.938,,,,,
1298,2011-02-05,,4.772500000000001,,,,,
1299,2011-02-06,,4.7055,,,,,
1300,2011-02-13,,4.828,,,,,
1301,2011-02-19,,4.731,,,,,
1302,2011-02-20,,4.6385000000000005,,,,,
1303,2011-02-26,,5.002000000000001,,,,,
1304,2011-02-27,,6.1025,,,,,
1305,2011-03-05,,6.02,,,,,
1306,2011-03-06,,6.2765,,,,,
1307,2011-03-12,,5.9795,,,,,
1308,2011-03-13,,5.8995,,,,,
1309,2011-03-19,,5.843,,,,,
1310,2011-03-20,,6.156000000000001,,,,,
1311,2011-03-26,,7.1915,,,,,
1312,2011-03-27,,7.4265,,,,,
1313,2011-04-02,,6.68,,,,,
1314,2011-04-03,,6.525,,,,,
1315,2011-04-16,,6.719,,,,,
1316,2011-04-17,,6.5715,,,,,
1317,2011-04-23,,6.010999999999999,,,,,
1318,2011-04-24,,6.4285,,,,,
1319,2011-04-30,,4.332,,,,,
1320,2011-05-01,,6.204,,,,,
1321,2011-05-07,,5.1105,,,,,
1322,2011-05-08,,5.0665,,,,,
1323,2011-05-14,,4.965,,,,,
1324,2011-05-15,,5.4275,,,,,
1325,2011-05-21,,4.878,,,,,
1326,2011-05-28,,4.8195,,,,,
1327,2011-06-03,,4.95,,,,,
1328,2011-06-04,,5.1205,,,,,
1329,2011-06-05,,4.8925,,,,,
1330,2011-06-18,,4.627,,,,,
1331,2011-06-19,,4.429,,,,,
1332,2011-06-25,,4.768,,,,,
1333,2011-06-30,,5.074,,,,,
1334,2011-07-02,,4.903499999999999,,,,,
1335,2011-07-03,,4.768,,,,,
1336,2011-07-09,,4.529,,,,,
1337,2011-07-10,,4.5445,,,,,
1338,2011-07-22,,4.557,,,,,
1339,2011-07-23,,4.769500000000001,,,,,
1340,2011-07-29,,4.832,,,,,
1341,2011-07-30,,4.5280000000000005,,,,,
1342,2011-07-31,,4.75,,,,,
1343,2011-08-01,,5.282,,,,,
1344,2011-08-07,,4.496,,,,,
1345,2011-08-13,,4.421,,,,,
1346,2011-08-14,,4.677,,,,,
1347,2011-08-20,,4.299,,,,,
1348,2011-08-21,,4.4005,,,,,
1349,2011-08-27,,4.308,,,,,
1350,2011-08-31,,4.619,,,,,
1351,2011-09-01,,5.561,,,,,
1352,2011-09-03,,4.499,,,,,
1353,2011-09-04,,3.8025,,,,,
1354,2011-09-05,,4.0705,,,,,
1355,2011-09-10,,4.1455,,,,,
1356,2011-09-11,,3.8945,,,,,
1357,2011-09-17,,4.382,,,,,
1358,2011-09-18,,4.021,,,,,
1359,2011-09-24,,3.7275,,,,,
1360,2011-09-25,,3.94,,,,,
1361,2011-10-01,,3.8435,,,,,
1362,2011-10-07,,3.968,,,,,
1363,2011-10-08,,4.2055,,,,,
1364,2011-10-09,,4.1339999999999995,,,,,
1365,2011-10-16,,4.2465,,,,,
1366,2011-10-22,,3.937,,,,,
1367,2011-10-23,,4.1165,,,,,
1368,2011-10-29,,4.2285,,,,,
1369,2011-11-05,,4.43,,,,,
1370,2011-11-11,,4.688000000000001,,,,,
1371,2011-11-12,,4.4315,,,,,
1372,2011-11-13,,4.48,,,,,
1373,2011-11-19,,4.7385,,,,,
1374,2011-11-20,,4.5705,,,,,
1375,2011-11-26,,4.256500000000001,,,,,
1376,2011-12-02,,4.4365000000000006,,,,,
1377,2011-12-03,,4.3215,,,,,
1378,2011-12-04,,4.633,,,,,
1379,2011-12-10,,4.532500000000001,,,,,
1380,2011-12-11,,4.545999999999999,,,,,
1381,2011-12-17,,4.273,,,,,
1382,2011-12-23,,3.964,,,,,
1383,2011-12-24,,3.875,,,,,
1384,2011-12-25,,3.515,,,,,
1385,2011-12-30,,4.008,,,,,
1386,2011-12-31,,3.909,,,,,
1387,2012-01-01,,3.8810000000000002,,,,,
1388,2012-01-02,,4.592,,,,,
1389,2012-01-08,,4.3260000000000005,,,,,
1390,2012-01-14,,4.5760000000000005,,,,,
1391,2012-01-15,,4.6495,,,,,
1392,2012-01-21,,5.8065,,,,,
1393,2012-01-28,,4.8580000000000005,,,,,
1394,2012-02-04,,4.8565000000000005,,,,,
1395,2012-02-05,,4.954,,,,,
1396,2012-02-11,,4.885,,,,,
1397,2012-02-12,,5.228,,,,,
1398,2012-02-18,,4.866999999999999,,,,,
1399,2012-02-19,,4.7485,,,,,
1400,2012-02-25,,4.471500000000001,,,,,
1401,2012-02-29,,5.172000000000001,,,,,
1402,2012-03-03,,4.4745,,,,,
1403,2012-03-04,,4.5945,,,,,
1404,2012-03-10,,4.368,,,,,
1405,2012-03-11,,4.96,,,,,
1406,2012-03-12,,4.73,,,,,
1407,2012-03-13,,4.77,,,,,
1408,2012-03-14,,5.095,,,,,
1409,2012-03-15,,4.757,,,,,
1410,2012-03-16,,5.053999999999999,,,,,
1411,2012-03-17,,5.223,,,,,
1412,2012-03-18,,5.2,,,,,
1413,2012-03-20,,4.922,,,,,
1414,2012-03-21,,4.904,,,,,
1415,2012-03-22,,4.867,,,,,
1416,2012-03-24,,4.832,,,,,
1417,2012-03-25,,4.837,,,,,
1418,2012-03-26,,4.3660000000000005,,,,,
1419,2012-03-27,,4.754,,,,,
1420,2012-03-28,,4.195,,,,,
1421,2012-03-29,,4.303,,,,,
1422,2012-03-30,,4.272,,,,,
1423,2012-03-31,,4.577,,,,,
1424,2012-04-04,,5.27,,,,,
1425,2012-04-07,,4.4635,,,,,
1426,2012-04-08,,4.484999999999999,,,,,
1427,2012-04-21,,4.75,,,,,
1428,2012-04-22,,4.804,,,,,
1429,2012-04-28,,4.3420000000000005,,,,,
1430,2012-05-02,,5.207000000000001,,,,,
1431,2012-05-05,,4.3375,,,,,
1432,2012-05-06,,4.4399999999999995,,,,,
1433,2012-05-12,,4.48,,,,,
1434,2012-05-13,,4.6085,,,,,
1435,2012-05-19,,4.291,,,,,
1436,2012-05-20,,4.5275,,,,,
1437,2012-05-26,,4.3309999999999995,,,,,
1438,2012-05-31,,5.129,,,,,
1439,2012-06-02,,4.1575,,,,,
1440,2012-06-03,,4.253,,,,,
1441,2012-06-15,,4.195,,,,,
1442,2012-06-16,,3.9770000000000003,,,,,
1443,2012-06-17,,3.8985,,,,,
1444,2012-06-24,,4.1095,,,,,
1445,2012-06-30,,4.146,,,,,
1446,2012-07-01,,4.78,,,,,
1447,2012-07-07,,4.134,,,,,
1448,2012-07-08,,4.088,,,,,
1449,2012-07-21,,3.8505000000000003,,,,,
1450,2012-07-22,,3.9305,,,,,
1451,2012-07-28,,3.3760000000000003,,,,,
1452,2012-07-29,,3.4475,,,,,
1453,2012-08-04,,3.2344999999999997,,,,,
1454,2012-08-05,,3.2859999999999996,,,,,
1455,2012-08-11,,3.21,,,,,
1456,2012-08-12,,3.2410000000000005,,,,,
1457,2012-08-25,,2.7955,,,,,
1458,2012-08-26,,3.0635,,,,,
1459,2012-09-01,,3.2155000000000005,,,,,
1460,2012-09-02,,3.2060000000000004,,,,,
1461,2012-09-22,,3.5569999999999995,,,,,
1462,2012-09-23,,3.5125,,,,,
1463,2012-09-29,,3.3425000000000002,,,,,
1464,2012-09-30,,3.6559999999999997,,,,,
1465,2012-10-06,,3.822,,,,,
1466,2012-10-07,,3.8055000000000003,,,,,
1467,2012-10-13,,3.4675,,,,,
1468,2012-10-14,,3.6635,,,,,
1469,2012-10-20,,3.533,,,,,
1470,2012-10-22,,4.931,,,,,
1471,2012-10-23,,4.465,,,,,
1472,2012-10-24,,4.447,,,,,
1473,2012-10-25,,4.3919999999999995,,,,,
1474,2012-10-26,,4.463,,,,,
1475,2012-10-27,,4.629,,,,,
1476,2012-10-28,,4.7589999999999995,,,,,
1477,2012-11-03,,3.8960000000000004,,,,,
1478,2012-11-04,,3.8865,,,,,
1479,2012-11-11,,3.8465,,,,,
1480,2012-11-17,,4.4895,,,,,
1481,2012-11-18,,4.005,,,,,
1482,2012-11-24,,3.5555000000000003,,,,,
1483,2012-11-25,,3.8389999999999995,,,,,
1484,2012-12-01,,6.455500000000001,,,,,
1485,2012-12-02,,3.5625000000000004,,,,,
1486,2012-12-05,,4.861000000000001,,,,,
1487,2012-12-06,,4.7589999999999995,,,,,
1488,2012-12-08,,4.904,,,,,
1489,2012-12-14,,4.2325,,,,,
1490,2012-12-15,,3.8365,,,,,
1491,2012-12-16,,4.17,,,,,
1492,2012-12-22,,6.737500000000001,,,,,
1493,2012-12-23,,6.6615,,,,,
1494,2012-12-29,,4.306,,,,,
1495,2012-12-30,,4.2015,,,,,
1496,2013-01-05,,5.4375,,,,,
1497,2013-01-06,,5.188000000000001,,,,,
1498,2013-01-12,,5.006,,,,,
1499,2013-01-13,,5.148,,,,,
1500,2013-01-20,,5.007000000000001,,,,,
1501,2013-01-26,,5.2490000000000006,,,,,
1502,2013-01-27,,5.287999999999999,,,,,
1503,2013-02-03,,5.228999999999999,,,,,
1504,2013-02-09,,5.1305,,,,,
1505,2013-02-10,,5.2615,,,,,
1506,2013-02-17,,5.117,,,,,
1507,2013-02-23,,4.7459999999999996,,,,,
1508,2013-02-24,,4.6375,,,,,
1509,2013-03-07,,4.7235,,,,,
1510,2013-03-10,,4.3335,,,,,
1511,2013-03-17,,4.6115,,,,,
1512,2013-03-23,,4.5545,,,,,
1513,2013-03-24,,4.3975,,,,,
1514,2013-03-30,,4.232,,,,,
1515,2013-03-31,,4.3815,,,,,
1516,2013-04-06,,4.6285,,,,,
1517,2013-04-07,,4.779,,,,,
1518,2013-04-08,,2.5435,,,,,
1519,2013-04-20,,5.09,,,,,
1520,2013-04-21,,5.409,,,,,
1521,2013-04-27,,4.848000000000001,,,,,
1522,2013-04-28,,4.9254999999999995,,,,,
1523,2013-05-05,,3.503,,,,,
1524,2013-05-11,,3.8979999999999997,,,,,
1525,2013-05-12,,3.9585,,,,,
1526,2013-05-16,,4.027,,,,,
1527,2013-05-19,,3.699,,,,,
1528,2013-05-26,,3.9559999999999995,,,,,
1529,2013-06-01,,3.9619999999999997,,,,,
1530,2013-06-02,,4.051,,,,,
1531,2013-06-08,,3.9130000000000003,,,,,
1532,2013-06-09,,3.924,,,,,
1533,2013-06-15,,3.989,,,,,
1534,2013-06-16,,3.657,,,,,
1535,2013-06-22,,3.7739999999999996,,,,,
1536,2013-06-23,,3.7359999999999998,,,,,
1537,2013-06-29,,3.9405,,,,,
1538,2013-07-04,,3.7865,,,,,
1539,2013-07-06,,3.5484999999999998,,,,,
1540,2013-07-07,,3.466,,,,,
1541,2013-07-13,,4.029999999999999,,,,,
1542,2013-07-14,,4.183,,,,,
1543,2013-07-20,,3.378,,,,,
1544,2013-07-21,,3.5134999999999996,,,,,
1545,2013-07-27,,3.375,,,,,
1546,2013-07-31,,3.4945,,,,,
1547,2013-08-01,,4.83,,,,,
1548,2013-08-02,,4.459,,,,,
1549,2013-08-03,,4.404,,,,,
1550,2013-08-04,,4.33,,,,,
1551,2013-08-10,,3.548,,,,,
1552,2013-08-11,,3.3835,,,,,
1553,2013-08-17,,3.2889999999999997,,,,,
1554,2013-08-18,,3.3394999999999997,,,,,
1555,2013-08-24,,3.2744999999999997,,,,,
1556,2013-08-29,,4.832,,,,,
1557,2013-08-30,,4.584,,,,,
1558,2013-08-31,,4.539,,,,,
1559,2013-09-01,,4.584,,,,,
1560,2013-09-02,,4.365,,,,,
1561,2013-09-08,,3.6005,,,,,
1562,2013-09-14,,3.5545,,,,,
1563,2013-09-15,,3.6905,,,,,
1564,2013-09-21,,3.4604999999999997,,,,,
1565,2013-09-23,,3.8685,,,,,
1566,2013-09-24,,4.68,,,,,
1567,2013-09-25,,4.9030000000000005,,,,,
1568,2013-09-26,,4.663,,,,,
1569,2013-09-28,,4.465,,,,,
1570,2013-09-29,,4.467,,,,,
1571,2013-09-30,,4.954,,,,,
1572,2013-10-06,,3.4365,,,,,
1573,2013-10-12,,3.5619999999999994,,,,,
1574,2013-10-13,,3.5065,,,,,
1575,2013-10-19,,3.6395,,,,,
1576,2013-10-20,,3.6179999999999994,,,,,
1577,2013-10-26,,3.4269999999999996,,,,,
1578,2013-11-01,,4.893,,,,,
1579,2013-11-02,,4.74,,,,,
1580,2013-11-08,,3.8175,,,,,
1581,2013-11-09,,3.573,,,,,
1582,2013-11-10,,3.5515,,,,,
1583,2013-11-16,,3.5425000000000004,,,,,
1584,2013-11-17,,3.6965,,,,,
1585,2013-11-23,,3.334,,,,,
1586,2013-11-24,,5.164,,,,,
1587,2013-11-25,,4.8580000000000005,,,,,
1588,2013-11-26,,4.716,,,,,
1589,2013-11-27,,4.718,,,,,
1590,2013-11-28,,4.535,,,,,
1591,2013-11-29,,3.9139999999999997,,,,,
1592,2013-11-30,,3.772,,,,,
1593,2013-12-01,,3.94,,,,,
1594,2013-12-06,,4.145,,,,,
1595,2013-12-07,,4.5995,,,,,
1596,2013-12-08,,4.2305,,,,,
1597,2013-12-13,,4.0835,,,,,
1598,2013-12-14,,4.074,,,,,
1599,2013-12-15,,3.9795,,,,,
1600,2013-12-20,,3.442,,,,,
1601,2013-12-21,,4.321000000000001,,,,,
1602,2013-12-22,,3.947,,,,,
1603,2013-12-23,,3.805,,,,,
1604,2013-12-24,,3.845,,,,,
1605,2013-12-25,,3.77,,,,,
1606,2013-12-26,,3.4339999999999997,,,,,
1607,2013-12-27,,3.625,,,,,
1608,2013-12-28,,3.6519999999999997,,,,,
1609,2013-12-29,,3.737,,,,,
1610,2013-12-30,,3.7710000000000004,,,,,
1611,2013-12-31,,3.813,,,,,
1612,2014-01-01,,3.903,,,,,
1613,2014-01-02,,3.734,,,,,
1614,2014-01-03,,3.9189999999999996,,,,,
1615,2014-01-04,,3.975,,,,,
1616,2014-01-07,,3.9665,,,,,
1617,2014-01-09,,3.7929999999999997,,,,,
1618,2014-01-11,,4.0335,,,,,
1619,2014-01-12,,4.1555,,,,,
1620,2014-01-17,,4.053,,,,,
1621,2014-01-18,,4.05,,,,,
1622,2014-01-19,,4.045,,,,,
1623,2014-01-20,,3.9415,,,,,
1624,2014-01-25,,4.1735,,,,,
1625,2014-01-26,,4.2125,,,,,
1626,2014-01-31,,4.396,,,,,
1627,2014-02-01,,5.022,,,,,
1628,2014-02-02,,4.694,,,,,
1629,2014-02-07,,4.4545,,,,,
1630,2014-02-08,,4.8565000000000005,,,,,
1631,2014-02-09,,6.3265,,,,,
1632,2014-02-14,,4.393,,,,,
1633,2014-02-15,,4.3420000000000005,,,,,
1634,2014-02-16,,4.2405,,,,,
1635,2014-02-17,,4.125500000000001,,,,,
1636,2014-02-22,,4.0895,,,,,
1637,2014-02-23,,4.1505,,,,,
1638,2014-02-28,,4.415,,,,,
1639,2014-03-01,,5.182,,,,,
1640,2014-03-02,,4.182,,,,,
1641,2014-03-07,,2.8804999999999996,,,,,
1642,2014-03-08,,4.691,,,,,
1643,2014-03-09,,4.728,,,,,
1644,2014-03-10,,4.9639999999999995,,,,,
1645,2014-03-11,,4.798,,,,,
1646,2014-03-12,,4.65,,,,,
1647,2014-03-13,,3.695,,,,,
1648,2014-03-14,,4.795,,,,,
1649,2014-03-15,,4.688,,,,,
1650,2014-03-16,,4.828,,,,,
1651,2014-03-17,,4.939,,,,,
1652,2014-03-18,,4.664,,,,,
1653,2014-03-19,,4.638999999999999,,,,,
1654,2014-03-20,,4.671,,,,,
1655,2014-03-21,,4.65,,,,,
1656,2014-03-22,,4.7,,,,,
1657,2014-03-23,,4.684,,,,,
1658,2014-03-25,,4.02,,,,,
1659,2014-03-27,,3.93,,,,,
1660,2014-03-28,,3.847,,,,,
1661,2014-03-29,,3.9560000000000004,,,,,
1662,2014-03-30,,4.114,,,,,
1663,2014-03-31,,4.637,,,,,
1664,2014-04-05,,4.2895,,,,,
1665,2014-04-06,,4.045,,,,,
1666,2014-04-10,,3.7359999999999998,,,,,
1667,2014-04-12,,3.9770000000000003,,,,,
1668,2014-04-13,,3.8194999999999997,,,,,
1669,2014-04-19,,4.109999999999999,,,,,
1670,2014-04-20,,4.0775,,,,,
1671,2014-04-24,,4.5665,,,,,
1672,2014-04-26,,4.550000000000001,,,,,
1673,2014-05-01,,5.065,,,,,
1674,2014-05-02,,5.2010000000000005,,,,,
1675,2014-05-03,,4.68,,,,,
1676,2014-05-08,,3.8480000000000003,,,,,
1677,2014-05-10,,3.9255000000000004,,,,,
1678,2014-05-11,,3.8305,,,,,
1679,2014-05-16,,3.6225,,,,,
1680,2014-05-17,,3.6645000000000003,,,,,
1681,2014-05-18,,3.742,,,,,
1682,2014-05-20,,3.2569999999999997,,,,,
1683,2014-05-24,,3.2995,,,,,
1684,2014-05-25,,3.3495,,,,,
1685,2014-05-26,,3.3890000000000002,,,,,
1686,2014-05-30,,2.976,,,,,
1687,2014-05-31,,4.658,,,,,
1688,2014-06-03,,3.4635000000000002,,,,,
1689,2014-06-05,,3.2685,,,,,
1690,2014-06-07,,2.999,,,,,
1691,2014-06-08,,3.199,,,,,
1692,2014-06-13,,3.2474999999999996,,,,,
1693,2014-06-14,,3.3249999999999997,,,,,
1694,2014-06-15,,3.2985,,,,,
1695,2014-06-17,,3.124,,,,,
1696,2014-06-21,,2.839,,,,,
1697,2014-06-22,,3.123,,,,,
1698,2014-06-27,,2.8914999999999997,,,,,
1699,2014-06-28,,2.973,,,,,
1700,2014-06-29,,2.889,,,,,
1701,2014-07-04,,2.855,,,,,
1702,2014-07-05,,3.782,,,,,
1703,2014-07-06,,3.477,,,,,
1704,2014-07-11,,3.1295,,,,,
1705,2014-07-12,,3.1585,,,,,
1706,2014-07-13,,3.0975,,,,,
1707,2014-07-19,,3.088,,,,,
1708,2014-07-20,,3.138,,,,,
1709,2014-07-25,,3.176,,,,,
1710,2014-07-26,,2.675,,,,,
1711,2014-07-31,,2.9210000000000003,,,,,
1712,2014-08-01,,4.238,,,,,
1713,2014-08-02,,3.7230000000000003,,,,,
1714,2014-08-03,,3.608,,,,,
1715,2014-08-05,,3.065,,,,,
1716,2014-08-09,,2.7695,,,,,
1717,2014-08-10,,2.594,,,,,
1718,2014-08-15,,2.6325000000000003,,,,,
1719,2014-08-16,,2.6045,,,,,
1720,2014-08-17,,2.6799999999999997,,,,,
1721,2014-08-20,,2.7565,,,,,
1722,2014-08-23,,2.6145,,,,,
1723,2014-08-24,,2.794,,,,,
1724,2014-08-29,,3.11,,,,,
1725,2014-08-30,,3.3535,,,,,
1726,2014-08-31,,3.0629999999999997,,,,,
1727,2014-09-01,,3.657,,,,,
1728,2014-09-02,,3.9419999999999997,,,,,
1729,2014-09-03,,4.1610000000000005,,,,,
1730,2014-09-04,,3.7119999999999997,,,,,
1731,2014-09-05,,3.6889999999999996,,,,,
1732,2014-09-06,,3.698,,,,,
1733,2014-09-07,,3.6630000000000003,,,,,
1734,2014-09-11,,2.8215,,,,,
1735,2014-09-12,,2.95,,,,,
1736,2014-09-13,,3.1085000000000003,,,,,
1737,2014-09-14,,3.1775,,,,,
1738,2014-09-16,,2.9085,,,,,
1739,2014-09-20,,2.468,,,,,
1740,2014-09-24,,2.13,,,,,
1741,2014-09-25,,3.93,,,,,
1742,2014-09-26,,3.822,,,,,
1743,2014-09-27,,4.048,,,,,
1744,2014-09-28,,3.911,,,,,
1745,2014-09-29,,4.16,,,,,
1746,2014-09-30,,4.461,,,,,
1747,2014-10-01,,4.185,,,,,
1748,2014-10-02,,4.216,,,,,
1749,2014-10-03,,4.272,,,,,
1750,2014-10-04,,4.132,,,,,
1751,2014-10-05,,4.178999999999999,,,,,
1752,2014-10-07,,2.972,,,,,
1753,2014-10-09,,2.7455,,,,,
1754,2014-10-11,,2.8324999999999996,,,,,
1755,2014-10-12,,2.9189999999999996,,,,,
1756,2014-10-16,,2.7895,,,,,
1757,2014-10-17,,2.659,,,,,
1758,2014-10-18,,2.7695,,,,,
1759,2014-10-19,,2.734,,,,,
1760,2014-10-21,,2.7695,,,,,
1761,2014-10-23,,2.6195,,,,,
1762,2014-10-25,,2.717,,,,,
1763,2014-10-26,,2.9314999999999998,,,,,
1764,2014-10-31,,4.428999999999999,,,,,
1765,2014-11-01,,4.122,,,,,
1766,2014-11-02,,4.24,,,,,
1767,2014-11-04,,2.7575,,,,,
1768,2014-11-06,,2.586,,,,,
1769,2014-11-08,,3.1705000000000005,,,,,
1770,2014-11-09,,3.157,,,,,
1771,2014-11-11,,3.1875,,,,,
1772,2014-11-14,,3.5294999999999996,,,,,
1773,2014-11-15,,3.4565,,,,,
1774,2014-11-16,,3.4185,,,,,
1775,2014-11-18,,3.2815000000000003,,,,,
1776,2014-11-20,,3.7645,,,,,
1777,2014-11-22,,4.086,,,,,
1778,2014-11-23,,4.2669999999999995,,,,,
1779,2014-11-24,,4.263999999999999,,,,,
1780,2014-11-25,,4.462,,,,,
1781,2014-11-26,,4.078,,,,,
1782,2014-11-27,,4.004,,,,,
1783,2014-11-28,,3.384,,,,,
1784,2014-11-29,,3.259,,,,,
1785,2014-11-30,,3.6010000000000004,,,,,
1786,2014-12-02,,3.8325000000000005,,,,,
1787,2014-12-04,,6.8835,,,,,
1788,2014-12-06,,3.9805,,,,,
1789,2014-12-07,,4.1135,,,,,
1790,2014-12-09,,3.845,,,,,
1791,2014-12-12,,7.308,,,,,
1792,2014-12-13,,7.2365,,,,,
1793,2014-12-14,,4.877,,,,,
1794,2014-12-18,,4.503,,,,,
1795,2014-12-19,,4.1835,,,,,
1796,2014-12-20,,4.546,,,,,
1797,2014-12-21,,4.1080000000000005,,,,,
1798,2014-12-22,,3.819,,,,,
1799,2014-12-23,,4.067,,,,,
1800,2014-12-24,,3.636,,,,,
1801,2014-12-25,,3.4530000000000003,,,,,
1802,2014-12-26,,3.156,,,,,
1803,2014-12-27,,3.355,,,,,
1804,2014-12-28,,3.3810000000000002,,,,,
1805,2014-12-29,,3.4189999999999996,,,,,
1806,2014-12-30,,3.389,,,,,
1807,2014-12-31,,3.4139999999999997,,,,,
1808,2015-01-01,,3.5269999999999997,,,,,
1809,2015-01-02,,3.384,,,,,
1810,2015-01-03,,3.6489999999999996,,,,,
1811,2015-01-04,,3.83,,,,,
1812,2015-01-06,,3.9115,,,,,
1813,2015-01-09,,4.088,,,,,
1814,2015-01-10,,4.04,,,,,
1815,2015-01-11,,4.1265,,,,,
1816,2015-01-13,,4.1915000000000004,,,,,
1817,2015-01-16,,4.185499999999999,,,,,
1818,2015-01-17,,4.1945,,,,,
1819,2015-01-18,,4.111000000000001,,,,,
1820,2015-01-19,,4.084,,,,,
1821,2015-01-20,,4.2275,,,,,
1822,2015-01-24,,4.116,,,,,
1823,2015-01-25,,4.1815,,,,,
1824,2015-01-29,,4.0745000000000005,,,,,
1825,2015-01-30,,4.117,,,,,
1826,2015-01-31,,4.163,,,,,
1827,2015-02-01,,4.294,,,,,
1828,2015-02-03,,4.178999999999999,,,,,
1829,2015-02-04,,4.136,,,,,
1830,2015-02-05,,4.162,,,,,
1831,2015-02-06,,4.113,,,,,
1832,2015-02-07,,4.831,,,,,
1833,2015-02-08,,4.435,,,,,
1834,2015-02-10,,4.5475,,,,,
1835,2015-02-12,,4.6485,,,,,
1836,2015-02-14,,4.766,,,,,
1837,2015-02-15,,4.6915,,,,,
1838,2015-02-19,,4.3215,,,,,
1839,2015-02-20,,4.234999999999999,,,,,
1840,2015-02-21,,4.318,,,,,
1841,2015-02-22,,4.2795000000000005,,,,,
1842,2015-02-23,,4.321,,,,,
1843,2015-02-28,,3.674,,,,,
1844,2015-03-01,,3.6885000000000003,,,,,
1845,2015-03-05,,4.3675,,,,,
1846,2015-03-06,,4.4355,,,,,
1847,2015-03-07,,4.508,,,,,
1848,2015-03-08,,4.3454999999999995,,,,,
1849,2015-03-14,,4.258,,,,,
1850,2015-03-15,,4.6045,,,,,
1851,2015-03-19,,4.3740000000000006,,,,,
1852,2015-03-20,,4.4945,,,,,
1853,2015-03-21,,4.050000000000001,,,,,
1854,2015-03-22,,4.1475,,,,,
1855,2015-03-26,,3.3495,,,,,
1856,2015-03-27,,3.1630000000000003,,,,,
1857,2015-03-28,,2.8715,,,,,
1858,2015-03-29,,2.8505,,,,,
1859,2015-03-30,,3.988,,,,,
1860,2015-03-31,,4.0760000000000005,,,,,
1861,2015-04-01,,4.096,,,,,
1862,2015-04-02,,4.082,,,,,
1863,2015-04-03,,4.02,,,,,
1864,2015-04-04,,4.019,,,,,
1865,2015-04-05,,4.0889999999999995,,,,,
1866,2015-04-07,,4.015,,,,,
1867,2015-04-08,,4.167,,,,,
1868,2015-04-09,,4.0360000000000005,,,,,
1869,2015-04-10,,4.018,,,,,
1870,2015-04-11,,3.9760000000000004,,,,,
1871,2015-04-12,,4.044,,,,,
1872,2015-04-13,,4.211,,,,,
1873,2015-04-14,,3.9960000000000004,,,,,
1874,2015-04-15,,3.946,,,,,
1875,2015-04-16,,3.98,,,,,
1876,2015-04-17,,4.352,,,,,
1877,2015-04-18,,4.163,,,,,
1878,2015-04-19,,4.596,,,,,
1879,2015-04-20,,4.367,,,,,
1880,2015-04-21,,3.9739999999999998,,,,,
1881,2015-04-22,,3.964,,,,,
1882,2015-04-23,,3.9939999999999998,,,,,
1883,2015-04-24,,4.026,,,,,
1884,2015-04-25,,3.944,,,,,
1885,2015-04-26,,4.253,,,,,
1886,2015-04-27,,4.084,,,,,
1887,2015-04-28,,3.9930000000000003,,,,,
1888,2015-04-29,,3.9930000000000003,,,,,
1889,2015-04-30,,3.978,,,,,
1890,2015-05-01,,3.967,,,,,
1891,2015-05-02,,3.9530000000000003,,,,,
1892,2015-05-03,,4.005,,,,,
1893,2015-05-04,,4.163,,,,,
1894,2015-05-09,,3.423,,,,,
1895,2015-05-10,,3.541,,,,,
1896,2015-05-22,,3.4749999999999996,,,,,
1897,2015-05-23,,3.3569999999999998,,,,,
1898,2015-05-24,,3.365,,,,,
1899,2015-05-25,,3.2845,,,,,
1900,2015-05-30,,3.5104999999999995,,,,,
1901,2015-05-31,,3.5355,,,,,
1902,2015-06-05,,3.4115,,,,,
1903,2015-06-06,,3.343,,,,,
1904,2015-06-07,,3.2989999999999995,,,,,
1905,2015-06-09,,3.4125,,,,,
1906,2015-06-11,,3.048,,,,,
1907,2015-06-13,,2.758,,,,,
1908,2015-06-14,,2.715,,,,,
1909,2015-06-18,,2.3735,,,,,
1910,2015-06-19,,2.388,,,,,
1911,2015-06-20,,2.4345,,,,,
1912,2015-06-21,,2.421,,,,,
1913,2015-06-24,,2.541,,,,,
1914,2015-06-26,,2.4265,,,,,
1915,2015-06-27,,2.3315,,,,,
1916,2015-06-28,,2.2845,,,,,
1917,2015-07-02,,2.1875,,,,,
1918,2015-07-03,,2.3005,,,,,
1919,2015-07-04,,2.2295,,,,,
1920,2015-07-05,,2.178,,,,,
1921,2015-07-09,,2.4094999999999995,,,,,
1922,2015-07-11,,3.4610000000000003,,,,,
1923,2015-07-12,,3.41,,,,,
1924,2015-07-13,,3.509,,,,,
1925,2015-07-14,,3.491,,,,,
1926,2015-07-15,,3.8339999999999996,,,,,
1927,2015-07-16,,3.489,,,,,
1928,2015-07-17,,3.478,,,,,
1929,2015-07-18,,3.4010000000000002,,,,,
1930,2015-07-19,,3.3160000000000003,,,,,
1931,2015-07-20,,3.444,,,,,
1932,2015-07-21,,3.458,,,,,
1933,2015-07-22,,3.509,,,,,
1934,2015-07-23,,3.485,,,,,
1935,2015-07-24,,3.516,,,,,
1936,2015-07-25,,3.5260000000000002,,,,,
1937,2015-07-26,,3.443,,,,,
1938,2015-07-27,,3.549,,,,,
1939,2015-07-28,,3.4739999999999998,,,,,
1940,2015-07-29,,3.4619999999999997,,,,,
1941,2015-07-30,,3.4619999999999997,,,,,
1942,2015-07-31,,3.4939999999999998,,,,,
1943,2015-08-01,,3.45,,,,,
1944,2015-08-02,,3.31,,,,,
1945,2015-08-06,,3.05,,,,,
1946,2015-08-08,,2.605,,,,,
1947,2015-08-09,,2.445,,,,,
1948,2015-08-12,,2.34,,,,,
1949,2015-08-15,,2.375,,,,,
1950,2015-08-16,,2.3899999999999997,,,,,
1951,2015-08-19,,2.5949999999999998,,,,,
1952,2015-08-21,,2.675,,,,,
1953,2015-08-22,,3.45,,,,,
1954,2015-08-23,,3.43,,,,,
1955,2015-08-24,,3.53,,,,,
1956,2015-08-25,,3.35,,,,,
1957,2015-08-26,,3.49,,,,,
1958,2015-08-27,,3.69,,,,,
1959,2015-08-28,,3.46,,,,,
1960,2015-08-29,,3.43,,,,,
1961,2015-08-30,,3.55,,,,,
1962,2015-08-31,,3.7,,,,,
1963,2015-09-02,,3.593,,,,,
1964,2015-09-03,,3.5860000000000003,,,,,
1965,2015-09-04,,3.588,,,,,
1966,2015-09-05,,3.51,,,,,
1967,2015-09-06,,3.4560000000000004,,,,,
1968,2015-09-07,,3.33,,,,,
1969,2015-09-08,,3.635,,,,,
1970,2015-09-09,,3.464,,,,,
1971,2015-09-10,,3.4539999999999997,,,,,
1972,2015-09-11,,3.4210000000000003,,,,,
1973,2015-09-12,,3.378,,,,,
1974,2015-09-13,,3.458,,,,,
1975,2015-09-14,,3.5839999999999996,,,,,
1976,2015-09-15,,3.437,,,,,
1977,2015-09-16,,3.408,,,,,
1978,2015-09-17,,3.446,,,,,
1979,2015-09-18,,3.511,,,,,
1980,2015-09-19,,3.487,,,,,
1981,2015-09-20,,3.5639999999999996,,,,,
1982,2015-09-21,,3.76,,,,,
1983,2015-09-22,,3.6689999999999996,,,,,
1984,2015-09-23,,3.745,,,,,
1985,2015-09-24,,3.842,,,,,
1986,2015-09-25,,3.801,,,,,
1987,2015-09-26,,3.741,,,,,
1988,2015-09-27,,3.842,,,,,
1989,2015-09-28,,3.983,,,,,
1990,2015-09-29,,3.847,,,,,
1991,2015-09-30,,3.845,,,,,
1992,2015-10-01,,3.77,,,,,
1993,2015-10-02,,4.09,,,,,
1994,2015-10-03,,3.82,,,,,
1995,2015-10-04,,3.81,,,,,
1996,2015-10-07,,2.875,,,,,
1997,2015-10-09,,3.04,,,,,
1998,2015-10-10,,2.96,,,,,
1999,2015-10-11,,3.0949999999999998,,,,,
2000,2015-10-13,,3.0700000000000003,,,,,
2001,2015-10-15,,2.9850000000000003,,,,,
2002,2015-10-17,,3.09,,,,,
2003,2015-10-18,,2.9699999999999998,,,,,
2004,2015-10-21,,3.8,,,,,
2005,2015-10-22,,3.76,,,,,
2006,2015-10-23,,3.82,,,,,
2007,2015-10-24,,3.77,,,,,
2008,2015-10-25,,3.8,,,,,
2009,2015-10-26,,4.01,,,,,
2010,2015-10-27,,4.15,,,,,
2011,2015-10-28,,3.76,,,,,
2012,2015-10-29,,3.74,,,,,
2013,2015-10-30,,3.77,,,,,
2014,2015-10-31,,3.74,,,,,
2015,2015-11-01,,3.96,,,,,
2016,2015-11-02,,4.115,,,,,
2017,2015-11-04,,3.8310000000000004,,,,,
2018,2015-11-05,,3.805,,,,,
2019,2015-11-06,,3.821,,,,,
2020,2015-11-07,,3.804,,,,,
2021,2015-11-08,,3.8760000000000003,,,,,
2022,2015-11-09,,4.044,,,,,
2023,2015-11-10,,3.884,,,,,
2024,2015-11-11,,3.696,,,,,
2025,2015-11-12,,4.011,,,,,
2026,2015-11-13,,3.7760000000000002,,,,,
2027,2015-11-14,,3.736,,,,,
2028,2015-11-15,,3.813,,,,,
2029,2015-11-16,,4.037,,,,,
2030,2015-11-17,,3.827,,,,,
2031,2015-11-18,,3.8280000000000003,,,,,
2032,2015-11-19,,3.8360000000000003,,,,,
2033,2015-11-20,,3.832,,,,,
2034,2015-11-21,,3.832,,,,,
2035,2015-11-22,,3.938,,,,,
2036,2015-11-23,,3.9530000000000003,,,,,
2037,2015-11-24,,3.807,,,,,
2038,2015-11-25,,3.832,,,,,
2039,2015-11-26,,3.753,,,,,
2040,2015-11-27,,3.2319999999999998,,,,,
2041,2015-11-28,,3.096,,,,,
2042,2015-11-29,,3.302,,,,,
2043,2015-11-30,,3.766,,,,,
2044,2015-12-02,,3.7910000000000004,,,,,
2045,2015-12-03,,3.74,,,,,
2046,2015-12-04,,3.779,,,,,
2047,2015-12-05,,3.765,,,,,
2048,2015-12-06,,3.92,,,,,
2049,2015-12-07,,3.971,,,,,
2050,2015-12-08,,3.4974999999999996,,,,,
2051,2015-12-12,,3.2545,,,,,
2052,2015-12-13,,3.2670000000000003,,,,,
2053,2015-12-17,,3.091,,,,,
2054,2015-12-18,,3.0414999999999996,,,,,
2055,2015-12-19,,3.207,,,,,
2056,2015-12-20,,3.252,,,,,
2057,2015-12-21,,3.234,,,,,
2058,2015-12-22,,3.207,,,,,
2059,2015-12-23,,3.178,,,,,
2060,2015-12-24,,3.116,,,,,
2061,2015-12-25,,3.029,,,,,
2062,2015-12-26,,2.74,,,,,
2063,2015-12-27,,2.906,,,,,
2064,2015-12-28,,3.017,,,,,
2065,2015-12-29,,3.4560000000000004,,,,,
2066,2015-12-30,,3.1710000000000003,,,,,
2067,2015-12-31,,3.117,,,,,
2068,2016-01-01,,3.219,,,,,
2069,2016-01-02,,3.1210000000000004,,,,,
2070,2016-01-03,,3.4160000000000004,,,,,
2071,2016-01-07,,4.811,,,,,
2072,2016-01-08,,3.365,,,,,
2073,2016-01-09,,3.338,,,,,
2074,2016-01-10,,3.561,,,,,
2075,2016-01-12,,3.3715,,,,,
2076,2016-01-14,,3.8115,,,,,
2077,2016-01-16,,3.886,,,,,
2078,2016-01-17,,3.779,,,,,
2079,2016-01-18,,4.673500000000001,,,,,
2080,2016-01-20,,2.568,,,,,
2081,2016-01-21,,3.8489999999999998,,,,,
2082,2016-01-22,,3.7769999999999997,,,,,
2083,2016-01-23,,3.903,,,,,
2084,2016-01-24,,4.013999999999999,,,,,
2085,2016-01-25,,4.117,,,,,
2086,2016-01-26,,3.823,,,,,
2087,2016-01-27,,3.8139999999999996,,,,,
2088,2016-01-28,,3.375,,,,,
2089,2016-01-29,,3.792,,,,,
2090,2016-01-30,,3.7739999999999996,,,,,
2091,2016-01-31,,3.91,,,,,
2092,2016-02-04,,3.2275,,,,,
2093,2016-02-05,,3.7335,,,,,
2094,2016-02-06,,3.5565,,,,,
2095,2016-02-07,,3.5755,,,,,
2096,2016-02-09,,3.921,,,,,
2097,2016-02-11,,3.689,,,,,
2098,2016-02-13,,3.6094999999999997,,,,,
2099,2016-02-14,,3.253,,,,,
2100,2016-02-15,,3.0595,,,,,
2101,2016-02-18,,2.3015,,,,,
2102,2016-02-19,,3.8169999999999997,,,,,
2103,2016-02-20,,3.764,,,,,
2104,2016-02-21,,3.906,,,,,
2105,2016-02-26,,3.827,,,,,
2106,2016-02-27,,3.763,,,,,
2107,2016-02-28,,3.8139999999999996,,,,,
2108,2016-03-03,,3.7735,,,,,
2109,2016-03-04,,4.164,,,,,
2110,2016-03-05,,4.083,,,,,
2111,2016-03-06,,4.6185,,,,,
2112,2016-03-08,,6.127,,,,,
2113,2016-03-11,,8.153,,,,,
2114,2016-03-12,,7.8645,,,,,
2115,2016-03-13,,7.5245,,,,,
2116,2016-03-15,,7.5280000000000005,,,,,
2117,2016-03-17,,6.4485,,,,,
2118,2016-03-19,,5.3675,,,,,
2119,2016-03-20,,5.5489999999999995,,,,,
2120,2016-03-21,,5.2145,,,,,
2121,2016-03-25,,4.8725,,,,,
2122,2016-03-26,,4.723,,,,,
2123,2016-03-27,,4.596,,,,,
2124,2016-03-31,,4.888,,,,,
2125,2016-04-01,,5.070499999999999,,,,,
2126,2016-04-02,,4.736000000000001,,,,,
2127,2016-04-03,,4.398,,,,,
2128,2016-04-07,,4.258,,,,,
2129,2016-04-09,,3.9650000000000003,,,,,
2130,2016-04-10,,4.21,,,,,
2131,2016-04-12,,4.468,,,,,
2132,2016-04-14,,4.4205,,,,,
2133,2016-04-16,,4.212,,,,,
2134,2016-04-17,,4.1635,,,,,
2135,2016-04-19,,3.9130000000000003,,,,,
2136,2016-04-20,,3.8689999999999998,,,,,
2137,2016-04-21,,3.861,,,,,
2138,2016-04-22,,3.909,,,,,
2139,2016-04-23,,3.79,,,,,
2140,2016-04-24,,3.918,,,,,
2141,2016-04-25,,4.074,,,,,
2142,2016-04-26,,3.8539999999999996,,,,,
2143,2016-04-27,,3.8289999999999997,,,,,
2144,2016-04-28,,3.948,,,,,
2145,2016-04-29,,4.399,,,,,
2146,2016-04-30,,4.0,,,,,
2147,2016-05-01,,3.9189999999999996,,,,,
2148,2016-05-02,,4.119,,,,,
2149,2016-05-04,,4.127,,,,,
2150,2016-05-05,,4.001,,,,,
2151,2016-05-06,,3.995,,,,,
2152,2016-05-07,,3.978,,,,,
2153,2016-05-08,,4.001,,,,,
2154,2016-05-09,,4.15,,,,,
2155,2016-05-10,,4.064,,,,,
2156,2016-05-11,,4.664,,,,,
2157,2016-05-12,,5.199,,,,,
2158,2016-05-13,,4.734,,,,,
2159,2016-05-14,,4.488,,,,,
2160,2016-05-15,,4.066,,,,,
2161,2016-05-16,,3.391,,,,,
2162,2016-05-19,,3.4450000000000003,,,,,
2163,2016-05-21,,3.5779999999999994,,,,,
2164,2016-05-22,,3.4685,,,,,
2165,2016-05-26,,3.091,,,,,
2166,2016-05-27,,4.399,,,,,
2167,2016-05-28,,2.7249999999999996,,,,,
2168,2016-05-29,,2.8445,,,,,
2169,2016-05-30,,2.825,,,,,
2170,2016-06-04,,2.9544999999999995,,,,,
2171,2016-06-05,,3.2219999999999995,,,,,
2172,2016-06-09,,2.9805,,,,,
2173,2016-06-10,,2.8040000000000003,,,,,
2174,2016-06-11,,2.8215,,,,,
2175,2016-06-12,,2.8345000000000002,,,,,
2176,2016-06-13,,2.8745000000000003,,,,,
2177,2016-06-17,,2.776,,,,,
2178,2016-06-18,,2.7705,,,,,
2179,2016-06-19,,2.6454999999999997,,,,,
2180,2016-06-20,,2.7015000000000002,,,,,
2181,2016-06-21,,2.7245,,,,,
2182,2016-06-25,,2.085,,,,,
2183,2016-06-26,,2.6155,,,,,
2184,2016-06-30,,2.543,,,,,
2185,2016-07-01,,3.864,,,,,
2186,2016-07-02,,3.4,,,,,
2187,2016-07-03,,3.27,,,,,
2188,2016-07-04,,3.201,,,,,
2189,2016-07-06,,3.4419999999999997,,,,,
2190,2016-07-07,,3.4139999999999997,,,,,
2191,2016-07-08,,3.411,,,,,
2192,2016-07-09,,3.417,,,,,
2193,2016-07-10,,3.446,,,,,
2194,2016-07-14,,3.122,,,,,
2195,2016-07-16,,3.2479999999999998,,,,,
2196,2016-07-17,,3.319,,,,,
2197,2016-07-19,,3.278,,,,,
2198,2016-07-23,,3.1144999999999996,,,,,
2199,2016-07-24,,3.5730000000000004,,,,,
2200,2016-07-29,,3.7824999999999998,,,,,
2201,2016-07-30,,3.704,,,,,
2202,2016-07-31,,3.779,,,,,
2203,2016-08-05,,3.3855,,,,,
2204,2016-08-06,,3.467,,,,,
2205,2016-08-07,,3.4194999999999998,,,,,
2206,2016-08-11,,3.2585,,,,,
2207,2016-08-13,,2.8915,,,,,
2208,2016-08-14,,2.8085000000000004,,,,,
2209,2016-08-19,,2.85,,,,,
2210,2016-08-20,,2.7800000000000002,,,,,
2211,2016-08-21,,2.4255,,,,,
2212,2016-08-25,,3.565,,,,,
2213,2016-08-26,,3.8,,,,,
2214,2016-08-27,,2.512,,,,,
2215,2016-08-28,,2.5805,,,,,
2216,2016-08-29,,3.707,,,,,
2217,2016-08-30,,3.5269999999999997,,,,,
2218,2016-08-31,,3.5269999999999997,,,,,
2219,2016-09-01,,3.87,,,,,
2220,2016-09-02,,3.737,,,,,
2221,2016-09-03,,3.4939999999999998,,,,,
2222,2016-09-04,,3.425,,,,,
2223,2016-09-05,,3.3169999999999997,,,,,
2224,2016-09-06,,3.66,,,,,
2225,2016-09-07,,3.548,,,,,
2226,2016-09-08,,3.4819999999999998,,,,,
2227,2016-09-09,,3.475,,,,,
2228,2016-09-10,,3.485,,,,,
2229,2016-09-11,,3.532,,,,,
2230,2016-09-12,,3.603,,,,,
2231,2016-09-14,,3.657,,,,,
2232,2016-09-15,,3.517,,,,,
2233,2016-09-16,,3.574,,,,,
2234,2016-09-17,,3.5469999999999997,,,,,
2235,2016-09-18,,3.638,,,,,
2236,2016-09-20,,2.9135,,,,,
2237,2016-09-24,,2.947,,,,,
2238,2016-09-25,,3.0309999999999997,,,,,
2239,2016-09-26,,4.42,,,,,
2240,2016-09-27,,3.8930000000000002,,,,,
2241,2016-09-28,,3.82,,,,,
2242,2016-09-29,,3.795,,,,,
2243,2016-09-30,,3.832,,,,,
2244,2016-10-01,,3.778,,,,,
2245,2016-10-02,,3.852,,,,,
2246,2016-10-03,,4.051,,,,,
2247,2016-10-05,,3.862,,,,,
2248,2016-10-06,,3.841,,,,,
2249,2016-10-07,,3.846,,,,,
2250,2016-10-08,,3.786,,,,,
2251,2016-10-09,,3.877,,,,,
2252,2016-10-10,,4.019,,,,,
2253,2016-10-11,,3.822,,,,,
2254,2016-10-12,,3.824,,,,,
2255,2016-10-13,,3.812,,,,,
2256,2016-10-14,,3.826,,,,,
2257,2016-10-15,,3.807,,,,,
2258,2016-10-16,,3.9810000000000003,,,,,
2259,2016-10-17,,4.164,,,,,
2260,2016-10-18,,3.862,,,,,
2261,2016-10-19,,3.873,,,,,
2262,2016-10-20,,3.8160000000000003,,,,,
2263,2016-10-21,,3.8939999999999997,,,,,
2264,2016-10-22,,3.793,,,,,
2265,2016-10-23,,3.821,,,,,
2266,2016-10-24,,4.02,,,,,
2267,2016-10-25,,3.8360000000000003,,,,,
2268,2016-10-26,,3.803,,,,,
2269,2016-10-27,,3.85,,,,,
2270,2016-10-28,,3.9960000000000004,,,,,
2271,2016-10-29,,3.986,,,,,
2272,2016-10-30,,4.022,,,,,
2273,2016-11-02,,3.965,,,,,
2274,2016-11-05,,3.846,,,,,
2275,2016-11-06,,3.846,,,,,
2276,2016-11-11,,3.403,,,,,
2277,2016-11-12,,3.375,,,,,
2278,2016-11-13,,3.1755,,,,,
2279,2016-11-15,,3.245,,,,,
2280,2016-11-19,,3.266,,,,,
2281,2016-11-24,,3.4314999999999998,,,,,
2282,2016-11-25,,3.109,,,,,
2283,2016-11-26,,3.216,,,,,
2284,2016-11-27,,3.3505,,,,,
2285,2016-12-02,,3.2525000000000004,,,,,
2286,2016-12-03,,4.163,,,,,
2287,2016-12-04,,3.1715,,,,,
2288,2016-12-08,,3.7750000000000004,,,,,
2289,2016-12-10,,3.5329999999999995,,,,,
2290,2016-12-11,,3.7504999999999997,,,,,
2291,2016-12-16,,5.7505,,,,,
2292,2016-12-17,,3.3095,,,,,
2293,2016-12-18,,2.9685,,,,,
2294,2016-12-23,,3.391,,,,,
2295,2016-12-24,,3.427,,,,,
2296,2016-12-25,,3.3089999999999997,,,,,
2297,2016-12-26,,2.946,,,,,
2298,2016-12-27,,3.208,,,,,
2299,2016-12-28,,3.233,,,,,
2300,2016-12-29,,3.215,,,,,
2301,2016-12-30,,3.2030000000000003,,,,,
2302,2016-12-31,,3.285,,,,,
2303,2017-01-01,,3.708,,,,,
2304,2017-01-02,,3.182,,,,,
2305,2017-01-04,,3.8110000000000004,,,,,
2306,2017-01-05,,3.591,,,,,
2307,2017-01-06,,3.9189999999999996,,,,,
2308,2017-01-07,,3.6180000000000003,,,,,
2309,2017-01-08,,4.83,,,,,
2310,2017-01-09,,6.032,,,,,
2311,2017-01-14,,4.465999999999999,,,,,
2312,2017-01-15,,4.895,,,,,
2313,2017-01-16,,4.753,,,,,
2314,2017-01-21,,6.59,,,,,
2315,2017-01-22,,6.272,,,,,
2316,2017-01-29,,6.9190000000000005,,,,,
2317,2017-02-03,,6.041666666666667,,,,,
2318,2017-02-04,,7.082,,,,,
2319,2017-02-05,,6.394666666666667,,,,,
2320,2017-02-08,,7.368333333333333,,,,,
2321,2017-02-11,,7.276,,,,,
2322,2017-02-12,,6.278666666666666,,,,,
2323,2017-02-16,,6.028,,,,,
2324,2017-02-18,,6.7185,,,,,
2325,2017-02-19,,5.971,,,,,
2326,2017-02-20,,6.320499999999999,,,,,
2327,2017-02-25,,6.7835,,,,,
2328,2017-02-26,,6.967,,,,,
2329,2017-03-03,,5.1835,,,,,
2330,2017-03-04,,5.2015,,,,,
2331,2017-03-05,,5.474,,,,,
2332,2017-03-07,,5.583,,,,,
2333,2017-03-11,,6.148,,,,,
2334,2017-03-12,,6.048500000000001,,,,,
2335,2017-03-14,,6.2295,,,,,
2336,2017-03-18,,6.172499999999999,,,,,
2337,2017-03-19,,5.8085,,,,,
2338,2017-03-24,,6.5435,,,,,
2339,2017-03-25,,6.311,,,,,
2340,2017-03-26,,6.1475,,,,,
2341,2017-03-30,,6.08,,,,,
