,Time,flow mgd,NH3 mg/L N,NO3 mg/L N,NO2 mg/L N
0,,5.17,,,
1,,5.63,,,
2,,5.64,26.3,,
3,,5.36,,,
4,,5.00,23.4,0.03,
5,,4.17,,,
6,,2.00,,,
7,,1.79,,,
8,,0.53,,,
9,,1.72,24.9,,
10,,2.02,,,
11,,3.16,22.3,,
12,,,,0.04,
13,,5.07,,,
14,,5.65,,,
15,,5.66,,,
16,,4.48,27.2,,
17,,3.69,,,
18,,5.58,,,
19,,5.12,,0.3,
20,,4.76,,,
21,,5.37,,,
22,,6.80,,,
23,,6.23,28.4,,
24,,5.08,,,
25,,4.73,22.1,0.01,
26,,4.61,,,
27,,4.92,,,
28,,5.44,,,
29,,5.69,,,
30,,5.27,25.1,,
31,,4.42,,,
32,,5.04,23.8,0.03,
33,,5.25,,,
34,,5.19,,,
35,,5.36,,,
36,,5.59,,,
37,,5.29,26.5,,
38,,5.19,,,
39,,5.06,22.0,0.02,
40,,5.54,,,
41,,5.80,,,
42,,5.64,,,
43,,7.16,,,
44,,5.83,,,
45,,3.52,,,
46,,5.44,22.1,0.03,
47,,5.39,,,
48,,6.45,,,
49,,6.46,,,
50,,6.49,,,
51,,6.43,,,
52,,6.64,,,
53,,5.25,21.3,0.34,
54,,6.19,,,
55,,6.38,,,
56,,5.56,,,
57,,5.70,,,
58,,5.87,,,
59,,4.45,24.3,,
60,,4.05,,,
61,,3.90,26.0,0.26,
62,,6.09,,,
63,,6.28,,,
64,,5.59,,,
65,,4.78,,,
66,,4.88,,,
67,,3.46,24.0,0.34,
68,,5.66,,,
69,,5.58,,,
70,,5.66,,,
71,,5.39,,,
72,,5.94,24.1,,
73,,6.86,,,
74,,5.53,22.7,0.26,
75,,5.71,,,
76,,3.63,,,
77,,5.43,,,
78,,4.86,,,
79,,5.01,24.0,,
80,,5.79,,,
81,,4.90,24.1,0.26,
82,,4.10,,,
83,,4.33,,,
84,,4.65,,,
85,,4.86,,,
86,,4.93,,,
87,,5.77,22.4,,
88,,5.77,25.0,0.22,
89,,4.42,,,
90,,,,,
91,,,,,
92,,,,,
93,,,,,
94,,,,,
95,,,,,
96,,,,,
97,,,,,
98,,,,,
99,,,,,
100,,,,,
101,,,,,
102,,5.16,33.0,0.13,
103,,5.70,,,
104,,2.05,,,
105,,,,,
106,,,,,
107,,,,,
108,,3.11,,,
109,,4.25,28.7,0.08,
110,,3.99,25.7,,
111,,5.37,,,
112,,5.30,,,
113,,5.32,,,
114,,5.32,26.0,,
115,,5.26,,,
116,,5.12,28.5,0.03,
117,,5.01,,,
118,,5.17,,,
119,,5.48,,,
120,,5.33,,,
121,,5.01,29.3,,
122,,,,,
123,,,,,
124,,,,,
125,,,,,
126,,,,,
127,,,,,
128,,,,,
129,,5.24,23.5,,
130,,5.30,23.5,0.49,
131,,5.33,,,
132,,5.32,,,
133,,5.36,,,
134,,*,,,
135,,0.06,28.9,0.4,
136,,,,,
137,,,,,
138,,,,,
139,,,,,
140,,,,,
141,,5.32,,,
142,,5.27,27.0,,
143,,5.31,,,
144,,5.26,22.0,,
145,,5.39,,0.37,
146,,5.22,,,
147,,5.32,,,
148,,5.34,,,
149,,5.15,,,
150,,5.04,23.5,0.58,
151,,,,,
152,,,,,
153,,,,,
154,,,,,
155,,,,,
156,,,,,
157,,,,,
158,,,,,
159,,,,,
160,,,,,
161,,,,,
162,,,,,
163,,,,,
164,,,,,
165,,,,,
166,,,,,
167,,,,,
168,,,,,
169,,,,,
170,,,,,
171,,,,,
172,,,,,
173,,5.40,16.4,2.1,
174,,5.21,,,
175,,5.20,,,
176,,5.18,,,
177,,5.24,13.9,,
178,,5.17,,,
179,,4.68,12.4,1.96,
180,,,,,
181,,,,,
182,,,,,
183,,,,,
184,,,,,
185,,,,,
186,,,,,
187,,,,,
188,,,,,
189,,,,,
190,,,,,
191,,,,,
192,,,,,
193,,,,,
194,,,,,
195,,,,,
196,,,,,
197,,,,,
198,,,,,
199,,,,,
200,,,,,
201,,,,,
202,,5.27,21.3,0.35,
203,,5.01,,,
204,,5.31,,,
205,,5.18,18.9,,
206,,5.12,,,
207,,5.35,16.1,1.36,
208,,5.05,,,
209,,,,,
210,,,,,
211,,,,,
212,,,,,
213,,,,,
214,,,,,
215,,,,,
216,,,,,
217,,,,,
218,,,,,
219,,,,,
220,,,,,
221,,,,,
222,,,,,
223,,,,,
224,,,,,
225,,,,,
226,,,,,
227,,,,,
228,,,,,
229,,,,,
230,,,,,
231,,,,,
232,,,,,
233,,6.58,24.0,0.47,
234,,5.93,,,
235,,5.72,,,
236,,5.97,,,
237,,6.04,,,
238,,5.85,,,
239,,5.63,,,
240,,,,,
241,,,,,
242,,,,,
243,,,,,
244,,5.06,18.5,0.62,
245,,5.31,,,
246,,5.28,,,
247,,,,,
248,,,,,
249,,,,,
250,,,,,
251,,,,,
252,,,,,
253,,,,,
254,,1.03,25.0,0.44,
255,,,,,
256,,3.96,19.6,,
257,,1.02,19.6,,
258,,,,,
259,,,,,
260,,,,,
261,,,,,
262,,,,,
263,,,,,
264,,,,,
265,,4.87,18.5,1.06,
266,,5.16,,,
267,,5.18,,,
268,,5.30,21.9,0.42,
269,,5.23,,,
270,,5.34,,,
271,,5.38,,,
272,,5.31,,,
273,,5.27,,,
274,,4.94,,,
275,,1.57,31.0,0.61,
276,,4.37,16.0,,
277,,4.33,17.0,,
278,,,,,
279,,,,,
280,,,,,
281,,,,,
282,,,,,
283,,,,,
284,,,,,
285,,,,,
286,,,,,
287,,,,,
288,,,,,
289,,,,,
290,,,,,
291,,,,,
292,,,,,
293,,,,,
294,,,,,
295,,,,,
296,,,,,
297,,,,,
298,,,,,
299,,5.43,17.0,2.46,
300,,6.05,,,
301,,5.75,,,
302,,5.83,,,
303,,5.98,,,
304,,5.99,,,
305,,5.28,19.8,3.00,
306,,4.98,,,
307,,5.00,,,
308,,5.26,,,
309,,5.31,,,
310,,5.21,,,
311,,4.81,,,
312,,4.88,18.4,3.82,
313,,5.05,,,
314,,5.13,,,
315,,4.91,,,
316,,5.18,,,
317,,5.22,,,
318,,4.97,22.8,,
319,,5.26,22.4,1.38,
320,,5.06,,,
321,,5.05,,,
322,,5.03,,,
323,,5.22,,,
324,,5.05,27.9,,
325,,4.94,21.3,,
326,,5.38,,0.94,
327,,5.77,,,
328,,5.67,,,
329,,5.36,,,
330,,5.28,,,
331,,5.34,36.6,,
332,,5.12,,,
333,,5.06,,0.74,
334,,5.13,,,
335,,5.14,,,
336,,4.94,,,
337,,5.22,,,
338,,5.12,,,
339,,4.78,,,
340,,5.02,32.6,0.54,
341,,5.20,,,
342,,5.11,,,
343,,4.92,,,
344,,5.05,,,
345,,5.09,26.4,,
346,,4.97,,,
347,,5.01,27.5,0.31,
348,,5.12,,,
349,,4.95,,,
350,,5.06,,,
351,,5.20,,,
352,,5.07,26.2,,
353,,4.95,,,
354,,5.14,29.9,0.1,
355,,5.18,,,
356,,5.09,,,
357,,5.07,,,
358,,5.19,,,
359,,5.08,,,
360,,5.02,29.8,,
361,,5.11,,0.0,
362,,5.31,29.6,,
363,,5.11,,,
364,,5.32,,,
365,,5.55,,,
366,,5.47,,,
367,,5.32,,,
368,,5.47,26.4,0.13,
369,,5.47,,,
370,,4.87,,,
371,,4.79,,,
372,,5.17,,,
373,,5.20,,,
374,,5.08,25.7,,
375,,5.20,26.8,0.08,
376,,5.26,,,
377,,5.10,,,
378,,5.18,,,
379,,5.10,,,
380,,5.36,25.9,,
381,,5.03,,,
382,,5.16,24.4,0.15,
383,,5.09,,,
384,,5.05,,,
385,,4.97,,,
386,,5.19,,,
387,,5.10,27.0,,
388,,5.02,,,
389,,5.07,,0.08,
390,,4.91,,,
391,,5.11,,,
392,,5.14,,,
393,,5.17,,,
394,,5.17,,,
395,,5.02,,,
396,,5.12,29.8,0.14,
397,,5.02,,,
398,,5.36,,,
399,,5.01,,,
400,,5.29,,,
401,,5.01,,,
402,,4.81,,,
403,,*,25.9,0.24,
404,,*,,,
405,,*,,,
406,,*,,,
407,,*,,,
408,,*,,,
409,,*,,,
410,,*,26.5,0.09,
411,,*,,,
412,,*,,,
413,,*,,,
414,,*,,,
415,,*,,,
416,,*,,,
417,,*,29.0,0.17,
418,,*,,,
419,,*,,,
420,,5.07,,,
421,,5.32,,,
422,,5.23,,,
423,,4.86,,,
424,,4.97,27.8,0.16,
425,,5.04,,,
426,,5.14,,,
427,,5.08,,,
428,,5.34,,,
429,,5.24,,,
430,,4.97,,,
431,,5.16,27.3,0.14,
432,,5.08,,,
433,,5.15,,,
434,,5.09,,,
435,,5.34,,,
436,,5.01,,,
437,,4.96,,,
438,,5.05,27.5,0.14,
439,,5.18,,,
440,,5.29,,,
441,,4.80,,,
442,,4.96,,,
443,,5.21,25.9,,
444,,5.03,,,
445,,5.12,26.2,0.47,
446,,2.89,23.8,,
447,,,,,
448,,,,,
449,,,,,
450,,,,,
451,,,,,
452,,,,,
453,,,,,
454,,,,,
455,,,,,
456,,,,,
457,,5.23,28.0,,
458,,5.27,26.5,,
459,,5.22,,0.82,
460,,5.12,,,
461,,4.97,,,
462,,5.18,,,
463,,5.29,,,
464,,4.96,,,
465,,4.93,,,
466,,4.95,27.0,0.29,
467,,5.14,,,
468,,4.80,,,
469,,4.42,,,
470,,5.11,,,
471,,5.00,26.2,0.18,
472,,3.94,,,
473,,0.61,,,
474,,,,,
475,,,,,
476,,,,,
477,,3.51,33.1,0.39,
478,,,,,
479,,,,,
480,,,,,
481,,,,,
482,,,,,
483,,,,,
484,,2.01,34.3,1.17,
485,,,,,
486,,,,,
487,,,,,
488,,,,,
489,,,,,
490,,0.60,24.8,4.01,
491,,*,,,
492,,*,17.9,,
493,,*,,,
494,,*,,4.38,
495,,*,,,
496,,*,,,
497,,*,,,
498,,5.83,,,
499,,5.70,,,
500,,4.83,,,
501,,4.83,21.0,1.69,
502,,4.92,,,
503,,3.26,,,
504,,,,,
505,,,,,
506,,,,,
507,,,,,
508,,,,,
509,,,,,
510,,,,,
511,,,,,
512,,,,,
513,,,,,
514,,,,,
515,,,,,
516,,,,,
517,,,,,
518,,,,,
519,,,,,
520,,,,,
521,,,,,
522,,5.17,25.0,0.31,
523,,5.28,,,
524,,5.34,,,
525,,5.34,,,
526,,5.22,,,
527,,5.22,,,
528,,5.17,,,
529,,5.27,25.4,0.21,
530,,5.28,,,
531,,5.25,26.4,,
532,,5.10,,,
533,,5.22,,,
534,,5.21,24.5,,
535,,5.27,,,
536,,5.26,23.7,0.35,
537,,5.20,,,
538,,0.28,,0.17,
539,,,,,
540,,,,,
541,,,,,
542,,,,,
543,,,,,
544,,,,,
545,,,,,
546,,,,,
547,,,,,
548,,,,,
549,,,,,
550,,,,,
551,,,,,
552,,,,,
553,,4.99,24.0,,
554,,5.19,,,
555,,5.23,,,
556,,5.22,,,
557,,5.19,22.5,0.5,
558,,5.17,,,
559,,5.33,,,
560,,5.34,,,
561,,5.19,,,
562,,1.72,24.3,0.29,
563,,,,,
564,,,,,
565,,,,,
566,,,,,
567,,,,,
568,,,,,
569,,,,,
570,,,,,
571,,,,,
572,,,,,
573,,,,,
574,,,,,
575,,,,,
576,,5.09,,,
577,,5.23,26.7,0.89,
578,,5.22,25.1,0.7,
579,,5.63,,,
580,,5.68,,,
581,,5.59,,,
582,,5.61,,,
583,,5.50,,,
584,,0.80,25.8,0.22,
585,,,,,
586,,,,,
587,,,,,
588,,,,,
589,,5.72,,,
590,,5.79,,,
591,,5.85,,,
592,,5.75,42.8,0.38,
593,,5.83,,,
594,,4.97,,,
595,,,,,
596,,,,,
597,,,,,
598,,,,,
599,,,,,
600,,,,,
601,,,,,
602,,,,,
603,,,,,
604,,,,,
605,,,,,
606,,,,,
607,,,,,
608,,,,,
609,,,,,
610,,,,,
611,,,,,
612,,,,,
613,,0.46,14.0,2.67,
614,,,,,
615,,,,,
616,,,,,
617,,,,,
618,,,22.8,,
619,,*,,,
620,,*,19.8,0.27,
621,,*,,,
622,,*,,,
623,,*,,,
624,,*,,,
625,,5.96,,,
626,,2.82,,,
627,,0.83,27.7,0.3,
628,,,,,
629,,,,,
630,,,,,
631,,,,,
632,,*,21.2,1.95,
633,,3.49,,,
634,,5.34,20.1,,
635,,6.02,,,
636,,5.95,,,
637,,5.73,,,
638,,6.29,,,
639,,6.23,,,
640,,6.03,,,
641,,6.02,19.8,1.01,
642,,0.75,,,
643,,,,,
644,,,,,
645,,,,,
646,,,,,
647,,4.27,25.4,,
648,,5.98,,0.66,
649,,6.05,,,
650,,6.01,,,
651,,5.92,,,
652,,6.12,,,
653,,5.83,,,
654,,3.03,20.7,,
655,,4.86,25.2,0.22,
656,,3.34,18.7,,
657,,,,,
658,,,,,
659,,5.05,22.4,,
660,,,,,
661,,,,,
662,,,,,
663,,5.23,27.5,0.85,
664,,5.71,26.6,,
665,,6.25,25.6,,
666,,5.83,23.2,,
667,,5.74,19.9,,
668,,5.71,25.1,,
669,,5.75,27.6,1.3,
670,,5.64,25.9,,
671,,5.74,25.2,,
672,,5.50,,,
673,,5.68,,,
674,,5.91,,,
675,,5.06,23.9,1.82,
676,,5.40,18.8,,
677,,5.44,,,
678,,5.47,,,
679,,5.22,,,
680,,5.65,,,
681,,5.67,,,
682,,5.68,,,
683,,4.38,20.5,1.9,
684,,5.39,,,
685,,*,,,
686,,*,,,
687,,*,,,
688,,*,,,
689,,*,,2.2,
690,,5.52,19.8,,
691,,5.42,,,
692,,5.37,,,
693,,5.27,,,
694,,5.30,,,
695,,5.83,,,
696,,5.76,,,
697,,5.61,21.5,1.5,
698,,5.46,,,
699,,4.64,,,
700,,5.40,,,
701,,5.24,,,
702,,5.63,24.9,,
703,,5.72,,3.3,
704,,5.77,23.3,,
705,,5.74,,,
706,,5.77,,,
707,,5.64,,,
708,,5.16,,,
709,,5.05,,,
710,,4.73,,,
711,,5.35,21.0,3.4,
712,,5.70,,,
713,,*,,,
714,,*,,,
715,,*,,,
716,,*,,,
717,,*,,,
718,,5.44,23.5,1.4,
719,,5.40,,,
720,,5.37,,,
721,,5.27,,,
722,,5.39,,,
723,,5.61,,,
724,,5.46,,,
725,,5.54,31.7,1.86,
726,,5.48,,,
727,,5.56,,,
728,,5.47,,,
729,,5.63,,,
730,,5.96,,,
731,,5.51,,,
732,,5.49,24.4,4.8,
733,,5.38,,,
734,,5.46,,,
735,,5.16,,,
736,,5.49,,,
737,,5.89,26.5,,
738,,5.70,,,
739,,5.54,,0.9,
740,,5.35,,,
741,,5.43,,,
742,,5.01,,,
743,,4.96,,,
744,,4.81,,,
745,,5.36,,,
746,,4.92,25.1,,
747,,5.47,,3,
748,,5.35,,,
749,,5.18,,,
750,,5.35,,,
751,,5.57,,,
752,,5.35,,,
753,,5.32,28.6,,
754,,5.47,,2.04,
755,,5.45,,,
756,,*,,,
757,,*,,,
758,,5.54,,,
759,,5.39,,,
760,,5.42,27.2,1.74,
761,,5.37,,,
762,,5.45,,,
763,,5.19,,,
764,,5.11,,,
765,,5.17,,,
766,,5.13,,,
767,,5.43,32.7,,
768,,5.45,,,
769,,5.34,,0.36,
770,,5.23,,,
771,,5.23,,,
772,,5.34,,,
773,,5.35,,,
774,,5.40,37.0,0.22,
775,,5.44,36.7,,
776,,5.27,,,
777,,5.49,,,
778,,5.50,,,
779,,5.37,,,
780,,5.46,,,
781,,5.49,34.6,0.28,
782,,5.19,,,
783,,4.94,,,
784,,4.95,,,
785,,2.78,,,
786,,4.45,,,
787,,5.08,,,
788,,*,32.9,0.03,
789,,5.43,,,
790,,5.37,,,
791,,5.27,,,
792,,5.25,,,
793,,4.98,,,
794,,5.15,,,
795,,5.37,25.7,0.04,
796,,5.44,,,
797,,5.41,,,
798,,5.23,,,
799,,5.45,,,
800,,5.43,30.1,,
801,,5.18,,0.13,
802,,5.40,,,
803,,5.12,,,
804,,5.46,,,
805,,5.30,,,
806,,5.61,,,
807,,5.32,,,
808,,5.41,,,
809,,5.50,31.3,0.12,
810,,5.30,,,
811,,5.47,,,
812,,4.86,,,
813,,4.93,,,
814,,5.14,,,
815,,5.51,,,
816,,5.47,27.1,0.13,
817,,5.02,,,
818,,5.02,,,
819,,5.22,,,
820,,5.21,,,
821,,1.33,,,
822,,0.97,,,
823,,0.97,35.2,0.12,
824,,0.96,,,
825,,0.95,,,
826,,0.85,,,
827,,1.01,,,
828,,2.23,32.4,,
829,,1.06,,,
830,,5.10,32.4,0.16,
831,,5.39,,,
832,,5.39,,,
833,,5.49,,,
834,,5.97,,,
835,,6.75,,,
836,,*,30.7,,
837,,6.00,27.8,1.83,
838,,3.86,,,
839,,*,,,
840,,*,,,
841,,*,,,
842,,5.05,,,
843,,5.70,,,
844,,6.00,27.7,1.35,
845,,1.78,,,
846,,1.51,,,
847,,1.51,,,
848,,1.50,,,
849,,1.51,,,
850,,1.51,,,
851,,1.51,24.8,3.25,
852,,5.16,,,
853,,2.78,,,
854,,1.31,,,
855,,0.93,,,
856,,1.14,,,
857,,1.36,6.64,19,
858,,1.14,,,
859,,0.19,,,
860,,0.00,,,
861,,2.01,,,
862,,2.01,,,
863,,2.01,,,
864,,2.01,,,
865,,4.67,12.8,7.6,
866,,4.99,,,
867,,5.01,,,
868,,5.17,,,
869,,4.37,,,
870,,5.35,,,
871,,6.00,,,
872,,6.00,18.5,14,
873,,6.00,,,
874,,6.01,,,
875,,*,,,
876,,*,,,
877,,1.78,18.9,4.67,
878,,1.51,,,
879,,1.40,,,
880,,1.51,,,
881,,1.51,,,
882,,1.51,,,
883,,4.90,,,
884,,4.73,,,
885,,4.54,19.5,,
886,,*,,3,
887,,1.51,,,
888,,1.51,,,
889,,1.51,,,
890,,1.51,,,
891,,4.80,,,
892,,5.01,23.8,1.7,
893,,*,,,
894,,5.50,,,
895,,5.50,,,
896,,5.50,,,
897,,5.50,,,
898,,1.51,,,
899,,6.19,21.9,,
900,,1.51,,3.3,
901,,0.16,,,
902,,,,,
903,,,,,
904,,,,,
905,,,,,
906,,,,,
907,,,,,
908,,,,,
909,,,,,
910,,,,,
911,,,,,
912,,,,,
913,,,,,
914,,3.87,19.8,4,
915,,4.89,,,
916,,4.91,,,
917,,5.16,,,
918,,5.83,,,
919,,5.48,19.9,,
920,,6.28,,,
921,,5.76,18.9,,
922,,1.54,,,
923,,,,,
924,,,,,
925,,,,,
926,,,,,
927,,4.89,,,
928,,4.87,20.1,,
929,,,,,
930,,,,,
931,,,,,
932,,,,,
933,,,,,
934,,,,,
935,,,,,
936,,,,,
937,,4.59,19.6,3.8,
938,,2.09,,,
939,,4.85,,,
940,,,,,
941,,,,,
942,,,,,
943,,,,,
944,,0.93,17.1,2.91,
945,,0.97,,,
946,,0.10,,,
947,,4.57,,,
948,,5.00,17.1,,
949,,5.29,,2.34,
950,,4.98,,,
951,,,,,
952,,,,,
953,,,,,
954,,,,,
955,,,,,
956,,,,,
957,,,,,
958,,4.98,10.3,1.94,
959,,4.75,,,
960,,0.91,,,
961,,,,,
962,,,,,
963,,,,,
964,,,,,
965,,1.18,12.0,4.37,
966,,,,,
967,,,,,
968,,,,,
969,,,,,
970,,,,,
971,,,,,
972,,2.26,13.8,2.95,
973,,3.23,,,
974,,3.23,,,
975,,5.11,,,
976,,5.15,13.4,,
977,,5.18,15.3,8.32,
978,,5.43,,,
979,,5.46,,,
980,,5.18,,,
981,,5.27,,,
982,,5.59,,,
983,,6.42,,,
984,,5.72,14.8,2.7,
985,,5.72,,,
986,,5.98,,,
987,,5.81,,,
988,,5.76,,,
989,,1.28,,,
990,,4.87,,3.43,
991,,5.77,14.6,,
992,,5.80,,,
993,,5.82,,,
994,,5.81,,,
995,,6.70,,,
996,,6.70,,,
997,,6.12,,,
998,,0.34,12.0,3.18,
999,,,,,
1000,,,,,
1001,,3.43,,,
1002,,5.51,,,
1003,,5.38,,,
1004,,5.80,13.7,,
1005,,5.84,,4.48,
1006,,5.88,,,
1007,,5.81,,,
1008,,6.19,,,
1009,,6.12,,,
1010,,5.87,,,
1011,,5.36,,,
1012,,5.27,16.0,3.00,
1013,,5.32,,,
1014,,6.10,,,
1015,,6.11,,,
1016,,7.02,,,
1017,,6.19,,,
1018,,5.98,,,
1019,,6.08,16.6,4.48,
1020,,6.19,,,
1021,,6.13,,,
1022,,6.10,,,
1023,,*,,,
1024,,6.18,,,
1025,,6.14,16.2,5.65,
1026,,6.10,,,
1027,,6.06,,,
1028,,6.10,,,
1029,,6.19,,,
1030,,6.20,,,
1031,,6.12,,,
1032,,5.91,,,
1033,,5.78,17.5,4.57,
1034,,6.03,,,
1035,,6.13,,,
1036,,6.16,,,
1037,,6.11,,,
1038,,6.08,,,
1039,,6.11,,,
1040,,5.81,16.6,6.12,
1041,,5.86,,,
1042,,5.85,,,
1043,,6.20,,,
1044,,*,,,
1045,,5.80,,,
1046,,5.82,22.8,,
1047,,5.92,,3.35,
1048,,5.85,,,
1049,,5.81,,,
1050,,5.85,,,
1051,,5.70,,,
1052,,5.56,,,
1053,,5.59,,,
1054,,5.60,18.8,3.6,
1055,,5.68,,,
1056,,5.39,,,
1057,,5.68,,,
1058,,5.60,,,
1059,,5.69,,,
1060,,5.66,18.4,3.4,
1061,,5.70,,,
1062,,5.65,,,
1063,,5.60,,,
1064,,5.71,,,
1065,,5.65,,,
1066,,5.63,,,
1067,,5.66,,,
1068,,4.46,25.1,2.65,
1069,,5.64,,,
1070,,5.63,,,
1071,,5.58,,,
1072,,5.65,,,
1073,,5.56,,,
1074,,5.20,,,
1075,,5.54,21.8,,
1076,,5.61,,3.78,
1077,,5.57,,,
1078,,5.44,,,
1079,,5.51,,,
1080,,*,,,
1081,,5.61,,,
1082,,5.55,24.6,2.54,
1083,,5.57,,,
1084,,5.61,,,
1085,,5.67,,,
1086,,5.58,,,
1087,,4.82,,,
1088,,5.12,29.9,0.52,
1089,,5.62,,,
1090,,4.68,,,
1091,,4.73,,,
1092,,5.60,,,
1093,,5.64,,,
1094,,5.34,,,
1095,,4.88,31.3,0.72,
1096,,*,,,
1097,,5.08,29.7,,
1098,,5.72,,,
1099,,5.59,,,
1100,,5.56,,,
1101,,5.33,,,
1102,,7.00,24.1,,
1103,,6.29,27.5,1.98,
1104,,5.74,,,
1105,,5.61,,,
1106,,5.67,23.5,,
1107,,5.55,,,
1108,,5.59,25.9,,
1109,,5.55,,,
1110,,5.63,23.5,3.87,
1111,,5.36,,,
1112,,4.95,,,
1113,,5.54,,,
1114,,5.61,,,
1115,,5.59,16.5,,
1116,,5.66,,,
1117,,5.65,21.0,6.30,
1118,,5.73,19.7,,
1119,,5.62,,,
1120,,5.67,,,
1121,,5.64,,,
1122,,5.64,19.1,,
1123,,5.37,,,
1124,,3.93,20.9,7.55,
1125,,5.68,,,
1126,,5.65,,,
1127,,5.72,,,
1128,,5.65,,,
1129,,5.54,,,
1130,,5.65,17.7,,
1131,,5.65,,,
1132,,5.65,,6.92,
1133,,5.53,,,
1134,,5.67,,,
1135,,6.50,,,
1136,,5.65,14.2,,
1137,,5.34,,,
1138,,5.62,18.7,8.40,
1139,,5.51,,,
1140,,5.42,,,
1141,,5.65,,,
1142,,5.44,,,
1143,,5.58,,,
1144,,5.48,,,
1145,,5.34,21.8,7.78,
1146,,5.59,,,
1147,,5.42,,,
1148,,5.56,,,
1149,,5.67,,,
1150,,0.36,15.3,9.01,
1151,,,,,
1152,,,,,
1153,,,,,
1154,,,,,
1155,,,,,
1156,,,,,
1157,,5.57,,,
1158,,5.64,,,
1159,,5.63,19.0,7.93,
1160,,5.50,,,
1161,,4.90,,,
1162,,5.43,,,
1163,,5.63,,,
1164,,5.64,,,
1165,,5.35,,,
1166,,,,,
1167,,,,,
1168,,,,,
1169,,5.34,14.3,8.60,
1170,,5.66,,,
1171,,5.60,,,
1172,,5.65,,,
1173,,5.55,21.0,5.30,
1174,,5.64,,,
1175,,5.39,,,
1176,,5.41,,,
1177,,5.54,,,
1178,,5.33,15.2,7.84,
1179,,,,,
1180,,,,,
1181,,,,,
1182,,,,,
1183,,,,,
1184,,,,,
1185,,,,,
1186,,,,,
1187,,,,,
1188,,,,,
1189,,,,,
1190,,5.48,16.4,7.14,
1191,,5.68,,,
1192,,5.50,,,
1193,,5.54,,,
1194,,5.45,19.9,10.2,
1195,,0.51,20.3,,
1196,,,,,
1197,,,,,
1198,,5.54,22.8,,
1199,,0.61,32.1,,
1200,,1.57,,4.01,
1201,,5.51,21.7,,
1202,,5.58,,,
1203,,4.73,23.2,,
1204,,5.54,,,
1205,,5.62,,,
1206,,4.79,,,
1207,,,,,
1208,,,,,
1209,,,,,
1210,,,,3.25,
1211,,5.41,23.7,,
1212,,5.61,,,
1213,,5.43,,,
1214,,5.48,,,
1215,,5.25,20.8,3.08,
1216,,5.72,,,
1217,,5.45,,,
1218,,5.29,,,
1219,,5.03,,,
1220,,5.31,,,
1221,,5.30,,,
1222,,4.76,12.1,6.48,
1223,,4.88,,,
1224,,5.55,,,
1225,,5.45,,,
1226,,5.46,,,
1227,,5.99,18.4,1.88,
1228,,,,,
1229,,,,,
1230,,,,,
1231,,,,,
1232,,,,,
1233,,,,,
1234,,,,,
1235,,,,,
1236,,,,,
1237,,4.55,20.6,0.89,
1238,,5.41,,,
1239,,5.31,,,
1240,,5.15,,,
1241,,5.36,,,
1242,,5.61,,,
1243,,5.64,19.8,0.52,
1244,,5.32,,,
1245,,4.96,,,
1246,,5.03,,,
1247,,5.52,,,
1248,,5.33,,,
1249,,5.35,16.0,,
1250,,5.21,,2.80,
1251,,,,,
1252,,,,,
1253,,,,,
1254,,,,,
1255,,,,,
1256,,,,,
1257,,4.68,21.1,5.33,
1258,,5.39,,,
1259,,6.54,,,
1260,,5.42,,,
1261,,5.51,,,
1262,,5.26,,,
1263,,4.80,,,
1264,,8.95,17.4,2.70,
1265,,5.49,15.9,,
1266,,5.27,,,
1267,,5.42,,,
1268,,5.50,,,
1269,,5.45,,,
1270,,5.48,,,
1271,,2.94,,,
1272,,,,,
1273,,,,,
1274,,,,,
1275,,,,,
1276,,,,,
1277,,,,,
1278,,,,,
1279,,,,,
1280,,,,,
1281,,,,,
1282,,,,,
1283,,,,,
1284,,,,,
1285,,,,,
1286,,,,,
1287,,,,,
1288,,,,,
1289,,,,,
1290,,,,,
1291,,,,,
1292,,,,,
1293,,,,,
1294,,,,,
1295,,,,,
1296,,,,,
1297,,,,,
1298,,,,,
1299,,,,,
1300,,,,,
1301,,,,,
1302,,,,,
1303,,,,,
1304,,,,,
1305,,,,,
1306,,,,,
1307,,,,,
1308,,,,,
1309,,,,,
1310,,,,,
1311,,,,,
1312,,,,,
1313,,,,,
1314,,,,,
1315,,,,,
1316,,,,,
1317,,,,,
1318,,,,,
1319,,,,,
1320,,,,,
1321,,,,,
1322,,,,,
1323,,,,,
1324,,,,,
1325,,,,,
1326,,,,,
1327,,,,,
1328,,,,,
1329,,,,,
1330,,,,,
1331,,,,,
1332,,,,,
1333,,,,,
1334,,,,,
1335,,,,,
1336,,,,,
1337,,,,,
1338,,,,,
1339,,,,,
1340,,,,,
1341,,,,,
1342,,,,,
1343,,,,,
1344,,,,,
1345,,,,,
1346,,,,,
1347,,,,,
1348,,,,,
1349,,,,,
1350,,,,,
1351,,,,,
1352,,,,,
1353,,,,,
1354,,,,,
1355,,,,,
1356,,,,,
1357,,,,,
1358,,,,,
1359,,,,,
1360,,,,,
1361,,,,,
1362,,,,,
1363,,,,,
1364,,,,,
1365,,,,,
1366,,,,,
1367,,,,,
1368,,,,,
1369,,,,,
1370,,,,,
1371,,,,,
1372,,,,,
1373,,,,,
1374,,,,,
1375,,,,,
1376,,,,,
1377,,,,,
1378,,,,,
1379,,,,,
1380,,,,,
1381,,,,,
1382,,,,,
1383,,,,,
1384,,,,,
1385,,,,,
1386,,,,,
1387,,,,,
1388,,,,,
1389,,,,,
1390,,,,,
1391,,,,,
1392,,,,,
1393,,,,,
1394,,,,,
1395,,,,,
1396,,,,,
1397,,,,,
1398,,,,,
1399,,,,,
1400,,,,,
1401,,,,,
1402,,,,,
1403,,,,,
1404,,,,,
1405,,,,,
1406,,,,,
1407,,,,,
1408,,,,,
1409,,,,,
1410,,,,,
1411,,5.46,0.17,19.75,
1412,,5.53,,,
1413,,5.29,,,
1414,,5.66,,,
1415,,2.93,,,
1416,,,,,
1417,,5.48,,,
1418,,5.52,0.1,28.80,
1419,,5.70,,,
1420,,5.44,0.14,,
1421,,5.67,,,
1422,,5.62,,,
1423,,5.48,,,
1424,,5.48,,,
1425,,5.52,0.09,27.12,
1426,,5.46,,,
1427,,5.61,,,
1428,,5.49,,,
1429,,5.56,,,
1430,,5.64,,,
1431,,*,,,
1432,,6.28,0.08,28.80,
1433,,6.26,,,
1434,,5.71,,,
1435,,5.31,,,
1436,,4.16,,,
1437,,4.61,,,
1438,,7.87,,,
1439,,5.47,0.1,30.90,
1440,,4.46,,,
1441,,5.37,,,
1442,,5.37,,,
1443,,5.59,,,
1444,,5.32,,,
1445,,5.31,,,
1446,,5.7,0.07,30.30,
1447,,5.63,,,
1448,,5.5,,,
1449,,5.41,,,
1450,,5.76,,,
1451,,5.73,,,
1452,,5.8,0.11,29.80,
1453,,5.55,,,
1454,,5.11,,,
1455,,8.51,,,
1456,,5.03,,,
1457,,5.41,,,
1458,,5.81,,,
1459,,5.4,0.14,31.00,
1460,,5.58,,,
1461,,,,,
1462,,5.51,,,
1463,,8.75,,,
1464,,5.31,,,
1465,,5.16,,,
1466,,5.37,,,
1467,,5.41,,,
1468,,5.54,0.12,29.70,
1469,,5.58,,,
1470,,5.37,,,
1471,,5.20,,,
1472,,6.74,,,
1473,,4.84,,,
1474,,5.75,,,
1475,,5.96,,31.00,
1476,,5.92,0.17,,
1477,,5.67,,,
1478,,5.56,,,
1479,,5.93,,,
1480,,5.96,,,
1481,,5.83,0.14,30.80,
1482,,5.63,,,
1483,,5.72,,,
1484,,5.52,,,
1485,,5.51,,,
1486,,6.38,,,
1487,,6.94,,,
1488,,*,,,
1489,,5.66,0.2,35.40,
1490,,5.79,,,
1491,,5.53,,,
1492,,5.67,,,
1493,,5.38,,,
1494,,5.69,,,
1495,,5.88,,,
1496,,5.76,0.16,33.6,
1497,,5.73,,,
1498,,5.58,,,
1499,,5.00,,,
1500,,5.50,,,
1501,,5.67,,,
1502,,5.57,,,
1503,,5.69,0.24,31,
1504,,5.75,,,
1505,,5.69,,,
1506,,5.48,,,
1507,,5.05,,,
1508,,6.10,,,
1509,,8.75,,,
1510,,7.15,0.17,29.6,
1511,,7.00,,,
1512,,7.00,,,
1513,,6.09,,,
1514,,4.51,,,
1515,,7.00,,,
1516,,7.00,,,
1517,,6.5,0.12,28.7,
1518,,6.5,,,
1519,,6.22,,,
1520,,3.94,,,
1521,,3.84,,,
1522,,5.99,,,
1523,,6.00,,,
1524,,5.82,,,
1525,,5.75,,,
1526,,5.75,,,
1527,,3.74,,,
1528,,3.81,,,
1529,,5.87,,,
1530,,6.00,0.12,29.2,
1531,,6.00,,,
1532,,6.00,,,
1533,,6.00,,,
1534,,6.06,,,
1535,,3.75,,,
1536,,6.18,,,
1537,,6.50,0.17,,
1538,,6.50,,28.3,
1539,,6.50,,,
1540,,6.50,,,
1541,,4.25,,,
1542,,4.09,,,
1543,,3.37,,,
1544,,,,,
1545,,,,,
1546,,,,,
1547,,,,,
1548,,,,,
1549,,,,,
1550,,,,,
1551,,,,,
1552,,,,,
1553,,,,,
1554,,,,,
1555,,,,,
1556,,,,,
1557,,,,,
1558,,,,,
1559,,,,,
1560,,,,,
1561,,,,,
1562,,,,,
1563,,,,,
1564,,,,,
1565,,,,,
1566,,,,,
1567,,,,,
1568,,,,,
1569,,,,,
1570,,,,,
1571,,,,,
1572,,,,,
1573,,,,23.9,0.006
1574,,,,,
1575,,,,,
1576,,,,,
1577,,,,,
1578,,6.51,0.15,,
1579,,6.50,,,
1580,,6.50,,,
1581,,5.91,,,
1582,,6.50,,,
1583,,4.191,,,
1584,,3.960,,,
1585,,3.018,0.2,24.46,0.005
1586,,,,,
1587,,,,,
1588,,6.403,,,
1589,,6.498,0.22,30.4,0.004
1590,,4.303,,,
1591,,4.107,,,
1592,,6.088,,,
1593,,5.153,,,
1594,,6.613,,26.3,0.004
1595,,6.223,,,
1596,,6.498,,,
1597,,4.237,,,
1598,,4.159,,,
1599,,6.488,0.2,28.8,0.015
1600,,6.497,,,
1601,,6.225,,,
1602,,6.166,,,
1603,,6.496,,,
1604,,4.183,,,
1605,,6.893,,,
1606,,5.734,,,
1607,,6.172,,,
1608,,6.477,0.27,24.5,0.009
1609,,6.497,,,
1610,,6.497,,,
1611,,4.232,,,
1612,,4.169,,,
1613,,6.356,,,
1614,,6.50,,,
1615,,6.50,,,
1616,,6.50,0.18,20.0,0.015
1617,,6.50,,,
1618,,4.17,,,
1619,,4.03,,,
1620,,6.08,,,
1621,,6.50,,,
1622,,1.68,0.1,24.0,0.006
1623,,,,,
1624,,,,,
1625,,,,,
1626,,,,,
1627,,,,,
1628,,,,,
1629,,,,,
1630,,5.67,,,
1631,,6.50,0.36,22.6,0.011
1632,,4.30,,,
1633,,4.23,,,
1634,,7.21,,,
1635,,6.30,0.11,,
1636,,6.30,,24.8,0.009
1637,,6.30,,,
1638,,6.30,,,
1639,,4.02,,,
1640,,4.01,,,
1641,,6.07,,,
1642,,6.20,0.17,21.5,0.034
1643,,6.06,,,
1644,,6.19,,,
1645,,6.20,,,
1646,,3.98,,,
1647,,3.10,,,
1648,,6.03,,,
1649,,6.20,0.2,24.8,0.006
1650,,6.20,,,
1651,,4.03,,,
1652,,4.04,,,
1653,,6.20,,,
1654,,6.13,,,
1655,,0.01,,,
1656,,,,,
1657,,,,,
1658,,,,,
1659,,,,,
1660,,,,,
1661,,,,,
1662,,,,,
1663,,,,,
1664,,,,,
1665,,,,,
1666,,,,,
1667,,,,,
1668,,,,,
1669,,,,,
1670,,,,,
1671,,,,,
1672,,,,,
1673,,,,,
1674,,,,,
1675,,,,,
1676,,,,,
1677,,,,,
1678,,,,,
1679,,,,,
1680,,,,,
1681,,,,,
1682,,,,,
1683,,,,,
1684,,,,,
1685,,,,,
1686,,,,,
1687,,,,,
1688,,,,,
1689,,,,,
1690,,,,,
1691,,,,,
1692,,,,,
1693,,,,,
1694,,,,,
1695,,,,,
1696,,,,,
1697,,,,,
1698,,,,,
1699,,,,,
1700,,,,,
1701,,,,,
1702,,,,,
1703,,,,,
1704,,,,,
1705,,,,,
1706,,,,,
1707,,,,,
1708,,,,,
1709,,,,,
1710,,,,,
1711,,,,,
1712,,,,,
1713,,,,,
1714,,,,,
1715,,,,,
1716,,,,,
1717,,,,,
1718,,,,,
1719,,,,,
1720,,,,,
1721,,,,,
1722,,,,,
1723,,,,,
1724,,,,,
1725,,,,,
1726,,,,,
1727,,5.34,0.16,24.2,0.003
1728,,3.90,,,
1729,,3.82,,,
1730,,6.50,,,
1731,,6.50,,,
1732,,6.34,,,
1733,,6.30,0.18,30.1,0.004
1734,,6.30,,,
1735,,4.00,,,
1736,,,,,
1737,,4.15,,,
1738,,6.30,0.13,,
1739,,6.30,,,
1740,,6.30,0.13,27.3,0.004
1741,,6.30,,,
1742,,3.87,,,
1743,,3.73,,,
1744,,6.18,,,
1745,,6.30,,,
1746,,5.53,,,
1747,,6.30,,,
1748,,6.31,0.19,28.2,0.001
1749,,4.06,,,
1750,,5.70,,*,
1751,,6.30,,,
1752,,6.30,,,
1753,,6.30,,,
1754,,6.76,,,
1755,,6.31,,,
1756,,6.30,0.26,25.9,0.008
1757,,5.73,,,
1758,,5.92,,,
1759,,6.30,,,
1760,,6.30,,,
1761,,6.30,,,
1762,,6.30,0.16,28.4,0.005
1763,,4.04,,,
1764,,5.83,,,
1765,,6.56,,,
1766,,6.30,,,
1767,,6.30,,,
1768,,6.30,0.16,23.1,0.004
1769,,6.30,,,
1770,,4.02,,,
1771,,3.68,,,
1772,,6.30,,,
1773,,6.30,,,
1774,,6.30,0.14,26.5,0.013
1775,,4.94,,,
1776,,6.30,,,
1777,,3.99,,,
1778,,6.30,,,
1779,,6.30,,,
1780,,6.30,,,
1781,,6.30,,,
1782,,6.29,0.46,25.6,0.005
1783,,6.30,,,
1784,,4.03,,,
1785,,3.79,,,
1786,,6.30,,,
1787,,6.30,,,
1788,,6.30,0.11,,0.063
1789,,6.30,,23.8,
1790,,6.28,,,
1791,,4.14,,,
1792,,3.83,,,
1793,,6.09,,,
1794,,6.30,,,
1795,,6.30,,,
1796,,6.30,,,
1797,,6.30,,,
1798,,4.02,,22.8,0.005
1799,,4.20,,,
1800,,6.30,,,
1801,,6.30,,,
1802,,6.30,,,
1803,,6.30,0.2,28.6,0.008
1804,,6.30,,,
1805,,4.04,,,
1806,,5.76,,,
1807,,6.30,,,
1808,,6.30,,,
1809,,6.30,,,
1810,,6.30,0.16,,
1811,,6.30,,30.8,<0.002
1812,,4.12,,,
1813,,3.69,,,
1814,,6.30,,,
1815,,6.30,,,
1816,,6.30,,,
1817,,6.38,0.34,,
1818,,6.40,,28.1,0.008
1819,,4.12,,,
1820,,4.07,,,
1821,,6.30,,,
1822,,6.18,,,
1823,,6.30,,,
1824,,6.30,0.32,,
1825,,6.65,,31.1,0.003
1826,,5.70,,,
1827,,6.76,,,
1828,,6.30,,,
1829,,6.30,,,
1830,,6.34,,,
1831,,6.66,0.35,,
1832,,6.80,,29.9,0.015
1833,,4.32,,,
1834,,4.29,,,
1835,,6.80,,,
1836,,6.80,,,
1837,,6.80,,,
1838,,6.80,0.39,,
1839,,6.80,,27.3,<.002
1840,,4.28,,,
1841,,2.86,,,
1842,,6.66,,,
1843,,6.80,,,
1844,,6.78,,,
1845,,5.81,0.28,,
1846,,6.44,,,
1847,,4.09,,29.8,<.002
1848,,3.94,,,
1849,,6.41,,,
1850,,6.50,,,
1851,,6.50,,,
1852,,6.37,,,
1853,,6.30,0.29,32.65,<.002
1854,,4.23,,,
1855,,3.70,,,
1856,,6.31,,,
1857,,6.30,,,
1858,,6.31,,,
1859,,6.30,,,
1860,,6.30,0.23,32.4,0.04
1861,,3.99,,,
1862,,3.89,,,
1863,,6.30,,,
1864,,6.24,,,
1865,,6.30,,,
1866,,6.30,0.24,,
1867,,6.30,,32.5,<.002
1868,,4.03,,,
1869,,4.15,,,
1870,,6.30,,,
1871,,6.30,,,
1872,,6.30,,,
1873,,6.31,0.39,,
1874,,6.30,,27.7,0.016
1875,,4.00,,,
1876,,4.01,,,
1877,,6.25,,,
1878,,6.30,,,
1879,,6.30,0.26,,
1880,,6.30,,,
1881,,6.30,,,
1882,,4.00,,30.2,<.002
1883,,3.96,,,
1884,,6.23,,,
1885,,6.30,,,
1886,,6.30,,,
1887,,6.30,0.15,28,0.019
1888,,6.30,,,
1889,,4.02,,,
1890,,3.94,,,
1891,,6.26,,,
1892,,6.30,,,
1893,,6.30,,,
1894,,6.30,0.18,,
1895,,6.30,,,
1896,,4.07,,16.2,0.005
1897,,4.00,,,
1898,,6.31,,,
1899,,6.31,,,
1900,,6.30,,,
1901,,6.30,0.3,,
1902,,5.79,,27.5,0.003
1903,,3.28,,,
1904,,3.39,,,
1905,,6.30,,,
1906,,6.30,,,
1907,,6.30,,,
1908,,6.30,0.25,,
1909,,6.30,,,
1910,,3.97,0.25,27.4,<.002
1911,,4.05,,,
1912,,4.11,,,
1913,,6.37,,,
1914,,6.30,,,
1915,,6.30,0.47,,
1916,,6.30,,,
1917,,6.30,,,
1918,,4.05,,,
1919,,4.01,,,
1920,,6.29,,,
1921,,6.30,,,
1922,,6.30,0.24,27.8,<0.002
1923,,6.31,,,
1924,,6.30,,,
1925,,4.03,,,
1926,,4.05,,,
1927,,6.30,,,
1928,,6.30,,,
1929,,6.30,0.23,,
1930,,6.30,,,
1931,,6.29,,29.9,<0.002
1932,,4.03,,,
1933,,4.10,,,
1934,,6.30,,,
1935,,6.30,,,
1936,,3.98,0.26,,
1937,,,,,
1938,,,,,
1939,,,,,
1940,,,,,
1941,,,,,
1942,,6.00,,,
1943,,6.30,0.24,28.1,0.036
1944,,6.30,,,
1945,,6.30,,,
1946,,4.06,,,
1947,,4.08,,,
1948,,5.87,,,
1949,,6.29,0.21,,
1950,,6.29,,,
1951,,5.46,,,
1952,,6.30,,28.9,<0.002
1953,,3.99,,,
1954,,4.11,,,
1955,,6.30,,,
1956,,6.30,,,
1957,,6.30,0.24,,
1958,,6.30,,28.3,<0.002
1959,,6.30,,,
1960,,4.06,,,
1961,,3.88,,,
1962,,6.30,,,
1963,,6.30,,,
1964,,6.30,0.36,,
1965,,6.30,,28.1,0.012
1966,,6.30,,,
1967,,4.01,,,
1968,,4.13,,,
1969,,6.30,,,
1970,,5.41,,,
1971,,,,,
1972,,,,,
1973,,,,,
1974,,,,,
1975,,,,,
1976,,,,,
1977,,,,,
1978,,5.21,0.26,,
1979,,6.30,,,
1980,,6.30,,30.4,<0.002
1981,,4.01,,,
1982,,4.02,,,
1983,,6.30,,,
1984,,4.78,,,
1985,,,,,
1986,,,,,
1987,,,,,
1988,,,,,
1989,,2.99,,,
1990,,6.31,,,
1991,,6.31,,,
1992,,6.31,0.2,,
1993,,6.31,,,
1994,,6.30,,27.8,<0.002
1995,,4.03,,,
1996,,3.98,,,
1997,,6.21,,,
1998,,6.30,,,
1999,,6.30,0.13,,
2000,,6.30,,,
2001,,6.30,,28.7,<0.002
2002,,3.82,,,
2003,,,,,
2004,,,,,
2005,,,,,
2006,,,,,
2007,,,,,
2008,,,,,
2009,,,,,
2010,,,,,
2011,,,,,
2012,,,,,
2013,,,,,
2014,,,,,
2015,,3.85,0.14,23.1,<0.002
2016,,3.99,,,
2017,,,,,
2018,,,,,
2019,,,,,
2020,,4.48,,31.9,<0.002
2021,,6.01,0.22,,
2022,,6.79,,,
2023,,3.86,,,
2024,,6.30,,,
2025,,6.30,,,
2026,,6.30,,,
2027,,6.30,0.19,,
2028,,5.89,,,
2029,,3.13,,25.2,<0.002
2030,,,,,
2031,,,,,
2032,,,,,
2033,,,,,
2034,,,,,
2035,,6.04,,,
2036,,4.06,0.04,21.5,<0.002
2037,,4.19,,,
2038,,6.50,,,
2039,,6.50,,,
2040,,6.50,,,
2041,,6.50,0.16,,
2042,,6.50,,24.7,<0.002
2043,,4.15,,,
2044,,,,,
2045,,,,,
2046,,,,,
2047,,,,,
2048,,,,,
2049,,,,,
2050,,3.04,,22.5,<0.002
2051,,3.25,,,
2052,,6.00,,,
2053,,6.38,,,
2054,,6.26,,,
2055,,5.96,0.18,,
2056,,1.11,,24.5,<0.002
2057,,,,,
2058,,,,,
2059,,,,,
2060,,6.46,,,
2061,,6.02,,,
2062,,6.50,0.18,,
2063,,6.50,,,
2064,,3.80,,24.8,0.007
2065,,3.59,,,
2066,,,,,
2067,,,,,
2068,,6.26,,,
2069,,1.34,0.16,26.1,0.009
2070,,,,,
2071,,,,,
2072,,,,,
2073,,,,,
2074,,,,,
2075,,,,,
2076,,,,,
2077,,5.32,,,
2078,,4.03,0.14,24.28,<0.002
2079,,3.82,,,
2080,,6.19,,,
2081,,6.15,,,
2082,,6.30,,,
2083,,6.29,,,
2084,,4.30,,,
2085,,,,,
2086,,,,,
2087,,,,,
2088,,,,,
2089,,,,,
2090,,,,,
2091,,6.10,,,
2092,,4.02,0.19,22.21,<0.002
2093,,3.49,,,
2094,,6.01,,,
2095,,4.44,,,
2096,,6.30,,,
2097,,6.17,,,
2098,,4.52,,,
2099,,,,,
2100,,,,,
2101,,6.30,,,
2102,,6.30,,,
2103,,6.00,,,
2104,,6.00,,,
2105,,6.00,,,
2106,,5.13,,,
2107,,1.13,,,
2108,,,,,
2109,,,,,
2110,,,,,
2111,,,,,
2112,,5.40,0.18,31.41,<0.002
2113,,3.51,,,
2114,,,,,
2115,,,,,
2116,,,,,
2117,,5.64,,,
2118,,*,0.04,,
2119,,6.30,,,
2120,,6.30,,30.89,0.0173
2121,,6.30,,,
2122,,6.29,,,
2123,,6.27,,,
2124,,6.27,,,
2125,,5.12,,,
2126,,6.79,,,
2127,,6.79,,,
2128,,6.79,,,
2129,,5.05,,,
2130,,4.75,,,
2131,,5.19,,,
2132,,5.12,0.16,,
2133,,5.18,,,
2134,,5.24,,28.17,<0.002
2135,,4.42,,,
2136,,5.08,,,
2137,,4.80,,,
2138,,1.75,,,
2139,,,,,
2140,,,,,
2141,,6.23,0.12,29.18,<0.002
2142,,6.23,,,
2143,,*,,,
2144,,*,,,
2145,,*,,30.61,<0.002
2146,,*,0.1,,
2147,,*,,,
2148,,*,,,
2149,,*,,,
2150,,*,,,
2151,,*,,,
2152,,*,0.23,29.24,<0.002
2153,,*,,,
2154,,*,,,
2155,,*,,,
2156,,6.00,,,
2157,,6.00,,,
2158,,6.00,,,
2159,,6.00,0.19,29.89,0.005
2160,,4.07,,,
2161,,4.06,,,
2162,,5.89,,,
2163,,6.00,,,
2164,,5.99,,,
2165,,5.99,,,
2166,,5.99,,,
2167,,5.99,0.34,28.69,<0.002
2168,,4.50,,,
2169,,5.45,,,
2170,,6.00,,,
2171,,6.00,,,
2172,,5.99,,,
2173,,5.97,,,
2174,,5.97,0.19,,
2175,,4.24,,28.37,<0.002
2176,,5.54,,,
2177,,6.00,,,
2178,,6.09,,,
2179,,5.97,,,
2180,,5.98,,,
2181,,5.98,0.24,,
2182,,4.48,,31.52,<0.002
2183,,5.96,,,
2184,,6.47,,,
2185,,6.47,,,
2186,,6.47,,,
2187,,6.47,,,
2188,,6.47,0.18,29.52,<0.002
2189,,6.00,,,
2190,,4.65,,,
2191,,5.98,,,
2192,,6.00,,,
2193,,2.57,,,
2194,,5.97,,,
2195,,5.98,0.22,,
2196,,5.87,,,
2197,,5.80,,22.4,<0.002
2198,,6.47,,,
2199,,6.47,,,
2200,,6.33,,,
2201,,6.17,,,
2202,,6.17,0.22,17.7,<0.002
2203,,4.92,,,
2204,,5.68,,,
2205,,6.17,,,
2206,,6.14,,,
2207,,6.17,,,
2208,,6.17,,,
2209,,6.17,0.27,20.8,<0.002
2210,,4.91,,,
2211,,5.10,,,
2212,,5.89,,,
2213,,4.94,,,
2214,,4.86,,,
2215,,5.04,,,
2216,,4.66,,,
2217,,4.17,0.16,22,<0.002
2218,,4.88,,,
2219,,4.93,,,
2220,,4.90,,,
2221,,4.85,,,
2222,,4.80,,,
2223,,4.78,,,
2224,,4.81,,25.6,<0.002
2225,,3.89,,,
2226,,4.58,,,
2227,,4.98,,,
2228,,4.98,,,
2229,,4.98,,,
2230,,4.98,0.14,,
2231,,3.65,,29.8,<0.002
2232,,6.42,,,
2233,,6.47,,,
2234,,6.47,,,
2235,,6.47,,,
2236,,6.47,,,
2237,,6.49,0.19,,
2238,,4.39,,28.6,<0.002
2239,,6.11,,,
2240,,6.17,,,
2241,,6.17,,,
2242,,6.04,,,
2243,,5.97,,,
2244,,5.97,0.15,,
2245,,5.85,,27.7,<0.002
2246,,4.08,,,
2247,,5.72,,,
2248,,5.78,,,
2249,,5.78,,,
2250,,5.78,,,
2251,,5.78,0.1,,
2252,,3.88,,17.5,0.0278
2253,,5.35,,,
2254,,5.58,,,
2255,,5.58,,,
2256,,5.61,,,
2257,,5.71,,,
2258,,5.77,0.11,21.5,<0.002
2259,,5.38,,,
2260,,5.97,,,
2261,,4.82,,,
2262,,5.95,,,
2263,,6.01,,,
2264,,6.27,,,
2265,,6.27,0.15,,
2266,,6.80,,,
2267,,6.24,,25.85,0.008
2268,,6.27,,,
2269,,6.27,,,
2270,,6.27,,,
2271,,6.38,,,
2272,,6.41,0.13,,
2273,,6.13,,,
2274,,5.55,,,
2275,,6.08,,23.77,<0.002
2276,,6.07,,,
2277,,6.07,,,
2278,,6.07,,,
2279,,6.07,0.35,,
2280,,4.16,,,
2281,,6.08,,21.37,<0.002
2282,,6.07,,,
2283,,5.81,,,
2284,,6.26,,,
2285,,6.07,,,
2286,,6.07,0.22,22.49,<0.002
2287,,6.07,,,
2288,,4.07,,,
2289,,5.83,,,
2290,,6.08,,,
2291,,6.07,,,
2292,,6.07,0.25,,
2293,,5.66,,21.33,0.0201
2294,,4.14,,,
2295,,5.77,,,
2296,,5.68,,,
2297,,5.68,,,
2298,,5.68,,,
2299,,5.68,,,
2300,,5.70,0.21,,
2301,,3.82,,,
2302,,5.69,,20.625,0.0237
2303,,5.68,,,
2304,,5.63,,,
2305,,5.68,,,
2306,,5.68,,,
2307,,5.68,,,
2308,,5.68,0.24,,
2309,,3.86,,15.67,0.022
2310,,,,,
2311,,,,,
2312,,,,,
2313,,,,,
2314,,,,,
2315,,,,,
2316,,,,,
2317,,,,,
2318,,5.47,0.27,29.79,0.0079
2319,,5.86,,,
2320,,5.86,,,
2321,,5.86,,,
2322,,5.86,,23.57,0.0056
2323,,5.86,,,
2324,,0.04,,,
2325,,,,,
2326,,,,,
2327,,5.94,0.18,26.59,0.0124
2328,,6.06,,,
2329,,4.20,,,
2330,,5.71,,,
2331,,6.06,,,
2332,,6.40,,,
2333,,6.06,,,
2334,,6.06,,,
2335,,6.06,0.19,,
2336,,4.04,,,
2337,,5.89,,22.98,<0.002
2338,,0.68,,,
2339,,,,,
2340,,,,,
2341,,,,,
2342,,6.00,0.24,24.27,<0.002
2343,,4.08,,,
2344,,6.18,,,
2345,,6.26,,,
2346,,6.26,,,
2347,,6.26,,,
2348,,6.26,,,
2349,,6.26,0.17,21.36,0.0006
2350,,3.93,,,
2351,,,,,
2352,,,,,
2353,,,,,
2354,,,,,
2355,,,,,
2356,,,,,
2357,,,,,
2358,,,,,
2359,,,,,
2360,,,,,
2361,,6.25,0.15,17.49,0.0009
2362,,6.26,,,
2363,,6.26,,,
2364,,3.94,,,
2365,,5.72,,,
2366,,6.26,,,
2367,,6.26,,,
2368,,6.21,,,
2369,,0.34,,17.05,0.002
2370,,,,,
2371,,,,,
2372,,,,,
2373,,,,,
2374,,,,,
2375,,3.11,0.1,21.88,<0.002
2376,,5.38,,,
2377,,5.30,,,
2378,,3.24,,,
2379,,,,,
2380,,,,,
2381,,,,,
2382,,,,,
2383,,4.88,0.19,9.24,<0.002
2384,,6.43,,,
2385,,5.71,,,
2386,,6.48,,,
2387,,6.31,,,
2388,,6.41,,,
2389,,6.12,,,
2390,,6.00,,,
2391,,5.92,0.39,9.85,<0.002
2392,,5.90,,,
2393,,3.89,,,
2394,,5.31,,,
2395,,2.54,,,
2396,,,,,
2397,,,,,
2398,,,,,
2399,,,,,
2400,,,,,
2401,,4.63,0.11,13.68,<0.002
2402,,4.97,,,
2403,,4.67,,,
2404,,0.14,0.11,9.3,<0.002
2405,,,,,
2406,,,,,
2407,,,,,
2408,,,,,
2409,,,,,
2410,,,,,
2411,,,,,
2412,,,,,
2413,,,,,
2414,,,,,
2415,,,,,
2416,,,,,
2417,,6.34,0.26,2.56,0.002
2418,,4.85,,,
2419,,4.89,,,
2420,,3.22,,,
2421,,4.64,,,
2422,,3.57,,,
2423,,3.35,,,
2424,,0.30,,,
2425,,,,,
2426,,,,,
2427,,,,,
2428,,,,,
2429,,,,,
2430,,,,,
2431,,3.87,0.19,3.57,<0.002
2432,,5.66,,,
2433,,3.84,,,
2434,,6.55,,,
2435,,0.56,,,
2436,,,,,
2437,,,,,
2438,,,,,
2439,,,,,
2440,,,,,
2441,,5.62,0.11,4.08,0.0022
2442,,6.30,,,
2443,,6.30,,,
2444,,6.30,,,
2445,,6.29,,,
2446,,6.30,,,
2447,,6.30,0.24,11.39,0.0232
2448,,6.30,,,
2449,,6.29,,,
2450,,2.68,,,
2451,,,,,
2452,,,,,
2453,,,,,
2454,,,,,
2455,,,,,
2456,,5.41,0.24,15.59,0.017
2457,,5.72,,,
2458,,6.36,,,
2459,,6.26,,,
2460,,6.09,,,
2461,,6.13,0.15,4.37,0.003
2462,,4.82,,,
2463,,6.00,,,
2464,,6.56,,,
2465,,6.43,,,
2466,,5.96,0.15,,
2467,,5.38,,3.4,<0.002
2468,,,,,
2469,,,,,
2470,,,,,
2471,,4.32,0.11,6.3,0.009
2472,,6.21,,,
2473,,6.14,,,
2474,,6.23,,,
2475,,5.74,0.14,,
2476,,5.59,,6.7,0.018
2477,,,,,
2478,,5.71,,,
2479,,5.80,,,
2480,,6.02,,,
2481,,6.16,,,
2482,,6.14,0.12,,
2483,,4.67,,0.96,0.01
2484,,6.10,,,
2485,,6.15,,,
2486,,5.97,,,
2487,,5.84,,,
2488,,5.85,,,
2489,,6.20,0.15,10,0.009
2490,,5.37,,,
2491,,6.10,,,
2492,,6.13,,,
2493,,5.88,,,
2494,,5.69,,,
2495,,6.07,0.16,,
2496,,6.07,,,
2497,,5.66,,,
2498,,4.91,,,
2499,,5.80,,6.38,<0.002
2500,,6.10,,,
2501,,6.09,,,
2502,,6.13,,,
2503,,6.15,0.2,,
2504,,4.87,,8.42,0.0055
2505,,6.13,,,
2506,,6.52,,,
2507,,5.94,,,
2508,,5.92,,,
2509,,5.79,,,
2510,,4.24,0.18,5.27,0.01
2511,,6.07,,,
2512,,5.69,,,
2513,,6.16,,,
2514,,5.61,,,
2515,,5.89,,,
2516,,5.99,,,
2517,,4.62,0.17,,
2518,,4.89,,6.85,<0.002
2519,,6.38,,,
2520,,6.65,,,
2521,,6.23,,,
2522,,5.89,,,
2523,,6.33,,,
2524,,6.29,0.4,,
2525,,4.88,,3.77,<0.002
2526,,6.04,,,
2527,,6.10,,,
2528,,5.94,,,
2529,,6.00,,,
2530,,6.05,,,
2531,,5.90,0.25,11.74,0.013
2532,,2.26,,,
2533,,,,,
2534,,5.16,0.16,,
2535,,4.18,,,
2536,,6.18,,,
2537,,5.21,,,
2538,,5.28,2.12,,
2539,,2.05,,10.5997,0.0553
2540,,6.25,,,
2541,,6.43,,,
2542,,6.04,,,
2543,,5.87,,,
2544,,6.05,,,
2545,,4.92,0.22,14.09,0.009
2546,,4.44,,,
2547,,5.39,,,
2548,,6.15,,,
2549,,6.23,,,
2550,,5.93,,,
2551,,5.74,,,
2552,,5.95,0.63,,
2553,,4.11,,,
2554,,5.35,,12.89,0.0125
2555,,5.85,,,
2556,,5.71,,,
2557,,5.39,,,
2558,,5.15,,,
2559,,5.18,0.21,,
2560,,4.43,,11.5,0.004
2561,,5.53,,,
2562,,5.69,,,
2563,,5.64,,,
2564,,5.68,,,
2565,,5.02,,,
2566,,6.70,0.13,13.2,0.0782
2567,,6.52,,,
2568,,7.38,,,
2569,,6.23,,,
2570,,4.02,,,
2571,,4.99,,,
2572,,4.46,,,
2573,,5.03,0.25,17.3,<0.002
2574,,6.13,,,
2575,,6.62,,,
2576,,6.41,,,
2577,,6.37,,,
2578,,6.27,,,
2579,,6.87,,,
2580,,6.72,0.22,15.6,<0.002
2581,,4.01,,,
2582,,5.67,,,
2583,,6.05,,,
2584,,6.43,,,
2585,,5.79,,,
2586,,6.00,,,
2587,,5.71,1.18,,
2588,,3.62,,11.98,0.037
2589,,6.20,,,
2590,,4.98,,,
2591,,5.43,,,
2592,,5.94,,,
2593,,5.65,,,
2594,,5.23,1.03,10.85,0.0207
2595,,3.38,,,
2596,,4.06,,,
2597,,6.26,,,
2598,,5.87,,,
2599,,5.61,,,
2600,,5.85,0.27,,
2601,,5.28,,,
2602,,4.38,,,
2603,,6.48,,14.36,0.004
2604,,7.07,,,
2605,,6.49,,,
2606,,6.80,,,
2607,,6.36,,,
2608,,5.99,0.23,16.68,0.0127
2609,,4.69,,,
2610,,6.07,,,
2611,,5.81,,,
2612,,4.86,,,
2613,,5.84,,,
2614,,4.35,,,
2615,,4.47,0.29,17.09,0.0318
2616,,3.92,,,
2617,,6.47,,,
2618,,3.78,,,
2619,,3.46,,,
2620,,3.45,,,
2621,,3.62,,,
2622,,5.49,0.25,15.25,0.012
2623,,4.83,,,
2624,,6.60,,,
2625,,5.03,,,
2626,,6.11,,,
2627,,7.46,,,
2628,,4.48,,,
2629,,5.80,0.21,16.12,0.016
2630,,0.49,,,
2631,,,,,
2632,,,,,
2633,,,,,
2634,,,,,
2635,,,,,
2636,,,,,
2637,,,,,
2638,,7.25,0.26,14.2,0.01
2639,,7.47,,,
2640,,7.38,,,
2641,,6.86,,,
2642,,5.96,,,
2643,,5.69,0.26,11.8,0.02
2644,,3.34,,,
2645,,5.60,,,
2646,,1.90,,,
2647,,,,,
2648,,4.94,0.15,9.3,0.012
2649,,5.01,,,
2650,,4.63,,,
2651,,5.01,,,
2652,,5.01,,,
2653,,5.01,,,
2654,,3.05,,,
2655,,,,,
2656,,,,,
2657,,,,,
2658,,,,,
2659,,,,,
2660,,,,,
2661,,,,,
2662,,,,,
2663,,7.18,0.17,11,0.0099
2664,,7.46,,,
2665,,5.05,,,
2666,,7.21,,,
2667,,7.47,,,
2668,,7.46,,,
2669,,7.15,,,
2670,,5.47,,,
2671,,6.22,0.14,13.8,0.0028
2672,,4.30,,,
2673,,6.26,,,
2674,,0.20,,,
2675,,6.22,,,
2676,,7.46,,,
2677,,7.46,,,
2678,,,,,
2679,,,,,
2680,,,,,
2681,,,,,
2682,,,,,
2683,,,,,
2684,,,,,
2685,,,,,
2686,,,,,
2687,,,,,
2688,,,,,
2689,,,,,
2690,,,,,
2691,,,,,
2692,,,,,
2693,,,,,
2694,,,,,
2695,,,,,
2696,,,,,
2697,,,,,
2698,,,,,
2699,,,,,
2700,,,,,
2701,,,,,
2702,,,,,
2703,,,,,
2704,,,,,
2705,,,,,
2706,,,,,
2707,,,,,
2708,,,,,
2709,,7.36,,,
2710,,6.69,,,
2711,,5.16,0.13,,0.034
2712,,,,,
2713,,,,,
2714,,,,,
2715,,,,,
2716,,,,,
2717,,4.91,0.16,9.13,<0.01
2718,,5.47,,,
2719,,5.47,,,
2720,,5.47,0.11,,
2721,,5.47,,,
2722,,4.50,,,
2723,,,,,
2724,,,,,
2725,,,,,
2726,,,,,
2727,,5.37,0.17,7.65,<0.01
2728,,6.42,,,
2729,,6.46,,,
2730,,5.31,,,
2731,,5.00,,,
2732,,5.02,,,
2733,,5.13,,,
2734,,4.29,0.17,4.99,<0.01
2735,,4.97,,,
2736,,2.98,,,
2737,,,,,
2738,,,,,
2739,,,,,
2740,,,,,
2741,,,,,
2742,,,,,
2743,,,,,
2744,,,,,
2745,,4.93,0.14,5.51,0.275
2746,,4.60,,,
2747,,,,,
2748,,,,,
2749,,,,,
2750,,,,,
2751,,,,,
2752,,,,,
2753,,5.01,0.21,8.21,0.012
2754,,5.01,,,
2755,,5.03,,,
2756,,5.68,,,
2757,,5.98,,,
2758,,1.47,,,
2759,,,,,
2760,,,,,
2761,,5.24,0.26,6.46,<0.01
2762,,5.51,,,
2763,,5.97,,,
2764,,6.64,,,
2765,,6.67,,,
2766,,1.14,,,
2767,,,,,
2768,,,,,
2769,,,,,
2770,,,,,
2771,,,,,
2772,,,,,
2773,,,,,
2774,,5.17,0.4,7.74,0.0025
2775,,5.47,,,
2776,,2.20,,,
2777,,,,,
2778,,,,,
2779,,,,,
2780,,,,,
2781,,,,,
2782,,5.92,0.14,10.83,<0.002
2783,,7.51,,,
2784,,5.02,,,
2785,,7.35,,,
2786,,8.02,,,
2787,,7.82,,,
2788,,7.32,,,
2789,,5.97,,,
2790,,6.14,,,
2791,,6.47,0.2,5.61,0.201
2792,,7.42,,,
2793,,7.47,,,
2794,,7.47,,,
2795,,5.29,,,
2796,,,,,
2797,,,,,
2798,,,,,
2799,,,,,
2800,,,,,
2801,,,,,
2802,,,,,
2803,,,,,
2804,,,,,
2805,,,,,
2806,,,,,
2807,,,,,
2808,,,,,
2809,,,,,
2810,,2.13,0.15,6.27,0.005
2811,,6.19,,,
2812,,5.91,,,
2813,,,,,
2814,,2.89,,,
2815,,6.97,0.07,7.48,0.025
2816,,7.81,,,
2817,,7.80,,,
2818,,7.72,0.07,5.04,0.05
2819,,6.13,,,
2820,,6.01,,,
2821,,,,,
2822,,,,,
2823,,,,,
2824,,7.96,,,
2825,,6.53,0.25,7.12,0.052
2826,,6.77,,,
2827,,7.00,,,
2828,,5.96,,,
2829,,6.30,,,
2830,,7.26,,,
2831,,7.24,,,
2832,,6.54,0.2,7.31,0.06
2833,,4.36,,,
2834,,3.80,,,
2835,,0.65,,,
2836,,,,,
2837,,3.98,0.16,5.19,0.041
2838,,6.31,,,
2839,,6.53,,,
2840,,5.99,,,
2841,,7.09,,,
2842,,5.61,,,
2843,,6.85,,,
2844,,7.45,,,
2845,,5.66,0.22,,
2846,,6.57,,,
2847,,6.14,,5.67,0.053
2848,,6.49,,,
2849,,5.97,,,
2850,,6.88,,,
2851,,6.95,,,
2852,,6.59,,,
2853,,6.33,0.19,,
2854,,6.94,,6.12,0.06
2855,,6.78,,,
2856,,6.80,,,
2857,,6.72,,,
2858,,6.07,,,
2859,,6.12,,,
2860,,6.40,0.11,6.7,0.06
2861,,4.09,,,
2862,,4.02,,,
2863,,3.88,,,
2864,,3.54,,,
2865,,3.40,,,
2866,,6.52,,,
2867,,6.31,0.27,5.5,0.089
2868,,6.40,,,
2869,,6.35,,,
2870,,6.62,,,
2871,,6.71,,,
2872,,6.79,,,
2873,,6.67,,,
2874,,5.98,0.3,,
2875,,6.34,,8.2,0.095
2876,,6.82,,,
2877,,6.13,,,
2878,,5.82,,,
2879,,6.82,,,
2880,,6.93,,,
2881,,6.29,0.3,7.2,0.171
2882,,6.40,,,
2883,,7.21,,,
2884,,5.05,,,
2885,,6.45,,,
2886,,7.04,,,
2887,,6.64,,,
2888,,6.21,0.68,6.4,0.18
2889,,5.83,,,
2890,,6.20,,,
2891,,6.14,,,
2892,,6.14,,,
2893,,6.95,,,
2894,,6.49,,,
2895,,6.33,0.5,6.71,0.187
2896,,6.26,,,
2897,,6.28,,,
2898,,5.95,,,
2899,,5.36,,,
2900,,6.29,,,
2901,,6.42,,,
2902,,7.00,0.68,,
2903,,6.89,,,
2904,,6.71,,12.20,0.196
2905,,5.47,,,
2906,,6.03,,,
2907,,6.56,,,
2908,,5.38,,,
2909,,6.26,0.18,,
2910,,6.84,,12.45,0.150
2911,,4.98,,,
2912,,6.09,,,
2913,,6.30,,,
2914,,6.31,,,
2915,,6.29,,,
2916,,6.31,,,
2917,,6.30,0.49,,
2918,,6.50,,7.85,0.129
2919,,7.08,,,
2920,,7.50,,,
2921,,7.38,,,
2922,,5.32,0.28,,
2923,,5.99,,,
2924,,6.13,,9.2,0.244
2925,,6.27,,,
2926,,6.78,,,
2927,,7.94,,,
2928,,7.37,,,
2929,,6.05,,,
2930,,6.11,0.31,,
2931,,6.36,,10.1,0.188
2932,,6.33,,,
2933,,6.50,,,
2934,,6.35,,,
2935,,6.33,,,
2936,,6.62,,,
2937,,6.22,0.48,,
2938,,6.65,,11.9,0.180
2939,,6.52,,,
2940,,5.84,,,
2941,,6.84,,,
2942,,6.05,,,
2943,,6.50,0.22,,
2944,,5.54,,,
2945,,6.14,,10.5,0.084
2946,,6.25,,,
2947,,4.27,,,
2948,,5.64,,,
2949,,6.23,,,
2950,,7.31,,,
2951,,6.61,0.45,,
2952,,5.89,,10.2,0.127
2953,,5.99,,,
2954,,6.00,,,
2955,,6.15,,,
2956,,6.21,,,
2957,,7.75,,,
2958,,7.67,0.46,,
2959,,6.00,,12.4,0.080
2960,,6.86,,,
2961,,6.26,,,
2962,,6.94,,,
2963,,7.15,,,
2964,,7.10,,,
2965,,7.10,0.86,10.0,0.198
2966,,6.76,,,
2967,,6.67,,,
2968,,6.54,,,
2969,,5.62,,,
2970,,6.47,,,
2971,,6.75,,,
2972,,6.81,0.52,,
2973,,6.45,,8.6,0.130
2974,,4.92,,,
2975,,6.20,,,
2976,,6.22,,,
2977,,6.23,,,
2978,,6.31,,,
2979,,7.50,0.48,,
2980,,7.49,,9.0,0.147
2981,,6.31,,,
2982,,6.35,,,
2983,,6.34,,,
2984,,6.33,,,
2985,,6.33,,,
2986,,6.32,0.12,,
2987,,7.54,,9.8,0.099
2988,,6.52,,,
2989,,7.06,,,
2990,,6.29,,,
2991,,5.84,,,
2992,,5.56,,,
2993,,6.80,0.18,9.1,0.084
2994,,6.85,,,
2995,,6.67,,,
2996,,5.58,,,
2997,,5.79,,,
2998,,6.23,,,
2999,,1.02,0.19,8.8,0.078
3000,,,,,
3001,,,,,
3002,,,,,
3003,,,,,
3004,,,,,
3005,,,,,
3006,,,,,
3007,,,,,
3008,,,,,
3009,,,,,
3010,,,,,
3011,,,,,
3012,,,,,
3013,,1.25,0.35,5.9,0.086
3014,,4.29,,,
3015,,7.24,,,
3016,,6.86,,,
3017,,7.05,,,
3018,,5.95,,,
3019,,6.13,,,
3020,,5.01,,,
3021,,6.15,0.14,,
3022,,5.67,,9.02,0.067
3023,,6.21,,,
3024,,5.12,,,
3025,,0.65,,,
3026,,,,,
3027,,,,,
3028,,,,,
3029,,,,,
3030,,,,,
3031,,,,,
3032,,5.81,0.22,7.03,0.048
3033,,6.47,,,
3034,,6.41,,,
3035,,6.79,0.11,,
3036,,7.61,,7.03,0.051
3037,,7.64,,,
3038,,7.66,,,
3039,,7.30,,,
3040,,5.95,,,
3041,,6.35,,,
3042,,4.56,0.34,5.78,0.060
3043,,5.59,,,
3044,,6.48,,,
3045,,5.83,,,
3046,,6.77,,,
3047,,6.38,,,
3048,,3.57,,6.1,0.049
3049,,,,,
3050,,,0.38,,
3051,,,,,
3052,,,,,
3053,,,,,
3054,,,,,
3055,,,,,
3056,,6.21,,4.5,0.066
3057,,6.63,,,
3058,,6.90,0.31,,
3059,,1.39,,,
3060,,,,,
3061,,,,,
3062,,,,,
3063,,,,,
3064,,5.97,0.32,5.3,0.054
3065,,8.29,,,
3066,,8.45,,,
3067,,6.57,,,
3068,,6.37,,,
3069,,6.39,,,
3070,,6.39,,4.1,0.092
3071,,6.39,,,
3072,,6.39,,,
3073,,6.39,,,
3074,,6.38,,,
3075,,6.38,,,
3076,,6.38,,,
3077,,6.38,0.28,3.0,0.086
3078,,6.37,,,
3079,,6.32,,,
3080,,,,,
3081,,,,,
3082,,,,,
3083,,,,,
3084,,,,,
3085,,4.81,0.24,4.3,0.04
3086,,5.88,,,
3087,,0.12,,,
3088,,,,,
3089,,,,,
3090,,,,,
3091,,,,,
3092,,,,,
3093,,5.28,0.3,4.9,0.069
3094,,5.86,,,
3095,,6.30,,,
3096,,7.16,,,
3097,,6.64,0.29,4.9,0.097
3098,,,,,
3099,,,,,
3100,,7.68,0.22,5.6,0.136
3101,,7.21,,,
3102,,6.35,,,
3103,,5.52,,,
3104,,7.14,,,
3105,,6.20,0.12,4.1,0.061
3106,,6.37,,,
3107,,4.41,,,
3108,,,,,
3109,,,,,
3110,,,,,
3111,,,,,
3112,,,,,
3113,,,,,
3114,,,,,
3115,,,,,
3116,,,,,
3117,,,,,
3118,,,,,
3119,,,,,
3120,,,,,
3121,,,,,
3122,,,,,
3123,,,,,
3124,,,,,
3125,,8.05,0.12,4.1,0.044
3126,,8.25,,,
3127,,7.57,,,
3128,,6.26,,,
3129,,6.32,,,
3130,,6.32,,,
3131,,6.32,,,
3132,,6.32,,,
3133,,4.72,0.12,4.4,0.065
3134,,0.17,,,
3135,,,,,
3136,,5.18,0.11,3.8,0.056
3137,,6.05,,,
3138,,6.33,,,
3139,,6.54,,,
3140,,6.49,0.08,3.8,0.080
3141,,2.37,,,
3142,,,,,
3143,,,,,
3144,,,,,
3145,,,,,
3146,,,,,
3147,,,,,
3148,,,,,
3149,,7.44,0.09,3.4,0.048
3150,,8.27,,,
3151,,6.71,,,
3152,,6.41,,,
3153,,6.38,,,
3154,,4.14,0.08,3.8,0.050
3155,,0.96,,,
3156,,,,,
3157,,,,,
3158,,,,,
3159,,,,,
3160,,6.35,0.18,3.4,0.080
3161,,6.87,,,
3162,,6.04,,,
3163,,4.18,,,
3164,,3.70,,,
3165,,3.85,,,
3166,,5.31,,,
3167,,5.97,,,
3168,,6.44,0.28,2.4,0.098
3169,,6.27,,,
3170,,4.94,,,
3171,,3.94,,,
3172,,3.08,,,
3173,,5.51,,,
3174,,3.80,,,
3175,,4.30,0.11,,
3176,,3.12,,3.2,0.075
3177,,2.54,,,
3178,,2.07,,,
3179,,3.88,,,
3180,,6.06,,,
3181,,6.79,,,
3182,,5.75,0.12,3.4,0.086
3183,,6.10,,,
3184,,6.76,,,
3185,,6.23,,,
3186,,6.27,,,
3187,,6.27,,,
3188,,6.27,,,
3189,,5.34,0.11,2.8,0.078
3190,,,,,
3191,,,,,
3192,,,,,
3193,,,,,
3194,,,,,
3195,,5.60,0.22,3.0,0.100
3196,,6.72,,,
3197,,6.70,,,
3198,,5.41,,,
3199,,6.23,,,
3200,,6.25,,,
3201,,6.26,,,
3202,,7.64,,,
3203,,7.01,0.2,3.5,0.140
3204,,6.80,,,
3205,,5.27,,,
3206,,5.37,,,
3207,,4.88,,,
3208,,6.06,,,
3209,,6.12,,,
3210,,6.28,,2.6,0.104
3211,,6.24,0.27,,
3212,,6.24,,,
3213,,4.09,,,
3214,,3.61,,,
3215,,3.81,,,
3216,,3.84,,,
3217,,3.77,,2.2,0.146
3218,,3.36,0.26,,
3219,,5.38,,,
3220,,6.11,,,
3221,,5.97,,,
3222,,6.22,,,
3223,,6.22,,,
3224,,4.15,0.41,3.2,0.212
3225,,2.06,,,
3226,,3.40,,,
3227,,2.56,,,
3228,,2.46,,,
3229,,2.26,,,
3230,,5.73,,,
3231,,6.72,0.5,5.1,0.182
3232,,5.66,,,
3233,,6.05,,,
3234,,6.64,,,
3235,,6.77,,,
3236,,6.56,,,
3237,,6.77,,,
3238,,6.78,,,
3239,,6.49,0.33,,
3240,,6.31,,3.8,0.745
3241,,5.57,,,
3242,,6.23,,,
3243,,6.21,,,
3244,,6.76,,,
3245,,6.09,0.15,2.6,0.051
3246,,7.43,,,
3247,,6.89,,,
3248,,5.85,,,
3249,,3.74,,,
3250,,1.95,,,
3251,,4.61,,,
3252,,6.09,0.34,3.4,0.124
3253,,6.68,,,
3254,,6.78,,,
3255,,7.08,,,
3256,,7.92,,,
3257,,6.26,,,
3258,,6.69,,,
3259,,6.44,0.25,,
3260,,3.93,,,
3261,,5.63,,2.3,0.339
3262,,4.25,,,
3263,,6.41,,,
3264,,5.45,,,
3265,,5.36,,,
3266,,5.47,0.49,,
3267,,5.68,,3.0,0.146
3268,,6.23,,,
3269,,6.70,,,
3270,,6.84,,,
3271,,6.17,,,
3272,,6.50,,,
3273,,6.45,0.43,,
3274,,6.70,,5.1,0.131
3275,,6.93,,,
3276,,6.56,,,
3277,,6.75,,,
3278,,6.54,,,
3279,,6.42,,,
3280,,6.17,0.92,,
3281,,6.49,,5.5,0.336
3282,,6.72,,,
3283,,6.97,,,
3284,,6.17,,,
3285,,6.04,,,
3286,,6.37,,,
3287,,5.98,1.37,,
3288,,6.01,,5.4,0.294
3289,,5.61,,,
3290,,5.12,,,
3291,,5.33,,,
3292,,5.75,,,
3293,,6.42,,,
3294,,6.86,0.97,5.4,0.339
3295,,6.33,,,
3296,,4.99,,,
3297,,5.55,,,
3298,,6.31,,,
3299,,5.94,,,
3300,,5.90,,,
3301,,5.67,0.87,,
3302,,6.44,,7.2,0.579
3303,,5.35,,,
3304,,5.89,,,
3305,,5.44,,,
3306,,6.33,,,
3307,,5.88,,,
3308,,5.73,0.89,7.9,0.406
3309,,6.16,,,
3310,,6.56,,,
3311,,6.73,,,
3312,,6.68,,,
3313,,5.47,,,
3314,,4.62,,,
3315,,5.17,0.48,,
3316,,4.70,,6.6,0.232
3317,,5.20,,,
3318,,4.19,,,
3319,,4.69,,,
3320,,4.58,,,
3321,,6.71,,,
3322,,6.71,0.63,4.5,0.262
3323,,6.76,,,
3324,,6.58,,,
3325,,6.76,,,
3326,,8.11,,,
3327,,6.98,,,
3328,,6.98,,,
3329,,6.80,0.54,4.7,0.269
3330,,6.93,,,
3331,,7.00,,,
3332,,6.90,,,
3333,,8.35,,,
3334,,6.78,,,
3335,,6.68,,,
3336,,6.09,0.33,,
3337,,6.35,,5.3,0.168
3338,,5.45,,,
3339,,5.60,,,
3340,,6.13,,,
3341,,6.31,,,
3342,,7.77,,,
3343,,8.24,0.33,,
3344,,6.42,,6.1,0.231
3345,,6.29,,,
3346,,6.06,,,
3347,,6.67,,,
3348,,6.52,,,
3349,,6.87,,,
3350,,6.01,0.93,,
3351,,6.12,,5.3,0.204
3352,,6.20,,,
3353,,6.45,,,
3354,,5.87,,,
3355,,6.01,,,
3356,,6.28,,,
3357,,6.06,0.28,,
3358,,6.64,,4.4,0.153
3359,,5.70,,,
3360,,5.70,,,
3361,,6.64,,,
3362,,5.66,,,
3363,,6.59,,,
3364,,6.06,0.27,,
3365,,5.75,,4.7,0.141
3366,,6.17,,,
3367,,5.32,,,
3368,,7.23,,,
3369,,6.35,,,
3370,,5.98,,,
3371,,5.55,0.29,,
3372,,5.13,,,
3373,,5.98,,4.2,0.195
3374,,1.14,,,
3375,,,,,
3376,,,,,
3377,,,,,
3378,,,,,
3379,,,,,
3380,,,,,
3381,,,,,
3382,,,,,
3383,,,,,
3384,,,,,
3385,,,,,
3386,,,,,
3387,,6.13,0.17,2.8,0.10
3388,,4.94,,,
3389,,6.79,,,
3390,,5.97,,,
3391,,6.63,0.29,3.4,0.20
3392,,6.30,,,
3393,,,,,
3394,,,,,
3395,,,,,
3396,,,,,
3397,,,,,
3398,,,,,
3399,,6.32,0.24,2.7,0.14
3400,,6.76,,,
3401,,5.35,,,
3402,,6.44,,,
3403,,5.93,,,
3404,,5.81,,,
3405,,5.35,,,
3406,,5.32,0.47,5.6,0.24
3407,,5.78,,,
3408,,6.92,,,
3409,,5.70,,,
3410,,6.79,,,
3411,,6.41,,,
3412,,5.61,,,
3413,,4.90,0.64,6.9,0.255
3414,,4.22,,,
3415,,0.22,,,
3416,,,,,
3417,,,,,
3418,,,,,
3419,,,,,
3420,,,,,
3421,,,,,
3422,,6.64,0.25,4.5,0.106
3423,,3.92,,,
3424,,0.31,,,
3425,,,,,
3426,,,,,
3427,,,,,
3428,,,,,
3429,,,,,
3430,,,,,
3431,,,,,
3432,,4.47,0.37,3.2,0.127
3433,,4.82,,,
3434,,5.91,,,
3435,,6.54,,,
3436,,6.31,,,
3437,,6.21,,,
3438,,6.51,,,
3439,,5.88,,,
3440,,5.90,,,
3441,,6.59,0.26,8.5,0.106
3442,,0.15,,,
3443,,,,,
3444,,,,,
3445,,,,,
3446,,7.75,0.19,8.6,0.121
3447,,6.33,,,
3448,,6.34,,,
3449,,6.75,,,
3450,,6.53,,,
3451,,0.60,,,
3452,,,,,
3453,,,,,
3454,,0.53,,,
3455,,5.34,0.29,11.6,0.247
3456,,5.42,,,
3457,,6.07,,,
3458,,6.69,,,
3459,,5.43,,,
3460,,7.23,,,
3461,,6.24,,,
3462,,6.81,0.15,4.1,0.148
3463,,6.75,,,
3464,,6.89,,,
3465,,7.52,,,
3466,,7.86,,,
3467,,5.84,,,
3468,,1.15,,,
3469,,,,,
3470,,,,,
3471,,,,,
3472,,,,,
3473,,,,,
3474,,,,,
3475,,5.34,0.2,,
3476,,6.21,,,
3477,,5.54,,2.5,0.13
3478,,4.87,,,
3479,,3.24,,,
3480,,3.96,,,
3481,,3.33,,,
3482,,,,,
3483,,,,,
3484,,,,,
3485,,,,,
3486,,,,,
3487,,,,,
3488,,,,,
3489,,5.73,0.5,1.8,0.23
3490,,5.57,,,
3491,,4.93,,,
3492,,6.13,,,
3493,,6.20,,,
3494,,6.11,,,
3495,,6.20,,,
3496,,6.57,,,
3497,,6.50,0.2,3.9,0.15
3498,,6.70,,,
3499,,0.42,,,
3500,,,,,
3501,,,,,
3502,,,,,
3503,,,,,
3504,,,,,
3505,,,,,
3506,,,,,
3507,,,,,
3508,,6.92,0.26,3.4,0.06
3509,,6.55,,,
3510,,6.72,,,
3511,,6.79,0.55,,
3512,,2.56,,3.3,0.20
3513,,,,,
3514,,,,,
3515,,,,,
3516,,,,,
3517,,,,,
3518,,,,,
3519,,,,,
3520,,,,,
3521,,4.75,0.57,4.4,0.13
3522,,5.86,,,
3523,,7.31,,,
3524,,6.01,,,
3525,,6.31,0.39,4.7,0.17
3526,,5.81,,,
3527,,5.96,,,
3528,,6.59,,,
3529,,6.72,,,
3530,,6.44,,,
3531,,,,,
3532,,,,,
3533,,,,,
3534,,,,,
3535,,,,,
3536,,,,,
3537,,,,,
3538,,,,,
3539,,,,,
3540,,,,,
3541,,,,,
3542,,,,,
3543,,,,,
3544,,,,,
3545,,6.49,0.84,3.0,0.176
3546,,6.67,,,
3547,,6.47,,,
3548,,6.67,,,
3549,,5.11,,,
3550,,6.27,,,
3551,,6.35,,,
3552,,6.81,,,
3553,,8.05,0.39,,
3554,,6.62,,6.4,0.174
3555,,5.91,,,
3556,,6.49,,,
3557,,6.44,,,
3558,,6.72,,,
3559,,6.75,,,
3560,,6.77,0.35,5.2,0.209
3561,,1.30,,,
3562,,,,,
3563,,,,,
3564,,,,,
3565,,,,,
3566,,,,,
3567,,,,,
3568,,5.29,0.2,4.6,0.081
3569,,6.81,,,
3570,,6.91,,,
3571,,6.39,,,
3572,,6.48,,,
3573,,6.62,,,
3574,,6.58,0.18,5.0,0.0985
3575,,6.78,,,
3576,,6.78,,,
3577,,6.60,,,
3578,,7.25,,,
3579,,7.31,,,
3580,,6.76,,,
3581,,4.96,0.34,,
3582,,5.50,,4.5,0.133
3583,,7.06,,,
3584,,6.06,,,
3585,,6.30,,,
3586,,7.12,,,
3587,,6.67,,,
3588,,6.49,0.22,4.1,0.134
3589,,6.16,,,
3590,,6.33,,,
3591,,6.00,,,
3592,,6.31,,,
3593,,6.29,,,
3594,,6.75,,,
3595,,5.83,0.26,4.1,0.132
3596,,7.04,,,
3597,,6.34,,,
3598,,6.04,,,
3599,,6.96,,,
3600,,7.45,,,
3601,,6.93,,,
3602,,6.80,0.35,,
3603,,6.69,,4.8,0.182
3604,,4.96,,,
3605,,5.62,,,
3606,,5.58,,,
3607,,7.38,,,
3608,,5.70,,,
3609,,6.60,0.27,5.1,0.186
3610,,6.38,,,
3611,,6.20,,,
3612,,6.36,,,
3613,,5.90,,,
3614,,6.23,,,
3615,,6.42,,,
3616,,6.23,0.27,5.2,0.162
3617,,6.08,,,
3618,,6.91,,,
3619,,5.78,,,
3620,,5.80,,,
3621,,6.24,,,
3622,,6.65,,,
3623,,5.76,0.4,4.4,0.16
3624,,6.37,,,
3625,,5.97,,,
3626,,5.86,,,
3627,,5.74,,,
3628,,6.11,,,
3629,,5.63,,,
3630,,5.59,0.3,4.7,0.13
3631,,5.39,,,
3632,,5.60,,,
3633,,6.03,,,
3634,,5.68,,,
3635,,6.21,,,
3636,,5.63,,,
3637,,6.25,0.4,4.4,0.11
3638,,6.21,,,
3639,,5.80,,,
3640,,5.37,,,
3641,,5.75,,,
3642,,6.03,,,
3643,,5.28,,,
3644,,5.72,0.8,5.8,0.15
3645,,6.22,,,
3646,,6.38,,,
3647,,5.31,,,
3648,,6.52,,,
3649,,5.73,,,
3650,,5.76,,,
3651,,6.31,0.5,,
3652,,5.96,,6.2,0.17
3653,,5.07,,,
3654,,5.86,,,
3655,,5.41,,,
3656,,6.01,,,
3657,,6.15,,,
3658,,5.54,0.3,6,0.11
3659,,5.64,,,
3660,,5.99,,,
3661,,5.63,,,
3662,,6.22,,,
3663,,6.09,,,
3664,,5.48,,7,0.16
3665,,5.93,0.5,,
3666,,5.99,,,
3667,,5.58,,,
3668,,5.43,,,
3669,,5.54,,,
3670,,6.03,,,
3671,,5.45,,,
3672,,4.61,,,
3673,,6.19,0.2,9,0.06
3674,,4.51,,,
3675,,6.53,,,
3676,,6.51,,,
3677,,7.03,,,
3678,,5.80,,,
3679,,5.44,0.2,6,0.05
3680,,5.39,,,
3681,,5.23,,,
3682,,6.00,,,
3683,,5.67,,,
3684,,6.06,,,
3685,,5.75,,,
3686,,4.33,0.4,6,0.15
3687,,6.13,,,
3688,,6.21,,,
3689,,6.09,,,
3690,,5.28,,,
3691,,6.28,,,
3692,,5.23,,,
3693,,6.42,0.2,4,0.09
3694,,5.51,,,
3695,,5.33,,,
3696,,6.41,,,
3697,,5.33,,,
3698,,5.71,,,
3699,,5.86,,,
3700,,5.68,0.3,4,0.14
3701,,5.57,,,
3702,,4.93,,,
3703,,6.08,,,
3704,,6.11,,,
3705,,6.68,,,
3706,,6.16,,,
3707,,4.60,0.7,5,0.18
3708,,5.70,,,
3709,,6.74,,,
3710,,5.55,,,
3711,,6.79,,,
3712,,6.17,,,
3713,,6.18,,,
3714,,6.25,0.4,4,0.14
3715,,4.96,,,
3716,,4.03,,,
3717,,4.69,,,
3718,,6.08,,,
3719,,5.92,,,
3720,,6.38,,,
3721,,4.72,0.1,5,0.13
3722,,5.40,,,
3723,,5.30,,,
3724,,5.82,,,
3725,,6.92,,,
3726,,6.38,,,
3727,,5.37,,,
3728,,5.59,0.4,5,0.16
3729,,5.47,,,
3730,,5.98,,,
3731,,6.11,,,
3732,,6.52,,,
3733,,6.49,,,
3734,,4.86,,,
3735,,5.97,1.5,7,0.25
3736,,6.48,,,
3737,,6.23,,,
3738,,6.44,,,
3739,,5.58,,,
3740,,6.51,,,
3741,,3.11,2.1,5,0.28
3742,,,,,
3743,,,,,
3744,,,,,
3745,,,,,
3746,,,,,
3747,,,,,
3748,,,,,
3749,,,,,
3750,,,,,
3751,,2.72,,,
3752,,4.70,0.5,5,0.21
3753,,6.23,,,
3754,,6.47,,,
3755,,6.80,,,
3756,,6.43,0.3,6,0.14
3757,,6.22,,,
3758,,6.48,,,
3759,,6.10,,,
3760,,5.90,,,
3761,,6.59,,,
3762,,6.32,,,
3763,,6.46,0.6,5,0.18
3764,,6.58,,,
3765,,6.83,,,
3766,,5.77,,,
3767,,6.55,,,
3768,,6.23,,,
3769,,5.84,,,
3770,,6.49,0.5,5,0.17
3771,,5.50,,,
3772,,6.04,,,
3773,,5.74,,,
3774,,5.90,,,
3775,,6.54,,,
3776,,5.90,,,
3777,,6.21,0.2,3,0.14
3778,,4.59,,,
3779,,6.20,,,
3780,,5.98,,,
3781,,6.68,,,
3782,,6.25,,,
3783,,6.24,,,
3784,,6.57,0.3,6,0.11
3785,,5.95,,,
3786,,5.28,,,
3787,,6.05,,,
3788,,6.61,,,
3789,,6.23,,,
3790,,5.63,,,
3791,,6.30,,,
3792,,5.35,0.2,6,0.1
3793,,5.86,,,
3794,,5.89,,,
3795,,6.35,,,
3796,,5.57,,,
3797,,6.80,,,
3798,,6.59,0.2,7,0.22
3799,,6.65,,,
3800,,5.82,,,
3801,,1.41,,,
3802,,0.02,,,
3803,,,,,
3804,,,,,
3805,,4.20,2.1,6,0.27
3806,,6.18,,,
3807,,6.47,,,
3808,,6.04,,,
3809,,6.19,,,
3810,,6.25,,,
3811,,4.01,0.2,7,0.13
3812,,,,,
3813,,,,,
3814,,,,,
3815,,,,,
3816,,,,,
3817,,,,,
3818,,,,,
3819,,,,,
3820,,,,,
3821,,,,,
3822,,3.66,0.1,,
3823,,4.87,,,
3824,,6.26,,,
3825,,6.15,,,
3826,,1.95,0.1,5,0.07
3827,,,,,
3828,,5.00,,5,0.07
3829,,6.98,,,
3830,,,,,
3831,,5.95,,,
3832,,5.41,,,
3833,,5.87,0.2,6,0.2
3834,,5.84,,,
3835,,5.76,,,
3836,,5.54,,,
3837,,6.48,,,
3838,,6.16,,,
3839,,5.22,,,
3840,,6.24,0.9,6,0.36
3841,,5.79,,,
3842,,5.99,,,
3843,,4.36,,,
3844,,6.51,,,
3845,,5.41,,,
3846,,6.10,,,
3847,,5.99,0.5,6,0.49
3848,,5.65,,,
3849,,6.21,,,
3850,,2.57,,,
3851,,,,,
3852,,3.04,2.6,4,2.47
3853,,3.57,,,
3854,,,,,
3855,,,,,
3856,,,,,
3857,,,,,
3858,,,,,
3859,,,,,
3860,,,,,
3861,,,,,
3862,,,,,
3863,,,,,
3864,,3.27,0.3,5,0.19
3865,,3.76,,,
3866,,6.48,,,
3867,,5.36,,,
3868,,3.77,0.2,3,0.56
3869,,,,,
3870,,,,,
3871,,,,,
3872,,,,,
3873,,,,,
3874,,,,,
3875,,,,,
3876,,2.58,0.1,3,0.21
3877,,5.62,,,
3878,,5.96,,,
3879,,4.73,,,
3880,,,,,
3881,,,,,
3882,,,,,
3883,,,,,
3884,,,,,
3885,,,,,
3886,,,,,
3887,,,,,
3888,,,,,
3889,,,,,
3890,,3.35,2.9,3,0.57
3891,,7.54,,,
3892,,0.33,,,
3893,,3.11,,,
3894,,,,,
3895,,,,,
3896,,,,,
3897,,,,,
3898,,,,,
3899,,1.26,,,
3900,,4.91,1.8,2,0.37
3901,,6.52,,,
3902,,6.37,,,
3903,,5.12,5.4,2,0.4
3904,,,,,
3905,,,,,
3906,,,,,
3907,,,,,
3908,,,,,
3909,,,,,
3910,,,,,
3911,,6.47,0.7,3,0.83
3912,,6.47,,,
3913,,6.45,,,
3914,,4.63,,,
3915,,2.21,,,
3916,,2.06,,,
3917,,1.96,0.2,7,0.11
3918,,2.32,,,
3919,,2.52,,,
3920,,2.36,,,
3921,,3.79,,,
3922,,6.12,,,
3923,,6.27,,,
3924,,5.98,0.2,3,0.58
3925,,2.40,,,
3926,,,,,
3927,,,,,
3928,,,,,
3929,,,,,
3930,,,,,
3931,,3.13,0.3,2,0.36
3932,,6.64,,,
3933,,5.83,,,
3934,,4.51,,,
3935,,6.57,,,
3936,,6.71,,,
3937,,7.04,,,
3938,,5.14,0.3,2,0.28
3939,,5.63,,,
3940,,6.38,,,
3941,,5.92,,,
3942,,6.79,,,
3943,,5.86,,,
3944,,6.04,,,
3945,,5.64,0.3,3,0.45
3946,,6.26,,,
3947,,5.21,,,
3948,,5.22,,,
3949,,5.95,,,
3950,,6.47,,,
3951,,6.59,,,
3952,,5.76,0.1,3,0.2
3953,,5.14,,,
3954,,2.27,,,
3955,,2.07,,,
3956,,3.87,,,
3957,,6.33,,,
3958,,5.69,,,
3959,,6.23,0.2,3,0.3
3960,,4.38,,,
3961,,4.14,,,
3962,,4.01,,,
3963,,4.37,,,
3964,,6.68,,,
3965,,6.12,,,
3966,,6.14,0.3,4,0.22
3967,,4.45,,,
3968,,6.95,,,
3969,,3.96,,,
3970,,4.11,,,
3971,,3.47,,,
3972,,3.11,,,
3973,,4.04,0.2,2,0.3
3974,,5.45,,,
3975,,5.58,,,
3976,,8.19,,,
3977,,6.50,,,
3978,,4.89,,,
3979,,6.17,,,
3980,,6.23,0.2,3,0.23
3981,,6.30,,,
3982,,6.71,,,
3983,,5.85,,,
3984,,6.23,,,
3985,,6.36,,,
3986,,6.10,,,
3987,,5.61,0.3,3,0.21
3988,,6.12,,,
3989,,5.78,,,
3990,,6.12,,,
3991,,6.02,,,
3992,,6.47,,,
3993,,6.82,,,
3994,,5.71,0.6,3,0.17
3995,,5.97,,,
3996,,6.19,,,
3997,,5.56,,,
3998,,3.19,,,
3999,,3.77,,,
4000,,4.92,,,
4001,,6.12,1.1,3,0.46
4002,,6.20,,,
4003,,4.83,,,
4004,,6.15,,,
4005,,6.80,,,
4006,,5.54,,,
4007,,6.11,,,
4008,,5.88,0.4,4,0.71
4009,,5.43,,,
4010,,6.20,,,
4011,,7.06,,,
4012,,5.85,,,
4013,,6.55,,,
4014,,6.19,,,
4015,,6.14,0.6,4,0.62
4016,,6.47,,,
4017,,6.12,,,
4018,,5.96,,,
4019,,5.96,,,
4020,,5.92,,,
4021,,5.87,,,
4022,,6.00,0.5,4,0.55
4023,,6.27,,,
4024,,6.03,,,
4025,,5.75,,,
4026,,5.71,,,
4027,,6.25,,,
4028,,6.43,1.2,,
4029,,5.79,1.0,4,0.59
4030,,5.99,,,
4031,,5.75,,,
4032,,5.93,,,
4033,,6.67,,,
4034,,6.40,,,
4035,,6.21,,,
4036,,6.61,,,
4037,,6.32,0.4,4,0.49
4038,,6.25,,,
4039,,6.05,,,
4040,,6.14,,,
4041,,6.13,,,
4042,,6.35,1.3,,
4043,,5.59,0.5,5,0.41
4044,,6.16,,,
4045,,5.65,,,
4046,,5.82,,,
4047,,6.47,,,
4048,,6.87,,,
4049,,5.85,2.0,,
4050,,5.98,0.6,5,0.27
4051,,6.39,,,
4052,,5.86,,,
4053,,6.29,,,
4054,,7.49,,,
4055,,5.05,0.8,,
4056,,5.35,,,
4057,,6.64,1.1,5,0.23
4058,,6.41,,,
4059,,6.91,,,
4060,,7.49,,,
4061,,4.78,,,
4062,,5.86,,,
4063,,7.60,,,
4064,,6.61,0.8,6,0.21
4065,,6.24,,,
4066,,7.49,,,
4067,,7.49,,,
4068,,7.39,,,
4069,,7.00,,,
4070,,5.46,,,
4071,,6.39,1.6,5,0.21
4072,,6.57,0.4,,
4073,,6.54,,,
4074,,6.19,,,
4075,,7.00,,,
4076,,7.49,0.8,,
4077,,6.32,,,
4078,,6.02,,,
4079,,6.27,,5,0.09
4080,,6.37,,,
4081,,6.54,,,
4082,,6.34,,,
4083,,6.02,,,
4084,,5.77,,,
4085,,6.97,0.3,5,0.19
4086,,4.93,,,
4087,,6.20,,,
4088,,6.07,,,
4089,,6.71,,,
4090,,5.37,,,
4091,,6.03,0.2,,
4092,,6.15,,,
4093,,6.37,0.2,5,0.05
4094,,5.96,,,
4095,,5.50,,,
4096,,6.76,,,
4097,,5.77,0.2,,
4098,,5.57,,,
4099,,6.01,,,
4100,,6.04,0.1,7,0.03
4101,,6.23,,,
4102,,6.67,,,
4103,,7.14,,,
4104,,6.76,,,
4105,,5.33,,,
4106,,4.29,0.2,7,0.05
4107,,6.36,,,
4108,,5.96,,,
4109,,6.07,,,
4110,,6.77,,,
4111,,6.35,,,
4112,,6.17,,,
4113,,6.31,0.1,6,0.05
4114,,6.23,,,
4115,,6.37,,,
4116,,4.67,,,
4117,,,,,
4118,,,,,
4119,,,,,
4120,,,,,
4121,,,,,
4122,,,,,
4123,,,,,
4124,,,,,
4125,,,,,
4126,,,,,
4127,,,,,
4128,,,,,
4129,,,,,
4130,,,,,
4131,,5.39,0.1,5,
4132,,7.81,,,
4133,,6.10,0.1,,
4134,,6.13,0.1,5,
4135,,,,,
4136,,,,,
4137,,,,,
4138,,,,,
4139,,3.09,0.3,,
4140,,6.96,,,
4141,,6.82,,,
4142,,6.34,0.2,6,0.1
4143,,6.55,,,
4144,,6.38,,,
4145,,6.76,,,
4146,,6.64,,,
4147,,6.36,,,
4148,,6.15,0.1,6,0.1
4149,,6.60,,,
4150,,6.38,,,
4151,,3.67,,,
4152,,,,,
4153,,4.00,,,
4154,,5.81,0.2,7,0.2
4155,,6.08,,,
4156,,6.79,,,
4157,,5.23,,,
4158,,5.96,,,
4159,,5.85,,,
4160,,6.84,,,
4161,,5.67,,,
4162,,3.61,0.2,7,0.15
4163,,,,,
4164,,,,,
4165,,,,,
4166,,,,,
4167,,,,,
4168,,,,,
4169,,,,,
4170,,,,,
4171,,2.39,,,
4172,,7.08,0.2,6,0.12
4173,,6.85,,,
4174,,7.25,,,
4175,,5.90,0.2,5,0.09
4176,,6.24,,,
4177,,5.85,,,
4178,,6.18,,,
4179,,6.48,,,
4180,,6.10,,,
4181,,6.10,0.4,,
4182,,6.05,,,
4183,,6.25,,,
4184,,5.54,0.6,6,0.34
4185,,6.30,,,
4186,,6.20,,,
4187,,6.19,,,
4188,,6.44,,,
4189,,6.17,,,
4190,,5.60,0.8,6,0.34
4191,,5.75,,,
4192,,6.06,,,
4193,,3.91,,,
4194,,0.00,,,
4195,,3.76,,,
4196,,6.09,0.3,6,0.13
4197,,5.85,,,
4198,,6.08,,,
4199,,6.01,,,
4200,,6.39,,,
4201,,5.99,,,
4202,,6.87,0.1,6,0.07
4203,,5.98,,,
4204,,5.70,0.2,6,0.07
4205,,5.55,,,
4206,,4.96,,,
4207,,1.87,,,
4208,,2.10,,,
4209,,2.29,0.1,5,0.06
4210,,,,,
4211,,,,,
4212,,,,,
4213,,,,,
4214,,,,,
4215,,1.67,,,
4216,,2.09,,,
4217,,2.08,0.2,5,0.05
4218,,2.08,,,
4219,,2.08,,,
4220,,2.06,,,
4221,,,,,
4222,,,,,
4223,,,,,
4224,,,,,
4225,,,,,
4226,,,,,
4227,,6.44,0.2,4,0.06
4228,,6.45,,,
4229,,6.29,,,
4230,,6.29,,,
4231,,6.07,,,
4232,,3.34,0.1,,
4233,,,,,
4234,,,,,
4235,,,,,
4236,,1.32,,3,0.12
4237,,2.07,,,
4238,,2.14,1.5,4,0.14
4239,,5.80,,,
4240,,6.28,,,
4241,,6.37,,,
4242,,6.50,,,
4243,,6.25,,,
4244,,6.75,0.1,,
4245,,2.26,0.7,9,0.3
4246,,,,,
4247,,,,,
4248,,,,,
4249,,,,,
4250,,1.58,,,
4251,,2.59,,,
4252,,2.31,,,
4253,,2.15,1.2,,
4254,,4.00,0.1,10,0.13
4255,,3.59,,,
4256,,,,,
4257,,,,,
4258,,,,,
4259,,,,,
4260,,,,,
4261,,3.85,,,
4262,,6.21,,,
4263,,6.40,,,
4264,,6.31,,,
4265,,6.57,,,
4266,,6.36,,,
4267,,5.46,0.5,7,0.27
4268,,5.97,,,
4269,,4.30,,,
4270,,2.10,,,
4271,,2.00,,,
4272,,2.06,,,
4273,,1.36,0.1,5,0.04
4274,,,,,
4275,,,,,
4276,,,,,
4277,,,,,
4278,,,,,
4279,,,,,
4280,,3.66,,,
4281,,6.68,0.1,7,0.13
4282,,6.48,,,
4283,,6.54,,,
4284,,6.38,,,
4285,,6.85,,,
4286,,6.61,,,
4287,,5.63,0.2,,
4288,,6.36,,,
4289,,6.25,,6,0.12
4290,,6.20,,,
4291,,5.70,,,
4292,,5.95,,,
4293,,6.42,,,
4294,,6.11,,,
4295,,6.29,0.2,6,0.13
4296,,4.73,,,
4297,,2.76,,,
4298,,4.70,,,
4299,,6.79,,,
4300,,6.92,,,
4301,,5.74,,,
4302,,5.68,0.2,7,0.13
4303,,5.71,,,
4304,,6.28,,,
4305,,6.44,,,
4306,,7.11,,,
4307,,7.17,0.2,,
4308,,6.50,,,
4309,,6.67,0.2,6,0.11
4310,,6.18,,,
4311,,6.13,,,
4312,,6.76,,,
4313,,7.26,,,
4314,,7.03,,,
4315,,6.05,,,
4316,,3.28,,,
4317,,5.31,0.1,9,0.06
4318,,6.40,,,
4319,,6.75,,,
4320,,7.04,,,
4321,,6.77,,,
4322,,6.26,0.2,8,0.12
4323,,6.60,,,
4324,,6.16,,,
4325,,6.53,,,
4326,,7.10,,,
4327,,7.33,,,
4328,,6.54,0.4,9,0.23
4329,,6.26,,,
4330,,6.14,,,
4331,,7.18,,,
4332,,6.92,,,
4333,,5.20,,,
4334,,6.13,,,
4335,,6.53,,,
4336,,6.04,,,
4337,,5.38,0.7,8,0.39
4338,,5.95,,,
4339,,6.30,,,
4340,,5.77,,,
4341,,6.16,,,
4342,,6.71,,,
4343,,5.84,0.3,7,0.24
4344,,5.69,,,
4345,,5.93,,,
4346,,7.54,,,
4347,,6.42,,,
4348,,5.72,,,
4349,,6.74,2.7,,
4350,,7.22,1.5,8,0.35
4351,,5.89,,,
4352,,5.17,,,
4353,,6.55,,,
4354,,5.91,,,
4355,,6.15,,,
4356,,7.25,,,
4357,,6.15,,,
4358,,5.43,0.2,8,0.79
4359,,6.33,,,
4360,,5.79,,,
4361,,5.88,,,
4362,,6.30,,,
4363,,6.27,,,
4364,,5.37,0.4,9,0.15
4365,,6.17,,,
4366,,6.25,,,
4367,,6.06,,,
4368,,5.95,,,
4369,,6.97,,,
4370,,6.12,0.5,8,0.08
4371,,5.63,,,
4372,,5.89,,,
4373,,4.82,,,
4374,,4.47,,,
4375,,7.44,,,
4376,,7.44,,,
4377,,6.47,,,
4378,,5.96,,,
4379,,4.95,0.7,7,0.18
4380,,5.93,,,
4381,,6.26,,,
4382,,6.24,,,
4383,,6.13,,,
4384,,6.95,,,
4385,,5.05,,,
4386,,5.80,0.5,9,0.16
4387,,6.24,,,
4388,,5.76,,,
4389,,5.83,,,
4390,,6.36,,,
4391,,6.46,0.5,9,0.12
4392,,5.89,,,
4393,,6.23,,,
4394,,5.74,,,
4395,,5.62,,,
4396,,5.02,,,
4397,,6.28,,,
4398,,5.28,,,
4399,,5.94,,,
4400,,3.87,0.3,9,0.18
4401,,4.62,,,
4402,,5.49,,,
4403,,5.78,,,
4404,,6.54,,,
4405,,6.05,,,
4406,,5.31,0.8,9,0.18
4407,,5.96,,,
4408,,5.69,,,
4409,,5.66,,,
4410,,5.23,,,
4411,,6.45,,,
4412,,6.09,,,
4413,,5.23,,,
4414,,5.85,0.3,11,0.15
4415,,5.43,,,
4416,,5.96,,,
4417,,4.30,,,
4418,,6.71,,,
4419,,5.48,,,
4420,,5.55,,,
4421,,6.05,0.3,12,0.2
4422,,5.39,,,
4423,,5.68,,,
4424,,6.20,,,
4425,,6.27,,,
4426,,5.95,,,
4427,,5.48,0.3,13,0.15
4428,,5.59,,,
4429,,5.89,,,
4430,,5.97,,,
4431,,5.92,,,
4432,,5.68,,,
4433,,6.83,0.3,,
4434,,5.04,0.2,,
4435,,5.35,0.5,,
4436,,5.23,0.3,9,0.16
4437,,5.91,0.3,11,0.19
4438,,5.03,,,
4439,,6.48,,,
4440,,6.23,,,
4441,,4.94,,12,0.2
4442,,5.54,0.3,12,0.27
4443,,5.71,,13,0.16
4444,,5.94,,,
4445,,5.51,,,
4446,,7.42,,,
4447,,4.57,,,
4448,,4.10,1.3,8,0.42
4449,,5.70,0.8,8,0.39
4450,,5.82,0.8,8,0.39
4451,,4.23,0.7,9,0.38
4452,,,,,
4453,,2.85,,,
4454,,5.62,1.1,6,0.34
4455,,5.14,,,
4456,,5.58,,,
4457,,5.34,,,
4458,,5.70,,,
4459,,5.15,,,
4460,,5.71,,,
4461,,6.72,,,
4462,,5.60,,,
4463,,5.11,1.0,5,0.32
4464,,2.76,,,
4465,,0.00,,,
4466,,0.00,,,
4467,,4.98,,,
4468,,6.28,,,
4469,,5.74,1.6,5,0.35
4470,,5.67,,,
4471,,5.96,,,
4472,,3.68,,,
4473,,2.05,,,
4474,,2.03,,,
4475,,2.62,0.6,6,0.24
4476,,4.65,,,
4477,,,,,
4478,,,,,
4479,,,,,
4480,,2.35,,,
4481,,5.17,,,
4482,,6.16,,,
4483,,5.71,,,
4484,,5.99,0.4,6,0.24
4485,,5.97,,,
4486,,6.08,,,
4487,,6.23,,,
4488,,6.62,,,
4489,,6.08,,,
4490,,5.93,0.4,6,0.19
4491,,5.68,,,
4492,,5.60,,,
4493,,5.83,,,
4494,,6.07,,,
4495,,6.44,,,
4496,,6.26,1.4,4,0.25
4497,,5.45,,,
4498,,5.69,,,
4499,,5.78,,,
4500,,5.87,,,
4501,,2.93,,,
4502,,2.31,,,
4503,,2.51,,,
4504,,2.50,,,
4505,,2.50,0.2,9,0.16
4506,,2.49,,,
4507,,2.32,,,
4508,,,,,
4509,,,,,
4510,,,,,
4511,,,,,
4512,,,,,
4513,,,,,
4514,,,,,
4515,,,,,
4516,,,,,
4517,,2.76,,,
4518,,7.06,0.4,5,0.2
4519,,6.96,,,
4520,,,,,
4521,,,,,
4522,,6.14,,,
4523,,6.46,,,
4524,,5.65,,,
4525,,6.06,,,
4526,,6.48,0.2,4,0.15
4527,,6.58,,,
4528,,6.36,,,
4529,,5.91,,,
4530,,5.57,,,
4531,,5.98,,,
4532,,6.45,,,
4533,,5.86,0.4,5,0.23
4534,,6.02,,,
4535,,6.06,,,
4536,,5.93,,,
4537,,5.84,,,
4538,,5.86,0.2,,
4539,,5.92,,3,0.12
4540,,5.95,,,
4541,,5.97,,,
4542,,6.19,,,
4543,,6.17,,,
4544,,6.99,,,
4545,,6.99,,,
4546,,6.26,,,
4547,,5.82,0.2,3,0.11
4548,,4.47,,,
4549,,3.30,,,
4550,,2.55,,,
4551,,3.47,,,
4552,,4.27,,,
4553,,1.91,0.2,4,0.08
4554,,,,,
4555,,,,,
4556,,,,,
4557,,,,,
4558,,,,,
4559,,,,,
4560,,,,,
4561,,,,,
4562,,3.78,0.1,5,0.04
4563,,,,,
4564,,,,,
4565,,,,,
4566,,,,,
4567,,,,,
4568,,,,,
4569,,4.69,0.1,5,0.11
4570,,6.49,,,
4571,,6.58,,,
4572,,7.08,,,
4573,,6.99,,,
4574,,6.40,0.1,6,0.1
4575,,5.93,,,
4576,,1.89,,,
4577,,,,,
4578,,,,,
4579,,,,,
4580,,,,,
4581,,,,,
4582,,,,,
4583,,,,,
4584,,,,,
4585,,,,,
4586,,,,,
4587,,,,,
4588,,3.13,0.1,3,0.02
4589,,3.84,,,
4590,,1.94,,,
4591,,,,,
4592,,,,,
4593,,,,,
4594,,,,,
4595,,,,,
4596,,,,,
4597,,,,,
4598,,,,,
4599,,,,,
4600,,,,,
4601,,4.60,,,
4602,,7.98,0.2,8,0.15
4603,,5.97,,,
4604,,3.98,,,
4605,,1.28,,,
4606,,,,,
4607,,,,,
4608,,2.30,,,
4609,,3.77,0.1,4,0.03
4610,,1.97,,,
4611,,0.00,,,
4612,,0.00,,,
4613,,3.71,,,
4614,,6.35,,,
4615,,6.18,,,
4616,,4.20,0.2,8,0.22
4617,,0.00,,,
4618,,0.00,,,
4619,,0.00,,,
4620,,0.00,,,
4621,,0.00,,,
4622,,0.00,,,
4623,,0.00,,,
4624,,0.00,,,
4625,,0.00,,,
4626,,0.00,,,
4627,,0.00,,,
4628,,4.21,0.2,5,0.13
4629,,6.50,,,
4630,,6.50,,,
4631,,6.15,0.5,,
4632,,6.00,,,
4633,,6.00,,,
4634,,5.63,,,
4635,,6.00,,,
4636,,5.51,,,
4637,,5.50,,,
4638,,5.51,0.2,4,0.1
4639,,5.51,,,
4640,,4.88,,,
4641,,6.22,,,
4642,,7.58,,,
4643,,6.43,,,
4644,,6.53,,,
4645,,7.00,0.1,4,0.1
4646,,6.99,,,
4647,,6.95,,,
4648,,6.98,,,
4649,,6.67,,,
4650,,6.50,,,
4651,,6.75,0.2,5,0.1
4652,,7.00,,,
4653,,6.99,,,
4654,,6.63,,,
4655,,6.89,,,
4656,,7.00,,,
4657,,7.00,,,
4658,,6.76,,,
4659,,6.81,0.1,5,0.09
4660,,5.15,,,
4661,,6.52,,,
4662,,6.78,,,
4663,,6.88,,,
4664,,6.66,,,
4665,,6.50,0.1,10,0.11
4666,,6.51,,,
4667,,4.20,,,
4668,,5.52,,,
4669,,6.02,,,
4670,,2.86,,,
4671,,3.75,,,
4672,,8.00,0.2,8,0.1
4673,,5.81,,,
4674,,5.80,,,
4675,,6.54,,,
4676,,6.52,,,
4677,,6.52,,,
4678,,6.15,,,
4679,,6.10,0.4,5,0.09
4680,,7.50,,,
4681,,6.82,,,
4682,,6.53,,,
4683,,6.52,,,
4684,,6.16,,,
4685,,6.01,,,
4686,,6.15,,,
4687,,6.51,0.2,3,0.05
4688,,4.43,,,
4689,,5.44,,,
4690,,7.65,,,
4691,,7.49,,,
4692,,7.29,,,
4693,,6.56,0.2,5,0.06
4694,,3.63,,,
4695,,7.78,,,
4696,,7.03,,,
4697,,7.18,,,
4698,,6.61,,,
4699,,6.78,,,
4700,,6.84,,,
4701,,6.85,0.2,5,0.1
4702,,5.85,,,
4703,,6.84,,,
4704,,6.95,,,
4705,,6.84,,,
4706,,6.84,,,
4707,,6.85,0.1,3,0.08
4708,,6.84,,,
4709,,6.85,,,
4710,,5.03,,,
4711,,5.25,,,
4712,,5.88,,,
4713,,6.04,,,
4714,,6.26,1.0,5,0.22
4715,,6.54,,,
4716,,6.53,,,
4717,,6.54,,,
4718,,5.59,,,
4719,,6.45,,,
4720,,7.12,,,
4721,,7.02,0.2,5,0.11
4722,,6.93,,,
4723,,6.98,,,
4724,,5.34,,,
4725,,5.70,,,
4726,,3.95,,,
4727,,4.41,,,
4728,,4.30,,,
4729,,6.61,0.2,3,0.07
4730,,7.33,,,
4731,,6.60,,,
4732,,6.98,,,
4733,,6.26,,,
4734,,5.82,,,
4735,,6.10,0.5,8,0.12
4736,,6.28,,,
4737,,6.48,,,
4738,,6.48,,,
4739,,6.44,,,
4740,,5.76,,,
4741,,6.48,,,
4742,,6.97,,,
4743,,7.66,,,
4744,,7.49,0.2,5,0.07
4745,,6.93,,,
4746,,6.02,,,
4747,,5.87,,,
4748,,5.47,,,
4749,,6.25,,,
4750,,6.28,,,
4751,,6.25,0.7,6,0.12
4752,,6.40,,,
4753,,6.30,,,
4754,,6.30,,,
4755,,6.12,,,
4756,,6.77,0.6,6,0.2
4757,,6.49,,,
4758,,6.12,,,
4759,,6.50,,,
4760,,6.42,,,
4761,,6.13,,,
4762,,6.12,,,
4763,,6.00,0.6,6,0.24
4764,,5.92,,,
4765,,6.37,,,
4766,,6.50,,,
4767,,6.60,,,
4768,,6.15,,,
4769,,5.86,,,
4770,,4.78,,,
4771,,6.33,0.6,5,0.24
4772,,6.49,,,
4773,,6.45,,,
4774,,6.50,,,
4775,,6.50,,,
4776,,4.68,,,
4777,,6.37,0.3,4,0.16
4778,,6.52,,,
4779,,6.53,,,
4780,,6.53,,,
4781,,6.14,,,
4782,,6.05,,,
4783,,5.45,,,
4784,,5.67,0.3,4,0.14
4785,,6.54,,,
4786,,6.38,,,
4787,,6.37,,,
4788,,6.45,,,
4789,,5.35,,,
4790,,6.45,,,
4791,,4.49,0.9,7,0.25
4792,,3.40,,,
4793,,5.54,,,
4794,,6.00,,,
4795,,6.49,,,
4796,,3.31,,,
4797,,5.45,,,
4798,,5.32,0.4,8,0.2
4799,,5.96,,,
4800,,6.35,,,
4801,,6.62,,,
4802,,6.44,,,
4803,,5.57,,,
4804,,5.38,,,
4805,,5.99,0.5,6,0.2
4806,,5.62,,,
4807,,5.48,,,
4808,,5.13,,,
4809,,5.87,,,
4810,,5.60,,,
4811,,2.79,0.3,6,0.22
4812,,0.00,,,
4813,,0.00,,,
4814,,0.00,,,
4815,,0.00,,,
4816,,0.00,,,
4817,,2.77,,,
4818,,4.82,,,
4819,,4.27,0.4,6,0.13
4820,,2.89,,,
4821,,3.32,,,
4822,,3.55,,,
4823,,5.09,,,
4824,,6.24,,,
4825,,4.74,,,
4826,,3.54,0.2,6,0.07
4827,,3.64,,,
4828,,3.44,,,
4829,,4.46,,,
4830,,6.00,,,
4831,,6.00,,,
4832,,6.00,,,
4833,,5.99,0.2,6,0.1
4834,,6.00,,,
4835,,5.99,,,
4836,,6.00,,,
4837,,6.00,,,
4838,,6.00,,,
4839,,4.98,,,
4840,,6.99,0.6,5,0.18
4841,,6.99,,,
4842,,6.98,,,
4843,,6.91,,,
4844,,6.95,,,
4845,,6.88,,,
4846,,6.55,,,
4847,,5.95,1.3,6,0.33
4848,,6.52,,,
4849,,6.52,,,
4850,,6.54,0.5,,
4851,,5.96,,,
4852,,6.59,,,
4853,,4.65,,,
4854,,0.75,0.7,6,0.19
4855,,0.00,,,
4856,,0.00,,,
4857,,0.00,,,
4858,,0.00,,,
4859,,3.15,,,
4860,,4.54,,,
4861,,4.54,0.3,5,0.1
4862,,3.79,,,
4863,,3.90,,,
4864,,3.81,,,
4865,,3.67,,,
4866,,0.00,,,
4867,,0.00,,,
4868,,0.00,,,
4869,,0.00,,,
4870,,0.00,,,
4871,,0.00,,,
4872,,0.00,,,
4873,,0.00,,,
4874,,0.00,,,
4875,,0.00,,,
4876,,0.00,,,
4877,,0.00,,,
4878,,2.62,0.1,7,0.05
4879,,5.91,,,
4880,,5.81,,,
4881,,6.55,,,
4882,,6.86,0.5,3,0.14
4883,,7.03,,,
4884,,7.12,,,
4885,,6.56,,,
4886,,7.05,,,
4887,,7.38,,,
4888,,6.12,,,
4889,,6.64,0.6,5,0.26
4890,,6.79,,,
4891,,6.17,,,
4892,,6.09,,,
4893,,6.30,,,
4894,,4.74,,,
4895,,3.92,,,
4896,,2.92,0.4,6,0.17
4897,,3.12,,,
4898,,3.52,,,
4899,,1.91,,,
4900,,0.00,,,
4901,,0.00,,,
4902,,0.00,,,
4903,,2.01,0.2,4,0.06
4904,,1.12,,,
4905,,0.00,,,
4906,,3.39,,,
4907,,5.39,,,
4908,,5.98,,,
4909,,5.98,,,
4910,,6.05,0.3,6,0.19
4911,,6.47,,,
4912,,6.44,,,
4913,,6.19,,,
4914,,6.47,,,
4915,,6.46,,,
4916,,5.14,,,
4917,,5.85,0.2,5,0.07
4918,,6.97,,,
4919,,6.46,,,
4920,,6.29,,,
4921,,6.39,,,
4922,,6.29,,,
4923,,6.14,,,
4924,,6.00,0.3,7,0.17
4925,,6.00,,,
4926,,4.47,,,
4927,,3.16,,,
4928,,2.05,,,
4929,,1.77,,,
4930,,1.71,,,
4931,,1.20,0.1,7,0.06
4932,,2.77,,,
4933,,6.41,,,
4934,,3.09,,,
4935,,1.97,,,
4936,,2.08,,,
4937,,4.87,,,
4938,,6.02,0.1,4,0.07
4939,,3.69,,,
4940,,2.07,,,
4941,,2.20,,,
4942,,2.36,,,
4943,,1.97,,,
4944,,2.23,,,
4945,,2.06,0.1,3,0.01
4946,,2.06,,,
4947,,2.08,,,
4948,,2.06,,,
4949,,1.93,,,
4950,,1.93,,,
4951,,1.98,,,
4952,,2.06,0.1,5,
4953,,2.07,,,
4954,,2.07,,,
4955,,2.07,,,
4956,,2.72,,,
4957,,5.95,,,
4958,,6.32,,,
4959,,6.03,0.1,8,0.04
4960,,3.10,,,
4961,,1.98,,,
4962,,1.82,,,
4963,,1.41,,,
4964,,1.56,,,
4965,,1.56,,,
4966,,1.64,0.1,8,0.04
4967,,0.98,,,
4968,,0.00,,,
4969,,1.63,,,
4970,,3.30,,,
4971,,2.11,,,
4972,,1.54,,,
4973,,1.63,0.1,5,0.02
4974,,2.06,,,
4975,,2.41,,,
4976,,2.03,,,
4977,,2.84,,,
4978,,6.16,,,
4979,,4.91,,,
4980,,2.66,0.1,6,0.03
4981,,2.09,,,
4982,,2.08,,,
4983,,1.85,0.1,,
4984,,2.07,,,
4985,,2.07,,,
4986,,2.07,,,
4987,,1.81,0.1,4,
4988,,,,,
4989,,2.20,,,
4990,,4.62,,,
4991,,6.05,,,
4992,,6.57,,,
4993,,6.57,,,
4994,,3.23,0.2,6,0.07
4995,,1.33,,,
4996,,1.99,,,
4997,,1.68,,,
4998,,1.58,,,
4999,,1.55,,,
5000,,2.04,,,
5001,,4.51,0.3,6,0.18
5002,,4.67,,,
5003,,2.34,,,
5004,,2.08,,,
5005,,1.98,,,
5006,,1.85,,,
5007,,1.97,,,
5008,,3.25,1.3,6,0.24
5009,,3.99,,,
5010,,6.42,,,
5011,,6.26,,,
5012,,6.36,,,
5013,,6.58,,,
5014,,6.57,,,
5015,,3.75,0.1,6,0.09
5016,,2.08,,,
5017,,2.17,,,
5018,,2.07,,,
5019,,2.10,,,
5020,,3.71,,,
5021,,5.72,,,
5022,,6.43,0.1,5,0.06
5023,,6.72,,,
5024,,6.21,,,
5025,,6.33,,,
5026,,6.45,,,
5027,,6.83,,,
5028,,6.59,,,
5029,,6.59,0.2,5,0.07
5030,,6.94,0.1,4,0.03
5031,,6.74,,,
5032,,6.59,,,
5033,,6.58,,,
5034,,6.59,,,
5035,,6.68,,,
5036,,6.48,0.4,5,0.06
5037,,6.57,,,
5038,,5.61,,,
5039,,5.78,,,
5040,,6.07,,,
5041,,6.42,,,
5042,,6.57,,,
5043,,6.90,0.2,5,0.13
5044,,5.53,,,
5045,,7.05,,,
5046,,7.05,,,
5047,,6.98,,,
5048,,5.71,,,
5049,,4.76,,,
5050,,6.08,0.2,2,0.07
5051,,3.24,,,
5052,,3.35,,,
5053,,5.95,,,
5054,,5.28,,,
5055,,5.54,,,
5056,,5.48,,,
5057,,5.32,0.4,5,0.09
5058,,7.15,,,
5059,,6.79,,,
5060,,6.04,,,
5061,,5.99,,,
5062,,5.96,,,
5063,,6.65,,,
5064,,6.47,0.4,5,0.15
5065,,6.85,,,
5066,,6.54,,,
5067,,6.07,0.1,5,0.04
5068,,6.17,,,
5069,,6.13,,,
5070,,6.35,,,
5071,,6.10,0.4,6,0.15
5072,,6.14,,,
5073,,6.49,,,
5074,,7.56,,,
5075,,7.72,,,
5076,,7.25,,,
5077,,7.30,,,
5078,,6.92,0.5,4,0.1
5079,,7.39,,,
5080,,6.68,,,
5081,,6.82,,,
5082,,6.02,,,
5083,,5.32,,,
5084,,5.48,,,
5085,,6.00,0.8,4,0.18
5086,,5.80,,,
5087,,5.76,0.2,,
5088,,6.45,,,
5089,,6.33,,,
5090,,6.05,,,
5091,,5.40,,,
5092,,6.09,1.1,4,0.15
5093,,6.52,,,
5094,,6.03,,,
5095,,5.94,,,
5096,,6.21,,,
5097,,6.06,,,
5098,,5.03,,,
5099,,4.93,0.8,5,0.13
5100,,6.20,,,
5101,,5.64,,,
5102,,5.75,,,
5103,,5.56,,,
5104,,5.86,,,
5105,,5.99,,,
5106,,6.17,0.8,5,0.18
5107,,5.93,,,
5108,,5.96,,,
5109,,5.84,,,
5110,,5.05,,,
5111,,6.30,,,
5112,,6.31,,,
5113,,6.36,1.2,5,0.19
5114,,5.68,,,
5115,,5.02,,,
5116,,4.97,,,
5117,,4.95,,,
5118,,6.12,,,
5119,,6.42,,,
5120,,5.86,1.9,5,0.23
5121,,5.42,,,
5122,,5.01,,,
5123,,4.96,,,
5124,,4.99,,,
5125,,5.02,,,
5126,,5.63,,,
5127,,4.97,2.2,5,0.26
5128,,4.99,,,
5129,,4.93,,,
5130,,4.98,,,
5131,,4.99,,,
5132,,5.97,,,
5133,,5.26,,,
5134,,4.99,1.5,6,0.22
5135,,5.47,,,
5136,,5.32,,,
5137,,5.41,0.3,,
5138,,5.02,,,
5139,,4.96,,,
5140,,4.47,,,
5141,,5.36,1.1,6,0.19
5142,,4.92,,,
5143,,5.01,,,
5144,,5.09,,,
5145,,4.90,,,
5146,,6.09,,,
5147,,5.75,,,
5148,,5.79,,,
5149,,5.57,,,
5150,,6.03,,,
5151,,5.91,1.9,5,0.23
5152,,5.94,,,
5153,,5.76,,,
5154,,5.10,,,
5155,,5.92,,,
5156,,5.60,,,
5157,,5.18,,,
5158,,5.75,2.2,5,0.26
5159,,5.89,,,
5160,,5.91,,,
5161,,6.06,,,
5162,,5.83,,,
5163,,6.04,,,
5164,,5.65,,,
5165,,6.09,1.5,6,0.22
5166,,6.09,,,
5167,,5.51,,,
5168,,5.69,0.3,,
5169,,5.66,,,
5170,,5.98,,,
5171,,5.54,,,
5172,,5.25,1.1,6,0.19
5173,,6.66,,,
5174,,6.68,,,
5175,,6.04,,,
5176,,5.99,0.5,6,0.17
5177,,6.06,,,
5178,,5.89,0.4,,
5179,,5.99,,,
5180,,5.80,,,
5181,,5.93,,,
5182,,5.17,,,
5183,,5.98,0.5,7,0.14
5184,,5.95,,,
5185,,5.33,,,
5186,,5.51,,,
5187,,5.80,,,
5188,,5.90,,,
5189,,6.04,,,
5190,,5.61,,,
5191,,5.70,,,
5192,,4.33,0.2,5,0.06
5193,,6.02,,,
5194,,5.95,,,
5195,,6.21,,,
5196,,6.11,,,
5197,,6.09,0.4,6,0.1
5198,,6.07,,,
5199,,5.90,,,
5200,,5.88,,,
5201,,5.90,,,
5202,,6.08,,,
5203,,6.10,,,
5204,,5.84,0.3,5,0.09
5205,,5.80,,,
5206,,5.98,,,
5207,,5.87,,,
5208,,5.94,,,
5209,,5.81,,,
5210,,5.65,,,
5211,,6.01,0.3,5,0.07
5212,,6.09,,,
5213,,5.89,,,
5214,,5.92,,,
5215,,5.96,,,
5216,,5.80,,,
5217,,6.11,,,
5218,,6.15,0.3,5,0.14
5219,,5.92,,,
5220,,5.97,,,
5221,,5.99,,,
5222,,6.03,,,
5223,,5.69,,,
5224,,5.67,,,
5225,,4.77,0.2,6,0.08
5226,,6.02,,,
5227,,5.88,,,
5228,,6.05,,,
5229,,5.43,,,
5230,,5.84,,,
5231,,6.14,,,
5232,,6.01,0.2,5,0.1
5233,,5.12,,,
5234,,5.92,,,
5235,,5.73,,,
5236,,5.89,,,
5237,,5.89,,,
5238,,6.09,,,
5239,,3.52,0.8,,
5240,,,,,
5241,,,,,
5242,,3.45,,6,0.06
5243,,6.04,,,
5244,,6.20,,,
5245,,6.47,,,
5246,,6.06,,4,0.08
5247,,6.16,,,
5248,,5.87,,,
5249,,5.33,0.4,,
5250,,5.80,,,
5251,,5.76,,,
5252,,5.80,,,
5253,,5.88,0.3,6,0.06
5254,,5.92,,,
5255,,5.96,,,
5256,,5.18,,,
5257,,5.96,,,
5258,,5.47,,,
5259,,6.17,,,
5260,,5.31,0.3,5,0.05
5261,,6.22,,,
5262,,6.16,,,
5263,,4.60,,,
5264,,3.33,,,
5265,,3.18,,,
5266,,4.03,,,
5267,,4.00,0.3,5,0.06
5268,,3.28,,,
5269,,3.50,,,
5270,,4.03,,,
5271,,3.98,,,
5272,,5.90,,,
5273,,5.59,,,
5274,,4.66,0.2,3,0.05
5275,,3.99,,,
5276,,3.57,,,
5277,,3.67,0.2,,
5278,,3.57,,,
5279,,3.88,,,
5280,,4.01,,,
5281,,1.43,0.2,5,0.08
5282,,,,,
5283,,,,,
5284,,3.13,,,
5285,,5.83,,,
5286,,5.94,,,
5287,,5.77,,,
5288,,6.57,0.2,4,0.08
5289,,6.02,,,
5290,,6.20,,,
5291,,5.98,,,
5292,,5.61,,,
5293,,5.90,,,
5294,,6.06,,,
5295,,2.63,0.3,4,0.07
5296,,,,,
5297,,,,,
5298,,,,,
5299,,,,,
5300,,,,,
5301,,,,,
5302,,2.61,,,
5303,,3.26,,4,<0.10
5304,,3.47,,,
5305,,3.67,,,
5306,,4.10,,,
5307,,4.46,,,
5308,,5.01,,,
5309,,1.80,0.3,6,0.06
5310,,,,,
5311,,,,,
5312,,,,,
5313,,,,,
5314,,,,,
5315,,2.27,,,
5316,,5.65,0.4,4,0.09
5317,,5.61,,,
5318,,5.77,,,
5319,,5.78,,,
5320,,5.58,,,
5321,,5.82,,,
5322,,5.82,,,
5323,,5.19,0.3,4,0.08
5324,,5.79,,,
5325,,5.01,,,
5326,,1.55,,,
5327,,,,,
5328,,,,,
5329,,,,,
5330,,2.56,0.3,4,0.11
5331,,4.06,,,
5332,,1.83,,,
5333,,,,,
5334,,,,,
5335,,,,,
5336,,,,,
5337,,2.01,0.2,3,0.06
5338,,2.24,,,
5339,,,,,
5340,,,,,
5341,,,,,
5342,,,,,
5343,,,,,
5344,,3.34,0.3,4,0.04
5345,,3.73,,,
5346,,,,,
5347,,4.35,0.2,,
5348,,6.36,,,
5349,,6.39,,,
5350,,5.81,,,
5351,,5.21,0.2,5,0.08
5352,,3.70,,,
5353,,1.39,,,
5354,,,,,
5355,,,,,
5356,,,,,
5357,,,,,
5358,,3.47,0.1,5,0.03
5359,,4.00,,,
5360,,4.03,,,
5361,,2.66,,,
5362,,3.17,,,
5363,,2.23,,,
5364,,3.43,,,
5365,,3.57,0.2,4,0.06
5366,,4.23,,,
5367,,4.15,0.1,,
5368,,3.89,,,
5369,,3.63,,,
5370,,3.48,,,
5371,,3.67,,,
5372,,2.71,0.2,4,0.07
5373,,,,,
5374,,,,,
5375,,,,,
5376,,,,,
5377,,,,,
5378,,,,,
5379,,2.87,0.3,6,0.14
5380,,3.78,,,
5381,,3.59,,,
5382,,3.53,,,
5383,,4.80,,,
5384,,5.97,,,
5385,,6.88,,,
5386,,4.89,0.2,4,0.07
5387,,4.03,,,
5388,,2.18,,,
5389,,2.00,,,
5390,,2.17,,,
5391,,2.29,,,
5392,,4.33,,,
5393,,3.79,,3,0.06
5394,,4.11,,,
5395,,3.65,,,
5396,,3.56,0.3,,
5397,,1.24,,,
5398,,,,,
5399,,,,,
5400,,4.03,0.1,2,0.02
5401,,4.62,,,
5402,,1.23,,,
5403,,,,,
5404,,2.87,,,
5405,,3.98,,,
5406,,3.47,,,
5407,,3.39,0.3,2,0.03
5408,,3.65,,,
5409,,3.45,,,
5410,,3.81,,,
5411,,3.92,,,
5412,,5.49,,,
5413,,5.88,,,
5414,,7.00,0.2,3,0.09
5415,,3.07,,,
5416,,3.42,,,
5417,,7.27,,,
5418,,6.56,,,
5419,,6.20,,,
5420,,6.09,,,
5421,,3.67,0.2,3,0.07
5422,,3.07,,,
5423,,6.57,,,
5424,,6.21,,,
5425,,6.62,,,
5426,,6.82,,,
5427,,6.54,,,
5428,,6.60,0.3,4,0.11
5429,,6.60,,,
5430,,6.93,,,
5431,,6.26,,,
5432,,6.36,,,
5433,,5.93,,,
5434,,5.30,,,
5435,,5.70,0.3,5,0.13
5436,,5.92,,,
5437,,4.78,,,
5438,,4.96,,,
5439,,5.85,,,
5440,,6.25,,,
5441,,5.48,,,
5442,,5.58,0.4,5,0.16
5443,,5.61,,,
5444,,5.71,,,
5445,,6.37,,,
5446,,6.29,,,
5447,,6.64,,,
5448,,5.62,,,
5449,,4.78,0.9,5,0.38
5450,,3.54,,,
5451,,2.22,,,
5452,,6.61,,,
5453,,6.86,,,
5454,,6.69,,,
5455,,6.27,,,
5456,,3.28,0.4,4,0.13
5457,,3.98,,,
5458,,6.26,,,
5459,,7.62,,,
5460,,6.79,,,
5461,,7.34,,,
5462,,5.98,,,
5463,,6.26,0.3,4,0.14
5464,,6.11,,,
5465,,6.44,,,
5466,,6.75,,,
5467,,6.87,,,
5468,,6.55,,,
5469,,6.35,,,
5470,,5.65,0.8,4,0.19
5471,,,,,
5472,,4.93,,,
5473,,7.42,,,
5474,,7.33,,,
5475,,6.63,,,
5476,,5.56,,,
5477,,6.13,0.7,5,0.25
5478,,6.31,,,
5479,,4.76,,,
5480,,6.48,,,
5481,,6.23,,,
5482,,5.84,,,
5483,,5.42,,,
5484,,4.65,0.8,5,0.25
5485,,5.53,,,
5486,,6.12,,,
5487,,6.52,,,
5488,,6.35,,,
5489,,6.01,,,
5490,,5.58,,,
5491,,6.86,1.3,4,0.27
5492,,3.91,,,
5493,,4.74,,,
5494,,3.82,,,
5495,,5.07,,,
5496,,4.45,,,
5497,,5.74,,,
5498,,6.11,1.1,6,0.21
5499,,5.61,,,
5500,,6.51,,,
5501,,4.87,,,
5502,,6.51,,,
5503,,6.50,,,
5504,,5.49,,,
5505,,5.75,1.3,4,0.24
5506,,6.14,,,
5507,,6.20,,,
5508,,6.07,,,
5509,,6.25,,,
5510,,5.53,,,
5511,,5.70,,,
5512,,5.93,1.3,4,0.21
5513,,5.33,,,
5514,,5.98,,,
5515,,6.04,,,
5516,,5.52,,,
5517,,5.43,,,
5518,,5.53,,,
5519,,4.94,1.1,5,0.21
5520,,6.02,,,
5521,,6.16,,,
5522,,5.99,,,
5523,,5.16,,,
5524,,5.54,,,
5525,,6.00,,,
5526,,6.02,1.0,5,0.21
5527,,3.13,,,
5528,,,,,
5529,,4.22,,,
5530,,6.56,,,
5531,,5.42,,,
5532,,5.49,,,
5533,,4.79,1.3,6,0.22
5534,,5.44,,,
5535,,5.40,,,
5536,,5.35,,,
5537,,5.75,,,
5538,,5.99,,,
5539,,6.40,,,
5540,,6.21,1.1,5,0.22
5541,,5.60,,,
5542,,6.85,,,
5543,,6.32,,,
5544,,6.22,,,
5545,,6.18,,,
5546,,5.05,,,
5547,,5.67,0.5,5,0.18
5548,,5.84,,,
5549,,6.19,,,
5550,,6.07,,,
5551,,6.12,,,
5552,,6.23,,,
5553,,5.88,,,
5554,,5.77,0.3,5,0.32
5555,,6.04,,,
5556,,5.67,,,
5557,,4.48,,,
5558,,3.55,,,
5559,,4.05,,,
5560,,4.02,,,
5561,,4.00,0.6,6,0.13
5562,,4.11,,,
5563,,4.92,,,
5564,,4.90,,,
5565,,4.50,,,
5566,,3.53,,,
5567,,3.97,,,
5568,,4.11,0.3,5,0.09
5569,,4.80,,,
5570,,0.86,,,
5571,,1.35,,,
5572,,3.08,,,
5573,,4.02,,,
5574,,4.75,,,
5575,,5.82,0.8,6,0.35
5576,,6.15,,,
5577,,4.41,,,
5578,,3.54,,,
5579,,3.90,,,
5580,,3.93,,,
5581,,4.38,,,
5582,,3.99,1.0,8,0.2
5583,,3.95,,,
5584,,5.48,,,
5585,,5.41,,,
5586,,4.01,,,
5587,,3.97,,,
5588,,3.16,,,
5589,,3.93,0.7,6,0.2
5590,,4.59,,,
5591,,6.06,,,
5592,,4.91,,,
5593,,3.75,,,
5594,,3.84,,,
5595,,4.68,,,
5596,,5.64,1.0,6,0.21
5597,,4.48,,,
5598,,2.23,,,
5599,,2.43,,,
5600,,5.16,,,
5601,,5.26,,,
5602,,4.98,,,
5603,,4.72,0.3,7,0.08
5604,,3.24,,,
5605,,3.07,,,
5606,,2.76,,,
5607,,4.77,,,
5608,,5.18,,,
5609,,4.94,,,
5610,,1.50,0.2,6,0.08
5611,,4.03,,,
5612,,5.34,,,
5613,,5.06,,,
5614,,6.16,,,
5615,,6.85,,,
5616,,6.72,,,
5617,,3.97,1.0,6,0.43
5618,,1.68,,,
5619,,,,,
5620,,,,,
5621,,4.08,,,
5622,,5.53,,,
5623,,3.93,,,
5624,,4.14,0.2,7,0.12
5625,,4.43,,,
5626,,3.49,,,
5627,,3.07,,,
5628,,3.07,,,
5629,,3.53,,,
5630,,2.95,,,
5631,,1.33,0.3,6,0.06
5632,,,,,
5633,,,,,
5634,,,,,
5635,,,,,
5636,,2.40,,,
5637,,4.50,,,
5638,,3.68,0.2,6,0.09
5639,,4.07,,,
5640,,4.01,,,
5641,,2.81,,,
5642,,2.90,,,
5643,,3.08,,,
5644,,3.60,,,
5645,,3.94,0.2,7,0.11
5646,,4.33,,,
5647,,3.12,,,
5648,,,,,
5649,,,,,
5650,,,,,
5651,,,,,
5652,,1.29,0.1,5,0.04
5653,,,,,
5654,,,,,
5655,,,,,
5656,,,,,
5657,,2.83,,,
5658,,3.83,,,
5659,,2.96,0.1,5,0.07
5660,,3.16,,,
5661,,2.06,,,
5662,,2.06,,,
5663,,3.58,,,
5664,,3.53,,,
5665,,3.58,,,
5666,,3.57,0.2,6,0.04
5667,,3.57,,,
5668,,3.57,,,
5669,,1.26,,,
5670,,,,,
5671,,2.34,,,
5672,,3.39,,,
5673,,3.01,0.1,6,0.04
5674,,3.27,,,
5675,,3.57,,,
5676,,3.57,,,
5677,,3.42,,,
5678,,3.08,,,
5679,,3.08,,,
5680,,1.40,0.1,6,0.04
5681,,1.51,,,
5682,,3.49,,,
5683,,3.08,,,
5684,,3.27,,,
5685,,3.57,,,
5686,,3.57,,,
5687,,3.57,0.2,5,0.06
5688,,3.07,,,
5689,,2.30,,,
5690,,3.17,,,
5691,,3.07,,,
5692,,3.07,,,
5693,,3.07,,,
5694,,3.24,0.1,6,0.05
5695,,3.36,,,
5696,,3.57,,,
5697,,3.39,,,
5698,,2.32,,,
5699,,3.57,,,
5700,,3.36,,,
5701,,2.96,0.2,6,0.05
5702,,3.05,,,
5703,,3.06,,,
5704,,3.06,,,
5705,,3.26,,,
5706,,3.55,,,
5707,,3.56,,,
5708,,1.79,0.3,6,0.12
5709,,,,,
5710,,,,,
5711,,1.95,,,
5712,,3.05,,,
5713,,3.05,,,
5714,,3.06,,,
5715,,2.71,0.1,6,0.21
5716,,3.05,,,
5717,,2.75,,,
5718,,3.05,,,
5719,,2.79,,,
5720,,2.40,,,
5721,,2.31,,,
5722,,2.12,0.1,6,0.09
5723,,2.51,,,
5724,,2.95,,,
5725,,2.87,,,
5726,,3.06,,,
5727,,2.96,,,
5728,,2.53,,,
5729,,2.53,1.2,6,0.15
5730,,2.56,,,
5731,,2.56,,,
5732,,2.56,,,
5733,,2.56,,,
5734,,2.65,,,
5735,,2.81,,,
5736,,2.81,0.3,7,0.14
5737,,2.81,,,
5738,,2.42,,,
5739,,2.81,,,
5740,,2.06,,,
5741,,2.07,,,
5742,,2.56,,,
5743,,2.12,0.2,5,0.06
5744,,2.56,,,
5745,,2.56,,,
5746,,2.63,,,
5747,,3.01,,,
5748,,2.81,,,
5749,,2.81,,,
5750,,2.81,0.3,5,0.07
5751,,2.80,,,
5752,,2.81,,,
5753,,3.36,,,
5754,,3.78,,,
5755,,3.63,,,
5756,,3.14,,,
5757,,3.46,2.8,5,0.22
5758,,3.32,,,
5759,,2.91,,,
5760,,1.80,,,
5761,,2.80,,,
5762,,2.81,,,
5763,,2.81,,,
5764,,2.71,0.2,6,0.06
5765,,2.55,,,
5766,,2.56,,,
5767,,2.56,,,
5768,,2.56,,,
5769,,2.56,,,
5770,,2.56,,,
5771,,2.02,0.3,7,0.08
5772,,2.56,,,
5773,,2.66,,,
5774,,2.66,,,
5775,,2.81,,,
5776,,2.82,,,
5777,,2.80,,,
5778,,4.34,0.3,6,0.23
5779,,5.56,,,
5780,,6.04,,,
5781,,6.04,,,
5782,,5.35,,,
5783,,4.40,,,
5784,,5.42,,,
5785,,4.69,0.7,5,0.53
5786,,5.92,,,
5787,,6.12,,,
5788,,6.03,,,
5789,,6.02,,,
5790,,5.83,,,
5791,,5.29,,,
5792,,4.53,1.4,,
5793,,5.54,,6,0.46
5794,,5.64,,,
5795,,4.35,,,
5796,,6.55,,,
5797,,6.85,,,
5798,,6.38,,,
5799,,6.25,1.3,6,0.4
5800,,5.82,,,
5801,,4.59,,,
5802,,5.89,,,
5803,,4.63,,,
5804,,5.65,,,
5805,,5.05,,,
5806,,5.49,2.9,5,0.37
5807,,6.03,,,
5808,,5.68,,,
5809,,6.02,,,
5810,,5.23,,,
5811,,5.63,,,
5812,,5.04,,,
5813,,5.39,1.8,5,0.3
5814,,5.87,,,
5815,,5.33,,,
5816,,5.60,,,
5817,,5.63,,,
5818,,5.02,,,
5819,,5.58,,,
5820,,6.02,1.1,5,0.28
5821,,6.00,,,
5822,,3.99,,,
5823,,5.57,,,
5824,,5.82,,,
5825,,5.54,,,
5826,,5.04,,,
5827,,5.42,2.0,6,0.29
5828,,5.51,,,
5829,,5.79,,,
5830,,6.10,,,
5831,,5.98,,,
5832,,5.97,,,
5833,,6.00,,,
5834,,5.97,0.5,6,0.26
5835,,5.98,,,
5836,,6.00,,,
5837,,5.93,,,
5838,,6.01,,,
5839,,5.37,,,
5840,,5.02,,,
5841,,5.42,0.4,7,0.22
5842,,5.44,,,
5843,,5.85,,,
5844,,5.62,,,
5845,,4.70,,,
5846,,3.49,,,
5847,,5.54,,,
5848,,5.97,0.3,8,0.14
5849,,6.03,,,
5850,,6.04,,,
5851,,6.03,,,
5852,,6.03,,,
5853,,5.41,,,
5854,,5.57,,,
5855,,6.11,0.2,8,0.11
5856,,6.03,,,
5857,,6.02,,,
5858,,4.03,,,
5859,,5.77,,,
5860,,6.01,,,
5861,,6.01,,,
5862,,5.35,,,
5863,,6.53,0.1,4,0.06
5864,,6.74,,,
5865,,6.23,,,
5866,,6.02,,,
5867,,5.91,,,
5868,,5.36,,,
5869,,4.73,0.3,6,0.11
5870,,5.18,,,
5871,,5.65,,,
5872,,5.74,,,
5873,,5.52,,,
5874,,5.86,,,
5875,,6.02,,,
5876,,5.41,0.3,6,0.09
5877,,5.68,,,
5878,,5.34,,,
5879,,5.53,,,
5880,,5.51,,,
5881,,5.54,,,
5882,,5.54,,,
5883,,5.46,0.3,4,0.09
5884,,5.54,,,
5885,,4.56,,,
5886,,6.15,,,
5887,,5.86,,,
5888,,5.54,,,
5889,,5.18,,,
5890,,5.11,0.3,7,0.09
5891,,5.29,,,
5892,,5.54,,,
5893,,5.72,,,
5894,,5.54,,,
5895,,5.10,,,
5896,,5.55,,,
5897,,4.78,0.6,8,0.13
5898,,5.74,,,
5899,,5.55,,,
5900,,5.74,,,
5901,,6.05,,,
5902,,6.05,,,
5903,,5.89,,,
5904,,5.65,0.3,7,0.1
5905,,4.41,,,
5906,,5.06,,,
5907,,1.82,,,
5908,,0.00,,,
5909,,3.19,,,
5910,,7.03,,,
5911,,6.91,0.4,5,0.13
5912,,6.96,,,
5913,,6.25,,,
5914,,5.05,,,
5915,,4.56,,,
5916,,5.52,,,
5917,,4.72,,,
5918,,5.42,0.7,6,0.3
5919,,6.18,,,
5920,,5.69,,,
5921,,5.93,,,
5922,,5.27,,,
5923,,5.78,,,
5924,,5.45,,,
5925,,4.90,0.6,6,0.4
5926,,6.54,,,
5927,,6.54,,,
5928,,6.18,,,
5929,,5.08,,,
5930,,5.24,,,
5931,,5.94,,,
5932,,5.54,0.4,5,0.19
5933,,5.53,,,
5934,,5.03,,,
5935,,1.95,,,
5936,,,,,
5937,,,,,
5938,,,,,
5939,,,,,
5940,,,,,
5941,,,,,
5942,,1.40,0.1,5,0.05
5943,,3.99,,,
5944,,5.42,,,
5945,,6.13,,,
5946,,5.29,0.8,6,0.33
5947,,4.29,,,
5948,,6.39,,,
5949,,5.87,,,
5950,,4.83,,,
5951,,5.55,,,
5952,,5.55,,,
5953,,5.23,0.9,5,0.25
5954,,6.05,,,
5955,,4.60,,,
5956,,2.09,,,
5957,,2.45,,,
5958,,4.79,,,
5959,,5.44,,,
5960,,5.07,0.6,7,0.33
5961,,3.93,,,
5962,,4.91,,,
5963,,3.55,,,
5964,,3.37,,,
5965,,3.06,,,
5966,,1.73,,,
5967,,,,,
5968,,,,,
5969,,2.39,0.2,7,0.11
5970,,5.01,,,
5971,,5.55,,,
5972,,5.55,,,
5973,,5.55,,,
5974,,5.13,0.3,7,0.17
5975,,1.07,,,
5976,,,,,
5977,,,,,
5978,,,,,
5979,,5.25,,,
5980,,7.04,,,
5981,,5.34,0.4,7,0.2
5982,,3.29,,,
5983,,2.69,,,
5984,,2.06,,,
5985,,2.56,,,
5986,,3.13,,,
5987,,3.15,,,
5988,,3.25,0.3,7,0.16
5989,,3.54,,,
5990,,3.39,,,
5991,,2.56,,,
5992,,0.85,,,
5993,,,,,
5994,,,,,
5995,,,,,
5996,,,,,
5997,,,,,
5998,,,,,
5999,,,,,
6000,,,,,
6001,,,,,
6002,,,,,
6003,,,,,
6004,,,,,
6005,,,,,
6006,,,,,
6007,,,,,
6008,,4.57,,,
6009,,6.77,0.5,4,0.2
6010,,6.47,,,
6011,,5.76,,,
6012,,5.67,,,
6013,,5.58,,,
6014,,6.14,,,
6015,,6.45,,,
6016,,4.36,0.5,7,0.36
6017,,1.05,,,
6018,,,,,
6019,,,,,
6020,,,,,
6021,,,,,
6022,,,,,
6023,,,,,
6024,,,,,
6025,,,,,
6026,,,,,
6027,,,,,
6028,,,,,
6029,,,,,
6030,,1.56,0.3,4,0.12
6031,,4.41,,,
6032,,1.27,,,
6033,,,,,
6034,,,,,
6035,,,,,
6036,,2.13,,,
6037,,4.76,0.5,5,0.4
6038,,3.97,,,
6039,,3.88,,,
6040,,3.38,,,
6041,,1.77,,,
6042,,,,,
6043,,,,,
6044,,,,,
6045,,,,,
6046,,,,,
6047,,,,,
6048,,,,,
6049,,,,,
6050,,3.01,0.3,4,0.18
6051,,5.72,,,
6052,,6.13,,,
6053,,4.49,,,
6054,,,,,
6055,,,,,
6056,,,,,
6057,,,,,
6058,,,,,
6059,,,,,
6060,,,,,
6061,,,,,
6062,,6.14,0.1,6,0.15
6063,,7.14,,,
6064,,6.26,,,
6065,,4.77,0.2,4,0.18
6066,,4.12,,,
6067,,1.61,,,
6068,,,,,
6069,,,,,
6070,,,,,
6071,,,,,
6072,,,,,
6073,,,,,
6074,,,,,
6075,,,,,
6076,,2.21,0.3,3,0.09
6077,,4.73,,,
6078,,5.55,,,
6079,,5.44,0.4,6,0.28
6080,,5.55,,,
6081,,4.24,,,
6082,,3.54,,,
6083,,3.54,,,
6084,,3.55,,,
6085,,3.55,,,
6086,,3.01,0.1,4,0.08
6087,,,,,
6088,,,,,
6089,,,,,
6090,,,,,
6091,,,,,
6092,,3.07,,,
6093,,5.28,0.3,6,0.21
6094,,6.35,,,
6095,,6.12,,,
6096,,5.97,,,
6097,,4.30,,,
6098,,3.22,,,
6099,,3.05,,,
6100,,1.10,0.2,5,0.09
6101,,,,,
6102,,,,,
6103,,,,,
6104,,,,,
6105,,,,,
6106,,2.70,,,
6107,,6.39,0.2,3,0.14
6108,,6.35,,,
6109,,4.78,,,
6110,,3.54,,,
6111,,3.55,,,
6112,,3.55,,,
6113,,3.54,,,
6114,,3.65,0.2,5,0.12
6115,,3.55,,,
6116,,2.89,,,
6117,,2.57,,,
6118,,2.56,,,
6119,,2.71,,,
6120,,3.17,,,
6121,,3.44,0.2,5,0.07
6122,,3.21,,,
6123,,3.04,,,
6124,,3.06,,,
6125,,3.06,,,
6126,,3.06,,,
6127,,3.07,0.2,5,0.1
6128,,3.03,,,
6129,,3.04,,,
6130,,3.05,,,
6131,,3.05,,,
6132,,4.09,,,
6133,,5.22,,,
6134,,5.95,,,
6135,,6.25,0.2,3,0.15
6136,,4.27,,,
6137,,3.45,,,
6138,,3.07,,,
6139,,1.48,,,
6140,,0.00,,,
6141,,0.00,,,
6142,,3.26,0.4,3,0.09
6143,,4.94,,,
6144,,4.08,,,
6145,,4.43,,,
6146,,5.29,,,
6147,,6.02,,,
6148,,6.01,,,
6149,,6.28,1.0,4,0.27
6150,,6.45,,,
6151,,6.24,,,
6152,,6.18,,,
6153,,6.00,,,
6154,,5.90,,,
6155,,5.83,,,
6156,,5.65,1.2,3,0.3
6157,,5.50,,,
6158,,4.80,,,
6159,,3.54,,,
6160,,4.23,,,
6161,,5.36,,,
6162,,5.04,,,
6163,,5.21,0.6,3,0.18
6164,,4.54,,,
6165,,5.65,,,
6166,,4.99,,,
6167,,5.47,,,
6168,,5.46,,,
6169,,5.47,,,
6170,,5.49,1.5,4,0.35
6171,,5.74,,,
6172,,5.42,,,
6173,,5.35,,,
6174,,5.50,,,
6175,,5.50,,,
6176,,5.78,,,
6177,,5.69,2.6,5,0.26
6178,,5.51,,,
6179,,5.51,,,
6180,,5.69,,,
6181,,6.10,,,
6182,,6.32,,,
6183,,6.01,,,
6184,,6.01,3.0,5,0.28
6185,,6.01,,,
6186,,6.63,,,
6187,,7.45,,,
6188,,7.06,,,
6189,,4.67,,,
6190,,4.15,2.2,6,0.28
6191,,3.64,,,
6192,,3.49,,,
6193,,3.38,,,
6194,,3.55,,,
6195,,4.89,,,
6196,,5.91,,,
6197,,6.10,,,
6198,,5.27,,,
6199,,6.19,0.9,8,0.24
6200,,6.21,,,
6201,,5.88,,,
6202,,4.85,,,
6203,,6.02,,,
6204,,6.57,,,
6205,,6.11,2.5,5,0.21
6206,,6.11,,,
6207,,6.64,,,
6208,,5.85,,,
6209,,5.33,,,
6210,,5.89,,,
6211,,4.82,,,
6212,,3.46,1.5,5,0.24
6213,,4.05,,,
6214,,5.86,,,
6215,,7.63,,,
6216,,7.61,,,
6217,,6.96,,,
6218,,6.59,2.1,6,0.28
6219,,4.90,,,
6220,,6.17,,,
6221,,6.69,,,
6222,,6.86,,,
6223,,6.34,,,
6224,,6.78,,,
6225,,6.86,,,
6226,,6.69,2.2,6,0.28
6227,,5.61,,,
6228,,5.86,,,
6229,,6.46,,,
6230,,6.22,,,
6231,,6.77,,,
6232,,7.01,,,
6233,,6.77,2.9,4,0.32
6234,,6.73,,,
6235,,6.74,,,
6236,,6.96,,,
6237,,6.60,,,
6238,,6.32,,,
6239,,5.97,,,
6240,,5.99,2.5,3,0.32
6241,,6.11,,,
6242,,5.99,,,
6243,,5.88,,,
6244,,5.96,,,
6245,,6.78,,,
6246,,6.97,,,
6247,,6.90,3.0,2,0.29
6248,,7.05,,,
6249,,6.89,,,
6250,,6.05,,,
6251,,5.95,,,
6252,,5.96,,,
6253,,5.95,,,
6254,,5.95,1.5,4,0.3
6255,,5.96,,,
6256,,5.96,,,
6257,,6.08,,,
6258,,6.92,,,
6259,,7.09,,,
6260,,5.85,,,
6261,,6.33,2.5,4,0.29
6262,,6.41,,,
6263,,7.04,,,
6264,,6.93,,,
6265,,6.60,,,
6266,,6.75,,,
6267,,6.44,,,
6268,,6.39,3.7,3,0.29
6269,,5.97,,,
6270,,5.96,,,
6271,,5.94,,,
6272,,5.52,,,
6273,,5.25,,,
6274,,6.18,,,
6275,,6.40,2.8,3,0.27
6276,,6.20,,,
6277,,5.80,,,
6278,,6.21,,,
6279,,6.66,,,
6280,,6.39,,,
6281,,6.19,,,
6282,,6.97,1.3,3,0.23
6283,,5.81,,,
6284,,4.78,,,
6285,,4.04,,,
6286,,5.23,,,
6287,,7.65,,,
6288,,6.57,,,
6289,,6.22,0.7,4,0.19
6290,,6.16,,,
6291,,6.99,,,
6292,,6.70,,,
6293,,6.21,,,
6294,,6.18,,,
6295,,7.01,,,
6296,,5.59,0.7,4,0.2
6297,,6.75,,,
6298,,6.67,,,
6299,,6.18,,,
6300,,6.30,,,
6301,,6.56,,,
6302,,7.19,,,
6303,,6.62,0.7,3,0.16
6304,,6.45,,,
6305,,6.16,,,
6306,,5.74,,,
6307,,6.29,,,
6308,,6.11,,,
6309,,6.57,0.4,5,0.12
6310,,5.36,,,
6311,,6.38,,,
6312,,6.38,,,
6313,,6.38,,,
6314,,6.36,,,
6315,,6.71,,,
6316,,6.42,,,
6317,,5.42,0.4,5,0.2
6318,,7.93,,,
6319,,3.77,,,
6320,,0.00,,,
6321,,4.27,,,
6322,,7.48,,,
6323,,7.27,,,
6324,,6.53,0.6,5,0.28
6325,,5.30,,,
6326,,5.83,,,
6327,,6.59,,,
6328,,6.33,,,
6329,,6.02,,,
6330,,7.22,,,
6331,,4.99,,,
6332,,2.97,,,
6333,,3.47,0.2,8,0.15
6334,,6.50,,,
6335,,4.87,,,
6336,,3.67,,,
6337,,3.70,,,
6338,,3.16,,,
6339,,1.15,0.3,5,0.14
6340,,,,,
6341,,,,,
6342,,3.27,,,
6343,,6.05,,,
6344,,4.33,,,
6345,,3.79,,,
6346,,3.12,,,
6347,,3.05,0.1,7,0.08
6348,,3.41,,,
6349,,4.98,,,
6350,,5.37,,,
6351,,6.93,,,
6352,,6.51,0.3,3,0.15
6353,,6.34,,,
6354,,2.35,,,
6355,,,,,
6356,,,,,
6357,,,,,
6358,,5.86,,,
6359,,6.34,,,
6360,,6.00,,,
6361,,6.00,0.2,4,0.12
