,Date,NH3 mg/L N,flow mgd,NO3 mg/L N,NO2 mg/L N,N+N mg/L N,N mg/L N
0,2010-07-06,0.9,6.2215,5.6,0.36,6.0,
1,2010-07-10,0.1,4.212333333333333,3.8,,,
2,2010-07-11,0.4,3.8693333333333335,2.8,,,
3,2010-07-13,0.5,5.9245,6.1,0.49,6.6,
4,2010-07-16,1.1,4.222333333333334,7.7,,,
5,2010-07-18,1.7,3.9095,5.1000000000000005,2.5,6.9,10.7
6,2010-07-25,1.4000000000000001,4.350333333333333,2.1,,,8.0
7,2010-07-30,0.3,3.2867500000000005,4.8,0.19,5.0,
8,2010-08-03,0.3466666666666667,3.9524999999999997,2.3666666666666667,0.56,3.3,4.3
9,2010-08-08,0.55,4.492999999999999,1.0,,,3.1
10,2010-08-11,0.1,4.013999999999999,2.5,0.21,2.7,
11,2010-08-15,1.7000000000000002,5.282333333333333,1.95,,,6.3
12,2010-08-22,5.35,5.011,1.25,,,9.4
13,2010-08-25,2.9,4.7595,2.6,0.56,3.1,
14,2010-08-29,6.949999999999999,4.480333333333333,2.0500000000000003,,,8.0
15,2010-09-04,1.75,5.550000000000001,2.3,0.37,2.7,
16,2010-09-07,5.4,5.6419999999999995,2.3,0.4,2.7,
17,2010-09-08,6.35,5.077466666666667,0.38499999999999995,,,5.8
18,2010-09-12,1.785,5.2289666666666665,2.05,,,8.6
19,2010-09-15,0.73,6.343,3.2,0.83,4.0,
20,2010-09-19,0.835,3.7789,0.52,,,7.7
21,2010-09-21,0.16,3.5398750000000003,6.8,0.11,6.9,
22,2010-09-28,0.22,5.9765,3.1,0.58,3.7,
23,2010-09-29,0.895,3.4434250000000004,2.145,,,6.7
24,2010-10-03,3.2,5.283333333333333,0.9,,,10.96
25,2010-10-05,0.32,3.078,2.0,0.36,2.38,
26,2010-10-12,0.3,5.6325,2.3,0.28,2.6,
27,2010-10-19,0.3,5.872,3.3,0.45,3.74,
28,2010-10-20,10.6,5.0329999999999995,0.06,,,17.3
29,2010-10-22,0.79,3.584,9.0,,,
30,2010-10-26,0.14,5.915,2.8,0.2,2.99,
31,2010-10-27,0.07,3.7293333333333334,0.5,,,
32,2010-10-28,14.1,3.323,0.01,,,26.37
33,2010-10-31,21.5,4.603333333333333,0.28,,,25.07
34,2010-11-02,0.22,4.251033333333333,2.7,0.301,3.0,
35,2010-11-03,0.495,3.1950000000000003,4.95,,,
36,2010-11-09,0.25,6.0634999999999994,3.9,0.218,4.1,
37,2010-11-10,10.9,3.741666666666667,2.8,,,19.1
38,2010-11-11,0.36,3.84625,10.5,,,
39,2010-11-14,2.065,3.287,3.9000000000000004,,,13.2
40,2010-11-16,0.23,3.1632499999999997,1.9,0.302,2.2,
41,2010-11-23,0.15,6.273,2.8,0.225,3.1,
42,2010-11-30,0.26,5.7935,2.9,0.213,3.1,
43,2010-12-07,3.7350000000000003,4.253333333333333,2.95,0.174,2.7,27.0
44,2010-12-10,0.16,3.316,9.9,,,
45,2010-12-12,3.58,3.5300000000000002,5.0,,,54.0
46,2010-12-14,1.14,6.1035,2.8,0.461,3.2,
47,2010-12-21,0.43,5.958499999999999,4.0,0.708,4.7,
48,2010-12-28,0.59,6.2059999999999995,3.8,0.617,4.4,
49,2011-01-04,0.45,6.1555,3.7,0.55,4.2,
50,2011-01-10,1.2,6.276999999999999,,,,
51,2011-01-11,1.0,6.452999999999999,3.7,0.59,4.3,
52,2011-01-19,0.38,6.2155,3.8,0.43,4.2,
53,2011-01-24,1.3,6.179499999999999,,,,
54,2011-01-25,0.47,5.7625,4.7,0.41,5.1,
55,2011-01-31,2.0,5.984500000000001,,,,
56,2011-02-01,0.6,6.0985,4.7,0.27,5.0,
57,2011-02-06,0.8,3.9693333333333336,,,,
58,2011-02-08,1.1,6.335,4.8,0.23,5.0,
59,2011-02-15,0.8,6.5440000000000005,5.6,0.21,5.8,
60,2011-02-22,1.6,6.309,4.6,0.21,4.8,
61,2011-02-23,0.4,6.3205,,,,
62,2011-02-27,0.8,7.034,,,,
63,2011-03-08,0.32,6.6445,5.1,0.19,5.2,
64,2011-03-14,0.19,6.1515,,,,
65,2011-03-16,0.19,6.2425,4.5,0.05,4.5,
66,2011-03-20,0.18,6.1965,,,,
67,2011-03-23,0.11,6.176,7.1,0.03,7.1,
68,2011-03-29,0.16,5.198,6.6,0.05,6.7,
69,2011-04-05,0.12,6.337000000000001,6.1,0.05,6.1,
70,2011-04-08,0.1,4.386666666666667,5.2,,,
71,2011-04-09,0.2,6.348,5.2,,,6.01
72,2011-04-10,0.22999999999999998,6.067333333333333,7.85,,,8.19
73,2011-04-17,0.19,6.038,4.8,,,6.52
74,2011-04-18,0.266,5.075,5.01,,,7.47
75,2011-04-23,0.1,5.925,5.4,0.05,5.5,
76,2011-04-25,0.14,6.2620000000000005,,,,
77,2011-04-26,0.12,6.176,4.6,0.05,4.7,
78,2011-04-27,0.16,5.4173333333333344,5.6,,,8.91
79,2011-05-01,0.8966666666666666,3.2729999999999997,4.65,,,6.3
80,2011-05-04,0.17,6.27,5.6,0.096,5.7,
81,2011-05-10,0.11,6.178,5.8,0.095,5.9,
82,2011-05-13,0.3,4.05,5.8,,,
83,2011-05-14,0.3,4.069333333333334,7.6,,,8.6
84,2011-05-15,0.8,3.303,6.05,,,7.7
85,2011-05-16,0.15,6.044,6.9,0.201,7.1,
86,2011-05-24,0.3866666666666667,3.54425,9.466666666666667,0.153,7.3,6.7
87,2011-05-29,0.55,5.0073333333333325,6.7,,,7.4
88,2011-06-03,0.18,4.862,5.6,0.12,5.8,
89,2011-06-06,0.23,6.0875,4.9,0.09,5.0,
90,2011-06-12,0.38,6.1555,,,,
91,2011-06-15,0.63,5.9350000000000005,5.9,0.34,6.2,
92,2011-06-21,0.846,5.859500000000001,5.9,0.34,6.2,
93,2011-06-24,0.86,4.018666666666667,4.2,,,
94,2011-06-25,0.17,5.107666666666667,3.6,,,8.0
95,2011-06-26,0.07,4.412,3.4,,,9.2
96,2011-06-27,0.26,6.138999999999999,5.9,0.13,6.0,
97,2011-07-03,0.14,6.427,,,,
98,2011-07-05,0.17,5.906499999999999,5.7,0.07,5.7,
99,2011-07-07,0.22,4.3790000000000004,5.7,,,
100,2011-07-08,0.28,4.1325,7.0,,,7.3
101,2011-07-10,0.195,4.012333333333333,6.6,0.06,4.6,
102,2011-07-11,4.2,3.8230000000000004,5.3,,,16.9
103,2011-07-14,0.3,2.7977499999999997,6.2,,,7.8
104,2011-07-18,0.31666666666666665,2.92625,5.533333333333334,0.05,5.0,11.2
105,2011-07-24,0.72,4.092,7.6,,,10.4
106,2011-07-28,0.265,2.835,4.3,0.06,4.4,5.8
107,2011-08-02,0.25333333333333335,3.8739999999999997,,,,
108,2011-08-07,0.215,3.478825,10.1,,,16.1
109,2011-08-08,1.45,3.4147499999999997,4.3,0.14,4.4,
110,2011-08-14,0.14,6.750500000000001,,,,
111,2011-08-15,0.8466666666666667,3.6619,6.55,0.3,8.9,8.7
112,2011-08-21,0.6950000000000001,4.06325,8.8,,,10.8
113,2011-08-23,1.2,3.50475,,,,
114,2011-08-24,0.11,2.8402499999999997,9.7,0.13,9.8,
115,2011-08-28,0.34500000000000003,5.304,8.1,,,8.8
116,2011-08-31,0.34,3.2395000000000005,8.1,0.21,8.3,
117,2011-09-06,0.5,6.18,7.0,0.27,7.3,
118,2011-09-08,0.905,4.57,4.75,,,10.0
119,2011-09-11,0.6,3.87325,4.4,,,7.4
120,2011-09-12,0.45,4.56925,6.25,0.04,5.3,
121,2011-09-18,0.525,6.268666666666667,9.1,,,2.2
122,2011-09-20,0.12,6.4575,6.8,0.13,7.0,
123,2011-09-26,0.16,5.9830000000000005,,,,
124,2011-10-03,0.23,6.211,6.2,0.13,6.4,
125,2011-10-06,0.13,4.194333333333334,5.5,,,
126,2011-10-07,2.4,4.30675,4.9,,,8.5
127,2011-10-11,0.25,5.8535,6.5,0.13,6.6,
128,2011-10-16,0.22,6.9145,,,,
129,2011-10-18,0.2,6.5325,6.1,0.11,6.2,
130,2011-10-25,0.25,4.559,9.8,,,
131,2011-10-26,0.11,5.932,8.6,0.06,8.7,
132,2011-10-31,0.23,6.42,7.5,0.12,7.6,
133,2011-11-06,0.44,6.8055,9.3,0.23,9.5,
134,2011-11-15,0.69,5.8965000000000005,7.7,0.39,8.0,
135,2011-11-21,0.3,6.0555,6.6,0.24,6.9,
136,2011-11-27,2.65,6.61,,,,
137,2011-11-28,1.54,6.7285,7.9,0.35,8.3,
138,2011-12-06,0.16,5.6955,8.3,0.79,9.1,
139,2011-12-12,0.36,5.8055,9.1,0.15,9.3,
140,2011-12-18,0.45,6.263999999999999,7.6,0.08,7.7,
141,2011-12-27,0.73,5.5840000000000005,7.4,0.18,7.5,
142,2012-01-03,0.5,5.9375,8.6,0.16,9.0,
143,2012-01-08,0.5,6.3165,8.5,0.12,9.0,
144,2012-01-17,0.3,4.9350000000000005,9.2,0.18,9.0,
145,2012-01-23,0.8,5.786999999999999,9.4,0.18,10.0,
146,2012-01-31,0.3,5.9325,11.2,0.15,11.0,
147,2012-02-07,0.3,6.0280000000000005,11.9,0.2,12.0,
148,2012-02-13,0.3,5.916,12.8,0.15,13.0,
149,2012-02-19,0.3,6.4655000000000005,,,,
150,2012-02-20,0.2,5.775,,,,
151,2012-02-21,0.5,5.722,,,,
152,2012-02-22,0.3,5.7215,9.0,0.16,9.0,
153,2012-02-23,0.3,6.0265,11.3,0.19,11.0,
154,2012-02-28,0.3,5.689,11.8,0.27,12.0,
155,2012-03-05,1.3,5.13,8.5,0.42,9.0,
156,2012-03-06,0.8,5.781000000000001,7.8,0.39,8.0,
157,2012-03-07,0.8,5.8309999999999995,8.5,0.39,9.0,
158,2012-03-08,0.85,4.260000000000001,7.85,0.38,9.0,
159,2012-03-11,1.1,5.532500000000001,6.4,0.34,7.0,
160,2012-03-20,2.0333333333333337,3.9822499999999996,5.300000000000001,0.32,6.0,13.6
161,2012-03-26,1.6,5.9955,4.8,0.35,5.0,
162,2012-03-29,2.1666666666666665,3.1431999999999998,4.033333333333333,,,7.65
163,2012-04-01,0.6,3.9386666666666668,4.75,0.24,6.0,
164,2012-04-02,0.6,4.265,3.8,,,4.2
165,2012-04-10,0.4,5.854000000000001,5.9,0.24,6.0,
166,2012-04-16,0.4,5.972,6.4,0.19,7.0,
167,2012-04-22,1.4,6.3100000000000005,4.1,0.25,4.0,
168,2012-04-26,0.2,4.274666666666666,6.0,,,
169,2012-04-28,0.4,3.27,3.5,,,5.4
170,2012-04-29,0.6,3.98325,4.55,,,5.8
171,2012-05-01,0.2,3.412,9.1,0.16,9.0,
172,2012-05-04,1.3,4.530333333333334,6.1,,,14.6
173,2012-05-06,0.15000000000000002,4.854,4.4,,,6.1
174,2012-05-10,0.4,3.379,3.7,,,6.1
175,2012-05-14,0.4,6.5495,5.1,0.2,5.0,
176,2012-05-22,0.2,6.5920000000000005,3.8,0.14,4.0,
177,2012-05-29,0.4,5.977,4.7,0.23,5.0,
178,2012-06-01,0.5,4.944333333333334,1.9,,,5.7
179,2012-06-03,0.2,5.888,2.7,0.12,3.0,
180,2012-06-12,0.2,5.8895,3.3,0.11,3.0,
181,2012-06-13,0.4,3.908333333333333,,,,
182,2012-06-16,0.2,3.89775,3.0,,,7.5
183,2012-06-18,0.3666666666666667,3.0412500000000002,3.8000000000000003,0.08,4.0,8.6
184,2012-06-24,0.2,4.77,5.9,,,11.4
185,2012-06-27,0.1,4.19325,5.4,0.04,5.0,
186,2012-07-01,0.1,5.049333333333333,4.75,,,12.8
187,2012-07-04,0.1,5.4895,5.1,0.1,5.2,
188,2012-07-09,0.1,6.33,6.3,0.1,6.4,
189,2012-07-10,0.3,3.9444999999999997,4.8,,,8.5
190,2012-07-11,0.6,3.4065000000000003,7.9,,,
191,2012-07-15,0.35,5.082000000000001,4.0,,,10.1
192,2012-07-22,0.30000000000000004,3.4320000000000004,3.9,,,14.8
193,2012-07-23,0.1,4.33075,3.4,0.02,3.4,
194,2012-07-30,0.4,4.192333333333333,4.949999999999999,,,7.3
195,2012-08-05,0.3,4.258666666666667,3.8,,,
196,2012-08-06,0.2,7.413,8.0,0.15,8.0,
197,2012-08-07,0.6,6.037999999999999,1.2,,,6.2
198,2012-08-13,0.6666666666666666,4.1015,4.1000000000000005,0.03,4.0,5.1
199,2012-08-20,0.3,4.634,5.533333333333332,0.22,8.0,11.4
200,2012-08-27,0.25,5.082666666666666,4.55,,,10.2
201,2012-09-01,0.2,4.090333333333334,5.0,0.1,5.0,
202,2012-09-04,0.5,6.1965,,,,
203,2012-09-08,0.6,4.814666666666667,5.0,,,12.0
204,2012-09-11,0.35,4.266333333333333,5.5,0.1,4.0,
205,2012-09-18,0.1,6.926,4.0,0.1,4.0,
206,2012-09-24,0.2,6.7875,5.0,0.1,6.0,
207,2012-10-01,0.1,6.5045,5.0,0.09,5.0,
208,2012-10-08,0.1,6.459,10.0,0.11,10.0,
209,2012-10-15,0.2,7.1419999999999995,8.0,0.1,8.0,
210,2012-10-22,0.4,6.509,5.0,0.09,6.0,
211,2012-10-30,0.2,6.600999999999999,2.0,0.05,3.0,
212,2012-11-05,0.2,6.6434999999999995,5.0,0.06,5.0,
213,2012-11-13,0.2,6.6635,5.0,0.1,5.0,
214,2012-11-19,0.1,6.575,3.0,0.08,3.0,
215,2012-11-26,1.0,6.1625,5.0,0.22,5.0,
216,2012-12-03,0.2,6.6899999999999995,5.0,0.11,5.0,
217,2012-12-11,0.2,6.455500000000001,3.0,0.07,3.0,
218,2012-12-17,0.5,6.3245,8.0,0.12,8.0,
219,2012-12-26,0.2,7.0085,5.0,0.07,5.0,
220,2013-01-02,0.7,6.2125,6.0,0.12,6.0,
221,2013-01-07,0.6,6.5355,6.0,0.2,6.0,
222,2013-01-14,0.6,6.0335,6.0,0.24,6.0,
223,2013-01-22,0.6,6.350499999999999,5.0,0.24,6.0,
224,2013-01-28,0.3,6.181500000000001,4.0,0.16,4.0,
225,2013-02-04,0.3,6.09,4.0,0.14,4.0,
226,2013-02-11,1.0,4.3709999999999996,6.5,0.25,8.0,
227,2013-02-18,0.4,5.824,8.0,0.2,8.0,
228,2013-02-25,0.5,6.065999999999999,6.0,0.2,7.0,
229,2013-03-03,0.55,5.429666666666667,5.0,0.22,6.0,
230,2013-03-04,0.8,5.111666666666667,4.0,,,7.0
231,2013-03-10,1.8,4.49525,6.0,,,9.0
232,2013-03-11,0.4,3.86275,6.0,0.13,6.0,
233,2013-03-17,0.8,4.606,2.0,,,
234,2013-03-18,0.35,4.99,5.5,0.07,6.0,8.0
235,2013-03-25,0.2,6.266500000000001,6.0,0.1,6.0,
236,2013-04-01,0.6,6.8545,5.0,0.2,5.0,
237,2013-04-08,1.3,6.112,6.0,0.3,6.0,
238,2013-04-11,0.5,6.254,,,,
239,2013-04-14,0.6,5.794666666666667,3.0,,,
240,2013-04-15,0.7,4.596,4.5,0.2,6.0,6.0
241,2013-04-21,2.3,4.414,4.0,,,8.0
242,2013-04-22,0.3,4.4725,5.0,0.1,5.0,
243,2013-04-28,0.7,6.092666666666666,4.0,,,6.0
244,2013-05-05,0.8,5.671666666666667,3.5,,,5.0
245,2013-05-09,0.1,4.6305,7.0,0.1,7.0,
246,2013-05-13,0.5,6.6845,4.0,0.1,4.0,
247,2013-05-20,0.6,6.558,5.0,0.3,5.0,
248,2013-05-25,0.9,4.080333333333333,4.0,,,
249,2013-05-26,1.2,3.950333333333333,3.0,,,
250,2013-05-27,0.4,4.213,6.0,0.2,7.0,
251,2013-05-28,1.2,4.40275,3.0,,,4.0
252,2013-06-02,1.65,6.0953333333333335,3.55,,,8.0
253,2013-06-03,0.2,4.1185,4.0,0.1,4.0,
254,2013-06-10,0.3,5.9795,6.0,0.2,7.0,
255,2013-06-17,0.2,6.087,5.0,0.1,5.0,
256,2013-06-24,0.2,6.065499999999999,7.0,0.2,8.0,
257,2013-06-26,0.7,4.133,3.8,,,
258,2013-06-28,2.0,4.17,4.0,,,15.0
259,2013-06-30,0.9,4.56675,5.0,,,17.0
260,2013-07-01,0.35,3.891666666666667,6.0,0.06,7.0,
261,2013-07-08,0.1,6.1625,4.0,0.07,4.0,
262,2013-07-09,0.8,4.036666666666666,4.0,,,
263,2013-07-10,0.4,5.1354999999999995,4.0,,,9.0
264,2013-07-15,0.16666666666666666,4.3505,2.3333333333333335,0.01,3.0,6.0
265,2013-07-16,0.5,4.5352,4.0,,,2.0
266,2013-07-21,0.9,3.7312499999999997,3.0,,,4.0
267,2013-07-22,0.20000000000000004,4.4295,4.0,0.03,5.0,2.0
268,2013-07-29,0.1,6.1805,8.0,0.04,8.0,
269,2013-07-30,0.8,4.18,4.0,,,6.0
270,2013-08-05,0.20000000000000004,3.90175,6.0,0.04,8.0,7.0
271,2013-08-06,0.1,4.1587499999999995,4.0,,,9.0
272,2013-08-12,0.13333333333333333,4.44775,3.6666666666666665,0.02,5.0,10.0
273,2013-08-19,0.7666666666666667,5.22525,4.333333333333333,0.03,6.0,12.0
274,2013-08-22,0.1,3.9524999999999997,,,,
275,2013-08-26,0.13333333333333333,4.3765,3.0,,4.0,8.0
276,2013-08-27,0.2,3.2131999999999996,5.0,,,7.0
277,2013-09-02,0.26666666666666666,4.88475,4.0,0.07,6.0,4.0
278,2013-09-03,0.5,4.65675,5.0,,,13.0
279,2013-09-08,0.2,4.973,2.5,,,9.0
280,2013-09-09,0.3,5.3705,6.0,0.18,6.0,
281,2013-09-16,0.8666666666666667,3.87925,5.666666666666667,0.24,6.0,7.0
282,2013-09-23,0.3,4.87575,4.0,0.09,6.0,13.0
283,2013-09-30,0.1,6.4305,5.0,0.06,5.0,
284,2013-10-07,0.2,6.5695,5.0,0.07,5.0,
285,2013-10-08,0.1,6.727,4.0,0.03,4.0,
286,2013-10-14,0.4,6.513999999999999,5.0,0.06,5.0,
287,2013-10-21,0.2,6.7745,5.0,0.13,5.0,
288,2013-10-28,0.2,4.602,2.0,0.07,2.0,
289,2013-10-29,0.6,3.89175,1.5,,,6.0
290,2013-11-04,0.4,5.9825,4.9,0.09,5.0,
291,2013-11-11,0.4,6.631,5.0,0.14,6.0,
292,2013-11-14,0.1,6.2,5.0,0.04,5.0,
293,2013-11-18,0.4,6.308,,,,
294,2013-11-25,0.5,6.9605,4.0,0.1,4.0,
295,2013-12-02,0.8,6.088,4.0,0.18,4.0,
296,2013-12-04,0.2,5.8475,,,,
297,2013-12-09,1.1,6.0875,4.0,0.15,4.0,
298,2013-12-16,0.8,5.5815,5.0,0.13,5.0,
299,2013-12-23,0.8,6.159,5.0,0.18,5.0,
300,2013-12-30,1.2,6.2155000000000005,5.0,0.19,5.0,
301,2014-01-06,1.9,5.915,5.0,0.23,5.0,
302,2014-01-13,2.2,5.49,5.0,0.26,5.0,
303,2014-01-20,1.5,5.585,6.0,0.22,6.0,
304,2014-01-23,0.3,5.775,,,,
305,2014-01-27,1.1,5.705,6.0,0.19,6.0,
306,2014-02-03,0.7,5.4985,7.0,0.18,7.0,
307,2014-02-04,0.3,5.9715,,,,
308,2014-02-10,0.6,5.442,8.0,0.17,8.0,
309,2014-02-17,0.5,5.683999999999999,7.0,0.16,7.0,
310,2014-02-24,0.6,5.435499999999999,6.0,0.17,6.0,
311,2014-03-03,0.5,6.0985000000000005,6.0,0.17,6.0,
312,2014-03-05,0.4,5.891,,,,
313,2014-03-10,0.5,5.846,7.0,0.14,7.0,
314,2014-03-19,0.2,5.037,5.0,0.06,5.0,
315,2014-03-24,0.4,5.9775,6.0,0.1,6.0,
316,2014-03-31,0.3,5.905,5.0,0.09,5.0,
317,2014-04-07,0.3,6.081,5.0,0.07,5.0,
318,2014-04-14,0.3,6.0585,5.0,0.14,5.0,
319,2014-04-21,0.2,5.2865,6.0,0.08,6.0,
320,2014-04-28,0.2,6.013,5.0,0.1,5.0,
321,2014-05-05,0.9,3.5976666666666666,,,,
322,2014-05-06,0.6,4.869333333333333,,,,
323,2014-05-12,0.4,6.0345,4.0,0.08,4.0,
324,2014-05-19,0.3,6.089499999999999,6.0,0.06,6.0,
325,2014-05-26,0.3,5.804500000000001,5.0,0.05,5.0,
326,2014-05-29,0.4,3.9599999999999995,2.0,,,
327,2014-06-02,0.4,4.080666666666667,4.0,0.06,5.0,
328,2014-06-09,0.3,4.224,1.6666666666666667,0.05,3.0,6.0
329,2014-06-11,0.3,2.6124,2.0,,,8.0
330,2014-06-12,0.2,3.933,,,,
331,2014-06-13,0.4,3.2297499999999997,2.0,,,5.0
332,2014-06-16,0.5333333333333333,4.189500000000001,3.6666666666666665,0.08,5.0,6.0
333,2014-06-18,2.1,5.069999999999999,2.0,,,7.0
334,2014-06-23,0.2,6.337,4.0,0.08,4.0,
335,2014-06-30,0.5,4.17,3.0,0.07,4.0,
336,2014-07-01,0.9,5.929333333333333,3.0,,,10.0
337,2014-07-07,0.2833333333333334,3.8024999999999998,,,4.0,
338,2014-07-08,0.5,3.477,2.6666666666666665,,,6.0
339,2014-07-14,0.24600000000000005,4.52675,4.333333333333333,0.06,6.0,4.0
340,2014-07-20,0.6,3.873333333333333,3.0,,,
341,2014-07-21,0.17,5.906499999999999,4.0,0.09,4.0,
342,2014-07-28,0.19999999999999998,5.6165,4.0,0.08,4.0,
343,2014-07-30,0.4,4.329666666666666,3.0,,,
344,2014-07-31,0.3,4.59825,4.0,,,10.0
345,2014-08-04,0.41200000000000003,4.33925,4.0,0.11,4.0,5.0
346,2014-08-07,0.3,4.263,2.0,,,4.0
347,2014-08-11,0.42400000000000004,3.7212499999999995,3.6666666666666665,0.06,3.0,14.0
348,2014-08-13,0.5,4.147499999999999,4.0,,,6.0
349,2014-08-17,1.0,4.05025,4.0,,,7.0
350,2014-08-18,0.422,3.7738,3.3333333333333335,0.04,4.0,5.0
351,2014-08-21,0.2,4.193666666666666,,,,
352,2014-08-25,0.43600000000000005,4.7844999999999995,3.6666666666666665,0.08,5.0,9.0
353,2014-08-26,0.3,3.357,4.0,,,6.0
354,2014-09-01,0.524,4.49475,4.333333333333333,0.03,5.0,14.0
355,2014-09-08,0.28,3.4515,3.5,0.06,4.0,5.0
356,2014-09-09,0.55,4.36375,2.5,,,8.0
357,2014-09-10,0.1,3.6455,,,,
358,2014-09-15,0.4033333333333333,3.116,2.5,0.07,4.0,6.5
359,2014-09-22,0.31,4.369000000000001,4.0,0.14,6.0,17.0
360,2014-09-29,0.25999999999999995,4.55325,2.6666666666666665,0.07,4.0,12.0
361,2014-10-05,0.8,4.07075,2.0,,,2.0
362,2014-10-06,0.275,4.155,2.5,0.06,3.0,
363,2014-10-08,3.4,3.1942,0.2,,,21.0
364,2014-10-13,0.25999999999999995,3.20925,2.6666666666666665,0.02,2.0,18.0
365,2014-10-20,0.44000000000000006,4.296,2.3333333333333335,0.03,2.0,
366,2014-10-27,0.16666666666666666,6.604000000000001,3.0,0.09,3.0,
367,2014-11-03,0.19999999999999998,5.104,3.0,0.07,3.0,
368,2014-11-10,0.19999999999999998,6.632,4.0,0.11,4.0,
369,2014-11-17,0.26666666666666666,5.966,5.0,0.13,5.0,
370,2014-11-19,0.7,4.383,4.0,,,
371,2014-11-24,0.18333333333333335,5.8020000000000005,5.0,0.16,5.0,
372,2014-11-25,0.4,4.072666666666667,1.0,,,
373,2014-12-01,0.4666666666666666,5.518000000000001,5.0,0.38,5.0,
374,2014-12-08,0.23333333333333336,4.468,4.0,0.13,4.0,
375,2014-12-15,0.3666666666666667,6.656,4.0,0.14,4.0,
376,2014-12-22,0.5666666666666668,5.993,4.0,0.19,4.0,
377,2014-12-29,0.3333333333333333,6.2625,5.0,0.25,5.0,
378,2015-01-05,0.3333333333333333,5.6274999999999995,5.0,0.25,5.0,
379,2015-01-12,0.5666666666666667,6.5455,4.0,0.27,4.0,
380,2015-01-19,0.4333333333333334,6.316000000000001,6.0,0.21,6.0,
381,2015-01-26,0.5000000000000001,6.066000000000001,4.0,0.24,4.0,
382,2015-02-02,0.5333333333333333,6.0905000000000005,4.0,0.21,4.0,
383,2015-02-09,0.46666666666666673,5.6915,5.0,0.21,5.0,
384,2015-02-16,0.4000000000000001,6.2155000000000005,5.0,0.21,5.0,
385,2015-02-17,2.0,4.374666666666667,2.0,,,
386,2015-02-23,0.5000000000000001,5.4094999999999995,6.0,0.22,6.0,
387,2015-03-02,0.4333333333333334,6.2735,5.0,0.22,5.0,
388,2015-03-03,1.1,4.306,4.0,,,
389,2015-03-09,0.2333333333333333,5.9395,5.0,0.18,5.0,
390,2015-03-16,0.2333333333333333,5.919499999999999,5.0,0.32,5.0,
391,2015-03-19,0.9,3.9456666666666664,3.0,,,
392,2015-03-23,1.4499999999999997,4.010666666666666,4.0,0.13,6.0,
393,2015-03-28,1.8,4.1739999999999995,3.0,,,8.0
394,2015-03-30,0.9199999999999997,3.3819999999999997,3.6666666666666665,0.09,5.0,9.0
395,2015-04-05,3.0,4.021,3.0,,,
396,2015-04-06,0.3333333333333333,6.0425,6.0,0.35,6.0,
397,2015-04-09,2.0,3.5877499999999998,4.0,,,10.0
398,2015-04-12,4.2,4.253333333333333,3.0,,,
399,2015-04-13,0.5,4.101333333333333,8.0,0.2,8.0,
400,2015-04-16,2.3,3.6995000000000005,4.0,,,7.0
401,2015-04-20,1.24,3.1965000000000003,5.0,0.2,6.0,7.0
402,2015-04-26,2.9,4.093666666666667,3.0,,,
403,2015-04-27,0.5,5.7635000000000005,6.0,0.21,6.0,
404,2015-04-28,1.6,4.96425,4.0,,,7.0
405,2015-05-04,0.4000000000000001,5.857666666666667,6.0,0.08,7.0,
406,2015-05-05,0.4,4.582750000000001,4.0,,,9.0
407,2015-05-11,0.30000000000000004,4.158666666666667,5.5,0.08,6.0,
408,2015-05-12,0.6,4.378,5.0,,,8.0
409,2015-05-18,0.45,3.776666666666667,5.0,0.43,6.0,7.0
410,2015-05-19,0.2,3.3486666666666665,5.0,,,
411,2015-05-25,4.36,3.57525,4.0,0.12,7.0,15.0
412,2015-05-31,7.8,3.948333333333333,2.0,,,
413,2015-06-01,0.19999999999999998,3.593666666666667,4.5,0.06,6.0,12.0
414,2015-06-08,0.16666666666666666,4.991,6.0,0.09,6.0,
415,2015-06-15,0.13333333333333333,4.232333333333333,6.5,0.11,7.0,9.0
416,2015-06-22,0.10000000000000002,3.953666666666667,5.0,0.04,5.0,10.0
417,2015-06-29,0.10000000000000002,4.356333333333333,5.0,0.07,5.0,9.0
418,2015-07-06,0.2,4.266333333333333,6.0,0.04,6.0,11.0
419,2015-07-13,0.1,4.527,6.0,0.04,6.0,16.0
420,2015-07-20,0.1,3.773,6.0,0.04,6.0,
421,2015-07-27,0.2,4.375666666666667,5.5,0.06,5.0,10.0
422,2015-08-03,0.1,4.195333333333333,6.5,0.05,6.0,13.0
423,2015-08-10,0.2,4.118333333333333,6.5,0.05,6.0,14.0
424,2015-08-17,0.3,3.1316666666666664,6.5,0.12,6.0,16.0
425,2015-08-24,0.1,4.275333333333333,6.0,0.21,6.0,9.0
426,2015-08-31,0.1,3.3653333333333335,5.5,0.09,6.0,11.0
427,2015-09-07,1.2,4.048,7.5,0.15,6.0,13.0
428,2015-09-14,0.3,4.122,8.0,0.14,7.0,17.0
429,2015-09-21,0.2,3.311,5.0,0.06,5.0,7.0
430,2015-09-28,0.3,4.4785,5.0,0.07,5.0,
431,2015-10-05,2.8,4.0633333333333335,7.0,0.22,5.0,18.0
432,2015-10-12,0.2,4.1113333333333335,6.0,0.06,6.0,18.0
433,2015-10-19,0.3,3.739666666666667,6.0,0.08,7.0,18.0
434,2015-10-26,0.3,4.129666666666666,5.0,0.23,6.0,10.0
435,2015-11-02,0.7,5.904,5.0,0.53,6.0,
436,2015-11-09,1.4,5.5465,6.0,0.46,6.0,
437,2015-11-16,1.3,6.2005,6.0,0.4,6.0,
438,2015-11-23,2.9,5.9055,5.0,0.37,5.0,
439,2015-11-30,1.8,5.8075,5.0,0.3,5.0,
440,2015-12-07,1.1,6.039,5.0,0.28,5.0,
441,2015-12-14,2.0,5.9045000000000005,6.0,0.29,6.0,
442,2015-12-21,0.5,6.109999999999999,6.0,0.26,6.0,
443,2015-12-28,0.4,5.7295,7.0,0.22,7.0,
444,2016-01-04,0.3,6.0489999999999995,8.0,0.14,8.0,
445,2016-01-11,0.2,6.154,8.0,0.11,8.0,
446,2016-01-19,0.1,6.925000000000001,4.0,0.06,4.0,
447,2016-01-25,0.3,5.394,6.0,0.11,6.0,
448,2016-02-01,0.3,5.7330000000000005,6.0,0.09,6.0,
449,2016-02-08,0.3,5.8325,4.0,0.09,4.0,
450,2016-02-15,0.3,5.737,7.0,0.09,7.0,
451,2016-02-22,0.6,5.5185,8.0,0.13,8.0,
452,2016-02-29,0.3,5.9645,7.0,0.1,7.0,
453,2016-03-07,0.4,6.808,5.0,0.13,5.0,
454,2016-03-14,0.7,5.876,6.0,0.3,6.0,
455,2016-03-21,0.6,5.7015,6.0,0.4,6.0,
456,2016-03-28,0.4,5.9185,5.0,0.19,5.0,
457,2016-04-07,0.1,4.273333333333333,5.0,0.05,5.0,
458,2016-04-11,0.8,5.8035,6.0,0.33,6.0,
459,2016-04-18,0.9,5.859999999999999,5.0,0.25,5.0,
460,2016-04-25,0.6,4.301,4.35,0.33,7.0,0.2
461,2016-05-04,0.2,3.2763333333333335,7.0,0.11,7.0,
462,2016-05-09,0.3,6.147333333333333,5.6,0.17,7.0,6.7
463,2016-05-16,0.4,5.677,7.0,0.2,7.0,
464,2016-05-23,0.3,4.587,5.55,0.16,7.0,5.3
465,2016-06-13,0.5,6.417,4.0,0.2,4.0,
466,2016-06-20,0.5,4.756666666666667,6.8100000000000005,0.36,7.0,9.3
467,2016-07-04,0.3,3.484666666666667,5.15,0.12,4.0,9.1
468,2016-07-11,0.5,4.438666666666666,5.0,0.4,5.0,
469,2016-07-24,0.3,3.464,3.9,0.18,4.0,7.2
470,2016-08-05,0.1,6.101,6.0,0.15,6.0,
471,2016-08-08,0.2,4.841333333333334,5.15,0.18,4.0,14.9
472,2016-08-19,0.3,3.838666666666667,3.0,0.09,3.0,
473,2016-08-22,0.4,5.743,6.0,0.28,6.0,
474,2016-08-29,0.1,3.896333333333333,4.0,0.08,4.0,
475,2016-09-05,0.3,4.2973333333333334,6.0,0.21,6.0,
476,2016-09-12,0.2,3.143333333333333,5.0,0.09,5.0,
477,2016-09-19,0.2,5.188999999999999,3.0,0.14,3.0,
478,2016-09-26,0.2,4.563666666666666,5.0,0.12,5.0,
479,2016-10-03,0.2,4.7695,5.0,0.07,5.0,
480,2016-10-09,0.2,3.486666666666667,4.35,0.1,5.0,10.7
481,2016-10-17,0.2,6.215,3.0,0.15,3.0,
482,2016-10-24,0.4,4.427,3.0,0.09,3.0,
483,2016-10-31,1.0,6.202500000000001,4.0,0.27,4.0,
484,2016-12-05,3.0,6.186,5.0,0.28,5.0,
485,2016-12-11,2.2,5.3309999999999995,6.0,0.28,6.0,
486,2016-12-20,0.9,6.2655,8.0,0.24,8.0,
487,2016-12-26,2.5,6.372,5.0,0.21,5.0,
488,2017-01-02,1.5,4.401,5.0,0.24,5.0,
489,2017-01-08,2.1,7.053333333333334,6.0,0.28,6.0,
490,2017-01-11,0.7050000000000001,6.7749999999999995,3.54,0.1455,,
491,2017-01-16,2.2,6.789000000000001,6.0,0.28,6.0,
492,2017-01-23,2.9,6.797666666666667,4.0,0.32,4.0,
493,2017-01-30,2.5,6.1066666666666665,3.0,0.32,3.0,
494,2017-02-06,3.0,6.769333333333333,2.0,0.29,2.0,
495,2017-02-08,0.34,6.7586666666666675,2.395,0.14750000000000002,,
496,2017-02-13,1.5,6.213,4.0,0.3,4.0,
497,2017-02-20,2.5,6.8806666666666665,4.0,0.29,4.0,
498,2017-02-27,3.7,6.395333333333333,3.0,0.29,3.0,
499,2017-03-06,2.8,6.4303333333333335,3.0,0.27,3.0,
500,2017-03-09,0.275,6.3066666666666675,2.63,0.11050000000000001,,
501,2017-03-13,1.3,6.881666666666667,3.0,0.23,3.0,
502,2017-03-20,0.7,6.277333333333334,4.0,0.19,4.0,
503,2010-07-01,,5.782500000000001,,,,
504,2010-07-02,,5.718500000000001,,,,
505,2010-07-03,,6.2215,,,,
506,2010-07-04,,5.9565,,,,
507,2010-07-05,,5.6735,,,,
508,2010-07-07,,5.925000000000001,,,,
509,2010-07-08,,5.9375,,,,
510,2010-07-09,,5.091000000000001,,,,
511,2010-07-12,,6.0809999999999995,,,,
512,2010-07-14,,5.805,,,,
513,2010-07-15,,6.106999999999999,,,,
514,2010-07-17,,5.982,,,,
515,2010-07-19,,6.428999999999999,,,,
516,2010-07-20,,3.856333333333333,,,,
517,2010-07-21,,5.7035,,,,
518,2010-07-22,,7.886,,,,
519,2010-07-23,,4.157333333333334,,,,
520,2010-07-24,,3.6786666666666665,,,,
521,2010-07-26,,4.956,,,,
522,2010-07-27,,3.8266666666666667,,,,
523,2010-07-28,,3.3853333333333335,,,,
524,2010-07-29,,3.661,,,,
525,2010-07-31,,2.9299999999999997,,,,
526,2010-08-01,,6.2875,,,,
527,2010-08-02,,5.6425,,,,
528,2010-08-04,,4.465333333333334,,,,
529,2010-08-05,,5.504333333333332,,,,
530,2010-08-06,,4.282,,,,
531,2010-08-07,,4.081333333333333,,,,
532,2010-08-09,,5.092333333333333,,,,
533,2010-08-10,,5.7700000000000005,,,,
534,2010-08-12,,5.945,,,,
535,2010-08-13,,6.1495,,,,
536,2010-08-14,,4.446333333333334,,,,
537,2010-08-16,,4.763333333333333,,,,
538,2010-08-17,,5.1513333333333335,,,,
539,2010-08-18,,4.6209999999999996,,,,
540,2010-08-19,,4.467,,,,
541,2010-08-20,,4.226,,,,
542,2010-08-21,,4.084833333333333,,,,
543,2010-08-23,,4.916666666666667,,,,
544,2010-08-24,,5.027,,,,
545,2010-08-26,,6.9185,,,,
546,2010-08-27,,6.231,,,,
547,2010-08-28,,4.0145,,,,
548,2010-08-30,,5.43,,,,
549,2010-08-31,,4.586333333333333,,,,
550,2010-09-01,,4.394833333333334,,,,
551,2010-09-02,,5.237833333333333,,,,
552,2010-09-03,,3.9870750000000004,,,,
553,2010-09-05,,6.3065,,,,
554,2010-09-06,,6.478999999999999,,,,
555,2010-09-09,,5.026266666666666,,,,
556,2010-09-10,,4.1364,,,,
557,2010-09-11,,4.985,,,,
558,2010-09-13,,4.852566666666666,,,,
559,2010-09-14,,6.6787,,,,
560,2010-09-16,,6.3495,,,,
561,2010-09-17,,6.2285,,,,
562,2010-09-18,,3.777675,,,,
563,2010-09-20,,3.7924,,,,
564,2010-09-22,,3.9887499999999996,,,,
565,2010-09-23,,3.48895,,,,
566,2010-09-24,,3.651875,,,,
567,2010-09-25,,3.19395,,,,
568,2010-09-26,,6.3555,,,,
569,2010-09-27,,6.1685,,,,
570,2010-09-30,,5.0118,,,,
571,2010-10-01,,4.733,,,,
572,2010-10-02,,4.396333333333334,,,,
573,2010-10-04,,4.577000000000001,,,,
574,2010-10-06,,4.361333333333333,,,,
575,2010-10-07,,5.914,,,,
576,2010-10-08,,5.25,,,,
577,2010-10-09,,6.418,,,,
578,2010-10-10,,6.559000000000001,,,,
579,2010-10-11,,6.630999999999999,,,,
580,2010-10-13,,5.822000000000001,,,,
581,2010-10-14,,6.175999999999999,,,,
582,2010-10-15,,5.9175,,,,
583,2010-10-16,,6.4735000000000005,,,,
584,2010-10-17,,6.1465,,,,
585,2010-10-18,,6.076,,,,
586,2010-10-21,,5.353666666666666,,,,
587,2010-10-23,,6.133,,,,
588,2010-10-24,,6.664,,,,
589,2010-10-25,,6.394,,,,
590,2010-10-29,,3.5577500000000004,,,,
591,2010-10-30,,3.8510000000000004,,,,
592,2010-11-01,,4.118723333333333,,,,
593,2010-11-04,,4.165,,,,
594,2010-11-05,,3.266,,,,
595,2010-11-06,,3.704175,,,,
596,2010-11-07,,6.62,,,,
597,2010-11-08,,6.140499999999999,,,,
598,2010-11-12,,3.3325,,,,
599,2010-11-13,,3.61525,,,,
600,2010-11-15,,3.20175,,,,
601,2010-11-17,,5.731,,,,
602,2010-11-18,,5.765499999999999,,,,
603,2010-11-19,,7.0535000000000005,,,,
604,2010-11-20,,6.602,,,,
605,2010-11-21,,5.6635,,,,
606,2010-11-22,,6.085,,,,
607,2010-11-24,,6.327,,,,
608,2010-11-25,,6.5809999999999995,,,,
609,2010-11-26,,5.8165,,,,
610,2010-11-27,,6.18,,,,
611,2010-11-28,,6.37,,,,
612,2010-11-29,,6.199,,,,
613,2010-12-01,,6.02,,,,
614,2010-12-02,,5.862,,,,
615,2010-12-03,,5.9725,,,,
616,2010-12-04,,6.160500000000001,,,,
617,2010-12-05,,6.522,,,,
618,2010-12-06,,6.4595,,,,
619,2010-12-08,,4.485666666666667,,,,
620,2010-12-09,,6.1035,,,,
621,2010-12-11,,3.1545,,,,
622,2010-12-13,,2.90825,,,,
623,2010-12-15,,6.106,,,,
624,2010-12-16,,3.921,,,,
625,2010-12-17,,6.119,,,,
626,2010-12-18,,6.5954999999999995,,,,
627,2010-12-19,,6.1335,,,,
628,2010-12-20,,6.147,,,,
629,2010-12-22,,5.8285,,,,
630,2010-12-23,,6.2695,,,,
631,2010-12-24,,6.792999999999999,,,,
632,2010-12-25,,6.125500000000001,,,,
633,2010-12-26,,6.4325,,,,
634,2010-12-27,,6.2010000000000005,,,,
635,2010-12-29,,6.451499999999999,,,,
636,2010-12-30,,6.162,,,,
637,2010-12-31,,6.177,,,,
638,2011-01-01,,6.177,,,,
639,2011-01-02,,6.140000000000001,,,,
640,2011-01-03,,6.003,,,,
641,2011-01-05,,6.163,,,,
642,2011-01-06,,6.0225,,,,
643,2011-01-07,,6.0965,,,,
644,2011-01-08,,6.0375,,,,
645,2011-01-09,,6.335,,,,
646,2011-01-12,,6.0105,,,,
647,2011-01-13,,5.9175,,,,
648,2011-01-14,,6.061999999999999,,,,
649,2011-01-15,,6.7045,,,,
650,2011-01-16,,6.3835,,,,
651,2011-01-17,,6.378,,,,
652,2011-01-18,,6.384,,,,
653,2011-01-20,,6.412999999999999,,,,
654,2011-01-21,,6.051,,,,
655,2011-01-22,,6.305,,,,
656,2011-01-23,,6.351000000000001,,,,
657,2011-01-26,,6.086,,,,
658,2011-01-27,,5.789,,,,
659,2011-01-28,,5.859,,,,
660,2011-01-29,,6.3345,,,,
661,2011-01-30,,6.6579999999999995,,,,
662,2011-02-02,,6.4825,,,,
663,2011-02-03,,6.1135,,,,
664,2011-02-04,,6.4384999999999994,,,,
665,2011-02-05,,6.9785,,,,
666,2011-02-07,,4.196000000000001,,,,
667,2011-02-09,,6.218,,,,
668,2011-02-10,,6.4830000000000005,,,,
669,2011-02-11,,6.973000000000001,,,,
670,2011-02-12,,5.503,,,,
671,2011-02-13,,6.1045,,,,
672,2011-02-14,,7.0625,,,,
673,2011-02-16,,6.439,,,,
674,2011-02-17,,7.168,,,,
675,2011-02-18,,7.1325,,,,
676,2011-02-19,,6.9704999999999995,,,,
677,2011-02-20,,6.6955,,,,
678,2011-02-21,,6.1085,,,,
679,2011-02-24,,6.3149999999999995,,,,
680,2011-02-25,,6.327500000000001,,,,
681,2011-02-26,,6.66,,,,
682,2011-02-28,,6.3125,,,,
683,2011-03-01,,6.0975,,,,
684,2011-03-02,,6.1834999999999996,5.4,0.09,5.4,
685,2011-03-03,,6.2524999999999995,,,,
686,2011-03-04,,6.302,,,,
687,2011-03-05,,6.336,,,,
688,2011-03-06,,6.321,,,,
689,2011-03-07,,6.016500000000001,,,,
690,2011-03-09,,5.519,,,,
691,2011-03-10,,6.221,,,,
692,2011-03-11,,6.0995,,,,
693,2011-03-12,,6.588,,,,
694,2011-03-13,,5.807,,,,
695,2011-03-15,,6.149,,,,
696,2011-03-17,,5.9925,,,,
697,2011-03-18,,5.776999999999999,,,,
698,2011-03-19,,6.4825,,,,
699,2011-03-21,,6.064,,,,
700,2011-03-22,,6.103,,,,
701,2011-03-24,,6.6505,,,,
702,2011-03-25,,6.5600000000000005,,,,
703,2011-03-26,,7.1555,,,,
704,2011-03-27,,6.827500000000001,,,,
705,2011-03-28,,5.877000000000001,,,,
706,2011-03-30,,6.277,,,,
707,2011-03-31,,6.0875,,,,
708,2011-04-01,,6.1080000000000005,,,,
709,2011-04-02,,6.573,,,,
710,2011-04-03,,6.4505,,,,
711,2011-04-04,,6.234500000000001,,,,
712,2011-04-06,,6.45,,,,
713,2011-04-07,,6.531,,,,
714,2011-04-11,,6.635333333333333,,,,
715,2011-04-12,,6.160666666666667,,,,
716,2011-04-13,,6.364,,,,
717,2011-04-14,,7.951333333333333,,,,
718,2011-04-15,,5.8406666666666665,,,,
719,2011-04-16,,4.188666666666666,,,,
720,2011-04-19,,5.458666666666667,,,,
721,2011-04-20,,6.672666666666667,,,,
722,2011-04-21,,6.829999999999999,,,,
723,2011-04-22,,4.441333333333334,,,,
724,2011-04-24,,7.093500000000001,,,,
725,2011-04-28,,5.835999999999999,,,,
726,2011-04-29,,6.556,,,,
727,2011-04-30,,6.396,,,,
728,2011-05-02,,6.630999999999999,,,,
729,2011-05-03,,6.561,,,,
730,2011-05-05,,6.452500000000001,,,,
731,2011-05-06,,6.491999999999999,,,,
732,2011-05-07,,6.981,,,,
733,2011-05-08,,6.9559999999999995,,,,
734,2011-05-09,,6.2825,,,,
735,2011-05-11,,6.32,,,,
736,2011-05-12,,6.2204999999999995,,,,
737,2011-05-17,,6.0845,,,,
738,2011-05-18,,6.6065,,,,
739,2011-05-19,,5.431333333333334,,,,
740,2011-05-20,,6.101500000000001,,,,
741,2011-05-21,,6.0715,,,,
742,2011-05-22,,6.666,,,,
743,2011-05-23,,5.929,,,,
744,2011-05-25,,4.120666666666667,,,,
745,2011-05-26,,4.135333333333333,,,,
746,2011-05-27,,4.734666666666667,,,,
747,2011-05-28,,4.583333333333333,,,,
748,2011-05-30,,4.817333333333333,,,,
749,2011-05-31,,4.614333333333334,6.2,,,
750,2011-06-01,,4.432333333333333,,,,
751,2011-06-02,,2.53125,,,,
752,2011-06-04,,6.961,,,,
753,2011-06-05,,7.086500000000001,,,,
754,2011-06-07,,6.2035,,,,
755,2011-06-08,,5.994,,,,
756,2011-06-09,,6.2524999999999995,,,,
757,2011-06-10,,6.3905,,,,
758,2011-06-11,,6.173500000000001,,,,
759,2011-06-13,,6.1065000000000005,,,,
760,2011-06-14,,6.2275,,,,
761,2011-06-16,,6.205,,,,
762,2011-06-17,,6.2524999999999995,,,,
763,2011-06-18,,6.3385,,,,
764,2011-06-19,,6.3525,,,,
765,2011-06-20,,6.2395000000000005,,,,
766,2011-06-22,,5.993,,,,
767,2011-06-23,,6.1395,,,,
768,2011-06-28,,6.0809999999999995,,,,
769,2011-06-29,,6.0715,,,,
770,2011-06-30,,6.0555,,,,
771,2011-07-01,,6.2035,,,,
772,2011-07-02,,6.0815,,,,
773,2011-07-04,,6.0995,,,,
774,2011-07-06,,5.829000000000001,,,,
775,2011-07-09,,3.11325,,,,
776,2011-07-12,,3.89,,,,
777,2011-07-13,,4.030666666666667,,,,
778,2011-07-15,,3.33125,,,,
779,2011-07-16,,3.2967500000000003,,,,
780,2011-07-17,,3.983333333333333,,,,
781,2011-07-19,,2.91625,,,,
782,2011-07-20,,3.8990000000000005,,,,
783,2011-07-21,,2.8789999999999996,,,,
784,2011-07-22,,3.8366666666666664,,,,
785,2011-07-23,,3.72,,,,
786,2011-07-25,,3.9730000000000003,,,,
787,2011-07-26,,3.1376666666666666,,,,
788,2011-07-27,,4.484333333333334,,,,
789,2011-07-29,,6.1855,,,,
790,2011-07-30,,6.774000000000001,,,,
791,2011-07-31,,6.7219999999999995,,,,
792,2011-08-01,,6.186,,,,
793,2011-08-03,,4.798333333333333,,,,
794,2011-08-04,,4.801666666666667,,,,
795,2011-08-05,,4.939333333333334,4.2,,,
796,2011-08-06,,3.99,3.2,0.12,3.3,
797,2011-08-09,,6.359,,,,
798,2011-08-10,,6.374499999999999,,,,
799,2011-08-11,,6.3835,,,,
800,2011-08-12,,6.4345,,,,
801,2011-08-13,,6.390000000000001,,,,
802,2011-08-16,,4.564666666666667,,,,
803,2011-08-17,,6.296,11.2,,,
804,2011-08-18,,4.981999999999999,,,,
805,2011-08-19,,4.245,,,,
806,2011-08-20,,3.75875,,,,
807,2011-08-22,,3.87775,,,,
808,2011-08-25,,4.315666666666666,,,,
809,2011-08-26,,6.145,,,,
810,2011-08-27,,5.571333333333333,,,,
811,2011-08-29,,5.117,,,,
812,2011-08-30,,5.196000000000001,,,,
813,2011-09-01,,6.1775,,,,
814,2011-09-02,,6.4,,,,
815,2011-09-03,,6.313000000000001,,,,
816,2011-09-04,,6.385,,,,
817,2011-09-05,,6.526,,,,
818,2011-09-07,,6.2075,,,,
819,2011-09-09,,3.989,,,,
820,2011-09-10,,4.38275,,,,
821,2011-09-13,,5.984666666666667,,,,
822,2011-09-14,,7.491,,,,
823,2011-09-15,,7.4430000000000005,,,,
824,2011-09-16,,5.993666666666667,,,,
825,2011-09-17,,6.384666666666668,,,,
826,2011-09-19,,4.00275,,,,
827,2011-09-21,,6.3725000000000005,,,,
828,2011-09-22,,6.3774999999999995,,,,
829,2011-09-23,,6.27,,,,
830,2011-09-24,,6.598,,,,
831,2011-09-25,,6.59,,,,
832,2011-09-27,,6.3149999999999995,,,,
833,2011-09-28,,6.170999999999999,5.9,0.12,6.0,
834,2011-09-29,,6.1265,,,,
835,2011-09-30,,5.9,,,,
836,2011-10-01,,6.122,,,,
837,2011-10-02,,6.504,,,,
838,2011-10-04,,6.455,,,,
839,2011-10-05,,5.856,,,,
840,2011-10-08,,4.991333333333333,,,,
841,2011-10-09,,6.637499999999999,,,,
842,2011-10-10,,6.0255,,,,
843,2011-10-12,,5.901,,,,
844,2011-10-13,,6.2825,,,,
845,2011-10-14,,6.4555,,,,
846,2011-10-15,,6.890000000000001,,,,
847,2011-10-17,,6.4745,,,,
848,2011-10-19,,6.2675,,,,
849,2011-10-20,,6.2645,,,,
850,2011-10-21,,6.5915,,,,
851,2011-10-22,,6.922499999999999,,,,
852,2011-10-23,,6.7684999999999995,,,,
853,2011-10-24,,6.4385,,,,
854,2011-10-27,,6.497,,,,
855,2011-10-28,,6.614,,,,
856,2011-10-29,,6.9190000000000005,,,,
857,2011-10-30,,6.757,,,,
858,2011-11-01,,6.579,,,,
859,2011-11-02,,6.532,,,,
860,2011-11-03,,6.9384999999999994,,,,
861,2011-11-04,,7.1165,,,,
862,2011-11-05,,6.977,,,,
863,2011-11-07,,6.356,,,,
864,2011-11-08,,6.2675,,,,
865,2011-11-09,,6.773,,,,
866,2011-11-10,,6.4985,,,,
867,2011-11-11,,5.767000000000001,,,,
868,2011-11-12,,6.3325,,,,
869,2011-11-13,,6.708,,,,
870,2011-11-14,,6.2835,,,,
871,2011-11-16,,6.01,,,,
872,2011-11-17,,6.163,,,,
873,2011-11-18,,5.992,,,,
874,2011-11-19,,6.3945,,,,
875,2011-11-20,,6.544499999999999,,,,
876,2011-11-22,,5.9235,,,,
877,2011-11-23,,6.146000000000001,,,,
878,2011-11-24,,7.059500000000001,,,,
879,2011-11-25,,6.1964999999999995,,,,
880,2011-11-26,,5.968999999999999,,,,
881,2011-11-29,,6.0169999999999995,,,,
882,2011-11-30,,5.61,,,,
883,2011-12-01,,6.327,,,,
884,2011-12-02,,5.915,,,,
885,2011-12-03,,6.191,,,,
886,2011-12-04,,6.842,,,,
887,2011-12-05,,6.1365,,,,
888,2011-12-07,,6.211,,,,
889,2011-12-08,,5.874,,,,
890,2011-12-09,,5.823,,,,
891,2011-12-10,,6.279999999999999,,,,
892,2011-12-11,,6.3565000000000005,,,,
893,2011-12-13,,6.106999999999999,,,,
894,2011-12-14,,6.2010000000000005,,,,
895,2011-12-15,,6.0634999999999994,,,,
896,2011-12-16,,5.938,,,,
897,2011-12-17,,6.579000000000001,,,,
898,2011-12-19,,5.865499999999999,,,,
899,2011-12-20,,5.9975000000000005,,,,
900,2011-12-21,,5.4830000000000005,,,,
901,2011-12-22,,5.26,,,,
902,2011-12-23,,6.910500000000001,,,,
903,2011-12-24,,7.038,,,,
904,2011-12-25,,6.218999999999999,,,,
905,2011-12-26,,6.13,,,,
906,2011-12-28,,6.0515,,,,
907,2011-12-29,,6.206,,,,
908,2011-12-30,,6.2165,,,,
909,2011-12-31,,6.2615,,,,
910,2012-01-01,,6.375,,,,
911,2012-01-02,,5.6805,,,,
912,2012-01-04,,6.1645,,,,
913,2012-01-05,,5.881,,,,
914,2012-01-06,,5.957,,,,
915,2012-01-07,,6.2645,,,,
916,2012-01-09,,6.218499999999999,,,,
917,2012-01-10,,6.1305,,,,
918,2012-01-11,,5.893000000000001,,,,
919,2012-01-12,,5.798,,,,
920,2012-01-13,,5.452999999999999,,,,
921,2012-01-14,,6.243499999999999,,,,
922,2012-01-15,,5.685,,,,
923,2012-01-16,,6.1905,,,,
924,2012-01-18,,5.275,,,,
925,2012-01-19,,5.713000000000001,,,,
926,2012-01-20,,5.8134999999999994,,,,
927,2012-01-21,,6.59,,,,
928,2012-01-22,,6.204,,,,
929,2012-01-24,,5.9670000000000005,,,,
930,2012-01-25,,5.8175,,,,
931,2012-01-26,,5.82,,,,
932,2012-01-27,,5.5915,,,,
933,2012-01-28,,6.306000000000001,,,,
934,2012-01-29,,6.228,,,,
935,2012-01-30,,5.6690000000000005,,,,
936,2012-02-01,,5.669499999999999,,,,
937,2012-02-02,,5.978,,,,
938,2012-02-03,,5.154,,,,
939,2012-02-04,,6.451499999999999,,,,
940,2012-02-05,,5.781,,,,
941,2012-02-06,,5.887499999999999,,,,
942,2012-02-08,,5.6745,,,,
943,2012-02-09,,5.8445,,,,
944,2012-02-10,,6.126,,,,
945,2012-02-11,,6.327999999999999,,,,
946,2012-02-12,,6.09,,,,
947,2012-02-14,,5.837,,,,
948,2012-02-15,,6.002,,,,
949,2012-02-16,,6.0815,,,,
950,2012-02-17,,6.0245,,,,
951,2012-02-18,,5.9195,,,,
952,2012-02-24,,5.4365000000000006,,,,
953,2012-02-25,,6.281000000000001,,,,
954,2012-02-26,,6.1625,,,,
955,2012-02-27,,5.496,12.2,0.2,12.0,
956,2012-02-29,,5.825,12.8,0.16,13.0,
957,2012-03-01,,5.8985,,,,
958,2012-03-02,,5.7035,,,,
959,2012-03-03,,6.7844999999999995,,,,
960,2012-03-04,,5.3175,,,,
961,2012-03-09,,5.6205,,,,
962,2012-03-10,,3.4403333333333337,,,,
963,2012-03-12,,5.7165,,,,
964,2012-03-13,,5.6445,,,,
965,2012-03-14,,5.57,,,,
966,2012-03-15,,5.734500000000001,,,,
967,2012-03-16,,5.596,,,,
968,2012-03-17,,6.0285,,,,
969,2012-03-18,,6.3975,,,,
970,2012-03-19,,5.619999999999999,,,,
971,2012-03-21,,4.18475,,,,
972,2012-03-22,,4.561,,,,
973,2012-03-23,,4.829999999999999,,,,
974,2012-03-24,,5.5135000000000005,,,,
975,2012-03-25,,6.278499999999999,,,,
976,2012-03-27,,5.7105,,,,
977,2012-03-28,,5.799,,,,
978,2012-03-30,,2.1498,,,,
979,2012-03-31,,4.136333333333333,,,,
980,2012-04-03,,4.318333333333333,,,,
981,2012-04-04,,4.765333333333333,,,,
982,2012-04-05,,4.287333333333334,,,,
983,2012-04-06,,2.9292499999999997,,,,
984,2012-04-07,,5.6645,,,,
985,2012-04-08,,6.0095,,,,
986,2012-04-09,,5.9835,,,,
987,2012-04-11,,6.0755,,,,
988,2012-04-12,,6.2330000000000005,,,,
989,2012-04-13,,6.1945,,,,
990,2012-04-14,,6.452,,,,
991,2012-04-15,,6.181000000000001,,,,
992,2012-04-17,,6.013999999999999,,,,
993,2012-04-18,,5.8815,,,,
994,2012-04-19,,5.9025,,,,
995,2012-04-20,,6.038500000000001,,,,
996,2012-04-21,,6.3165000000000004,,,,
997,2012-04-23,,5.8285,,,,
998,2012-04-24,,5.85,,,,
999,2012-04-25,,5.7940000000000005,,,,
1000,2012-04-27,,3.5740000000000003,,,,
1001,2012-04-30,,3.518,,,,
1002,2012-05-02,,3.980333333333333,,,,
1003,2012-05-03,,3.763,,,,
1004,2012-05-05,,3.356,,,,
1005,2012-05-07,,4.539666666666666,,,,
1006,2012-05-08,,4.100333333333333,,,,
1007,2012-05-09,,3.9269999999999996,,,,
1008,2012-05-11,,3.83975,,,,
1009,2012-05-12,,4.456666666666667,,,,
1010,2012-05-13,,4.537,,,,
1011,2012-05-15,,6.6095,,,,
1012,2012-05-16,,6.425,,,,
1013,2012-05-18,,6.3195,,,,
1014,2012-05-19,,6.496499999999999,,,,
1015,2012-05-20,,6.1005,,,,
1016,2012-05-21,,6.503,,,,
1017,2012-05-23,,6.516500000000001,,,,
1018,2012-05-24,,6.307499999999999,,,,
1019,2012-05-25,,5.9535,,,,
1020,2012-05-26,,5.7455,,,,
1021,2012-05-27,,5.992999999999999,,,,
1022,2012-05-28,,6.282,,,,
1023,2012-05-30,,6.0625,,,,
1024,2012-05-31,,6.0085,,,,
1025,2012-06-02,,5.9125,,,,
1026,2012-06-04,,6.044,,,,
1027,2012-06-05,,6.1365,,,,
1028,2012-06-06,,5.971,,,,
1029,2012-06-07,,6.054499999999999,,,,
1030,2012-06-08,,6.0645,,,,
1031,2012-06-09,,6.51,,,,
1032,2012-06-10,,6.52,,,,
1033,2012-06-11,,6.1495,,,,
1034,2012-06-14,,3.8356666666666666,,,,
1035,2012-06-15,,3.6053333333333337,6.0,,,
1036,2012-06-17,,4.212666666666667,,,,
1037,2012-06-19,,5.710999999999999,,,,
1038,2012-06-20,,4.81,,,,
1039,2012-06-21,,4.870666666666667,,,,
1040,2012-06-22,,4.840333333333333,,,,
1041,2012-06-23,,4.924,,,,
1042,2012-06-25,,3.7623333333333338,,,,
1043,2012-06-26,,4.786333333333334,,,,
1044,2012-06-28,,4.69,,,,
1045,2012-06-29,,4.8933333333333335,,,,
1046,2012-06-30,,4.5696666666666665,,,,
1047,2012-07-02,,5.278333333333333,,,,
1048,2012-07-03,,3.578666666666667,,,,
1049,2012-07-05,,6.361000000000001,,,,
1050,2012-07-06,,6.339499999999999,,,,
1051,2012-07-07,,4.4639999999999995,,,,
1052,2012-07-08,,6.622999999999999,,,,
1053,2012-07-12,,4.967333333333333,,,,
1054,2012-07-13,,4.068666666666666,,,,
1055,2012-07-14,,5.198666666666667,,,,
1056,2012-07-16,,4.714666666666667,,,,
1057,2012-07-17,,5.025666666666667,,,,
1058,2012-07-18,,4.607333333333334,,,,
1059,2012-07-19,,4.388333333333333,,,,
1060,2012-07-20,,4.352,,,,
1061,2012-07-21,,4.849333333333333,,,,
1062,2012-07-24,,4.477,,,,
1063,2012-07-25,,4.502750000000001,,,,
1064,2012-07-26,,3.3656666666666673,,,,
1065,2012-07-27,,4.151666666666666,,,,
1066,2012-07-28,,4.131666666666667,,,,
1067,2012-07-29,,5.037,,,,
1068,2012-07-31,,5.114666666666667,,,,
1069,2012-08-01,,5.207,,,,
1070,2012-08-02,,5.109000000000001,,,,
1071,2012-08-03,,4.926666666666667,,,,
1072,2012-08-04,,4.996666666666667,,,,
1073,2012-08-08,,4.202,,,,
1074,2012-08-09,,4.231,,,,
1075,2012-08-10,,4.445,,,,
1076,2012-08-11,,5.04,,,,
1077,2012-08-12,,3.7472499999999993,,,,
1078,2012-08-14,,3.64625,,,,
1079,2012-08-15,,4.385666666666666,,,,
1080,2012-08-16,,5.2683333333333335,,,,
1081,2012-08-17,,3.2465,,,,
1082,2012-08-18,,6.286,,,,
1083,2012-08-19,,6.369999999999999,,,,
1084,2012-08-21,,5.387666666666667,,,,
1085,2012-08-22,,5.0489999999999995,,,,
1086,2012-08-23,,4.642666666666667,,,,
1087,2012-08-24,,4.917666666666666,,,,
1088,2012-08-25,,4.437333333333334,,,,
1089,2012-08-26,,4.648,,,,
1090,2012-08-28,,4.249,,,,
1091,2012-08-29,,4.555,,,,
1092,2012-08-30,,5.017666666666666,,,,
1093,2012-08-31,,4.807333333333333,,,,
1094,2012-09-02,,6.304,,,,
1095,2012-09-03,,6.593999999999999,,,,
1096,2012-09-05,,6.1825,,,,
1097,2012-09-06,,6.0205,,,,
1098,2012-09-07,,5.853999999999999,,,,
1099,2012-09-09,,6.022,,,,
1100,2012-09-10,,5.9315,,,,
1101,2012-09-12,,4.580666666666667,,,,
1102,2012-09-13,,4.13,,,,
1103,2012-09-14,,6.2875,,,,
1104,2012-09-15,,7.1175,,,,
1105,2012-09-16,,6.8,,,,
1106,2012-09-17,,6.68,,,,
1107,2012-09-19,,6.856,,,,
1108,2012-09-20,,6.882,,,,
1109,2012-09-21,,6.8415,,,,
1110,2012-09-22,,6.788500000000001,,,,
1111,2012-09-23,,6.808999999999999,,,,
1112,2012-09-25,,6.987500000000001,,,,
1113,2012-09-26,,6.853,,,,
1114,2012-09-27,,6.724,,,,
1115,2012-09-28,,6.7795000000000005,,,,
1116,2012-09-29,,6.890000000000001,,,,
1117,2012-09-30,,6.7995,,,,
1118,2012-10-02,,6.529999999999999,,,,
1119,2012-10-03,,5.7585,,,,
1120,2012-10-04,,6.632000000000001,,,,
1121,2012-10-05,,6.6370000000000005,,,,
1122,2012-10-06,,6.773,,,,
1123,2012-10-07,,6.795,,,,
1124,2012-10-09,,6.194000000000001,,,,
1125,2012-10-10,,5.074000000000001,,,,
1126,2012-10-11,,5.839,,,,
1127,2012-10-12,,6.1955,,,,
1128,2012-10-13,,4.7855,,,,
1129,2012-10-14,,5.298,,,,
1130,2012-10-16,,5.9345,,,,
1131,2012-10-17,,5.9915,,,,
1132,2012-10-18,,6.4590000000000005,,,,
1133,2012-10-19,,6.5809999999999995,,,,
1134,2012-10-20,,6.721,,,,
1135,2012-10-21,,6.6355,,,,
1136,2012-10-23,,7.2059999999999995,,,,
1137,2012-10-24,,6.718,,,,
1138,2012-10-25,,6.5625,,,,
1139,2012-10-26,,6.5435,,,,
1140,2012-10-27,,6.5255,,,,
1141,2012-10-28,,6.547000000000001,,,,
1142,2012-10-29,,6.3515,,,,
1143,2012-10-31,,5.4030000000000005,,,,
1144,2012-11-01,,6.060499999999999,,,,
1145,2012-11-02,,7.0600000000000005,,,,
1146,2012-11-03,,7.163499999999999,,,,
1147,2012-11-04,,7.221,,,,
1148,2012-11-06,,5.292,,,,
1149,2012-11-07,,7.615500000000001,,,,
1150,2012-11-08,,7.1575,,,,
1151,2012-11-09,,7.1295,,,,
1152,2012-11-10,,7.0275,,,,
1153,2012-11-11,,6.92,,,,
1154,2012-11-12,,6.9885,,,,
1155,2012-11-14,,6.29,,,,
1156,2012-11-15,,6.766,,,,
1157,2012-11-16,,6.7745,,,,
1158,2012-11-17,,6.8965,,,,
1159,2012-11-18,,6.9785,,,,
1160,2012-11-20,,6.5685,,,,
1161,2012-11-21,,6.522,,,,
1162,2012-11-22,,5.746,,,,
1163,2012-11-23,,5.556,,,,
1164,2012-11-24,,6.0375,,,,
1165,2012-11-25,,6.282500000000001,,,,
1166,2012-11-27,,6.341,,,,
1167,2012-11-28,,6.266500000000001,,,,
1168,2012-11-29,,6.201499999999999,,,,
1169,2012-11-30,,6.247999999999999,,,,
1170,2012-12-01,,6.4605,,,,
1171,2012-12-02,,7.295,,,,
1172,2012-12-04,,6.4395,,,,
1173,2012-12-05,,6.819,,,,
1174,2012-12-06,,5.8100000000000005,,,,
1175,2012-12-07,,5.914,,,,
1176,2012-12-08,,5.127,,,,
1177,2012-12-09,,5.458500000000001,,,,
1178,2012-12-10,,5.212,,,,
1179,2012-12-12,,6.971,,,,
1180,2012-12-13,,6.5575,,,,
1181,2012-12-14,,6.683,,,,
1182,2012-12-15,,6.414,,,,
1183,2012-12-16,,6.343,,,,
1184,2012-12-18,,6.369,,,,
1185,2012-12-19,,6.5009999999999994,,,,
1186,2012-12-20,,6.4025,,,,
1187,2012-12-21,,6.408999999999999,,,,
1188,2012-12-22,,6.2844999999999995,,,,
1189,2012-12-23,,6.9815000000000005,,,,
1190,2012-12-24,,6.888,,,,
1191,2012-12-25,,7.0024999999999995,,,,
1192,2012-12-27,,6.614000000000001,,,,
1193,2012-12-28,,6.032500000000001,,,,
1194,2012-12-29,,6.095,,,,
1195,2012-12-30,,5.883,,,,
1196,2012-12-31,,6.2379999999999995,,,,
1197,2013-01-01,,6.0895,,,,
1198,2013-01-03,,6.24,,,,
1199,2013-01-04,,6.18,,,,
1200,2013-01-05,,6.327,,,,
1201,2013-01-06,,6.528499999999999,,,,
1202,2013-01-08,,6.4815,,,,
1203,2013-01-09,,6.124499999999999,,,,
1204,2013-01-10,,6.3035,,,,
1205,2013-01-11,,6.2315000000000005,,,,
1206,2013-01-12,,6.172499999999999,,,,
1207,2013-01-13,,6.265000000000001,,,,
1208,2013-01-15,,5.9945,,,,
1209,2013-01-16,,6.205,,,,
1210,2013-01-17,,6.262,,,,
1211,2013-01-18,,6.253,,,,
1212,2013-01-19,,6.1690000000000005,,,,
1213,2013-01-20,,5.997,,,,
1214,2013-01-21,,5.7315000000000005,,,,
1215,2013-01-23,,6.221,,,,
1216,2013-01-24,,6.186999999999999,,,,
1217,2013-01-25,,6.2355,,,,
1218,2013-01-26,,6.308,,,,
1219,2013-01-27,,5.614,,,,
1220,2013-01-29,,6.249499999999999,,,,
1221,2013-01-30,,6.195,,,,
1222,2013-01-31,,6.0809999999999995,,,,
1223,2013-02-01,,6.0649999999999995,,,,
1224,2013-02-02,,6.0265,,,,
1225,2013-02-03,,5.775,,,,
1226,2013-02-05,,6.136000000000001,,,,
1227,2013-02-06,,6.170499999999999,,,,
1228,2013-02-07,,6.1895,,,,
1229,2013-02-08,,6.1475,,,,
1230,2013-02-09,,5.758,,,,
1231,2013-02-10,,6.3525,,,,
1232,2013-02-12,,3.622666666666667,,,,
1233,2013-02-13,,5.6739999999999995,,,,
1234,2013-02-14,,5.9735000000000005,,,,
1235,2013-02-15,,6.2204999999999995,,,,
1236,2013-02-16,,6.232,,,,
1237,2013-02-17,,5.7459999999999996,,,,
1238,2013-02-19,,6.07,,,,
1239,2013-02-20,,6.1815,,,,
1240,2013-02-21,,6.2065,,,,
1241,2013-02-22,,6.266,,,,
1242,2013-02-23,,5.863,,,,
1243,2013-02-24,,5.7905,,,,
1244,2013-02-26,,5.7955000000000005,,,,
1245,2013-02-27,,5.6274999999999995,,,,
1246,2013-02-28,,5.7170000000000005,,,,
1247,2013-03-01,,6.131500000000001,,,,
1248,2013-03-02,,6.134499999999999,,,,
1249,2013-03-05,,5.544333333333333,,,,
1250,2013-03-06,,5.9510000000000005,,,,
1251,2013-03-07,,5.853000000000001,,,,
1252,2013-03-08,,5.445666666666667,,,,
1253,2013-03-09,,5.36775,6.5,,,
1254,2013-03-12,,5.1866666666666665,,,,
1255,2013-03-13,,4.80225,,,,
1256,2013-03-14,,4.288,,,,
1257,2013-03-15,,3.4699999999999998,,,,
1258,2013-03-16,,6.2225,,,,
1259,2013-03-19,,4.159,,,,
1260,2013-03-20,,4.719,,,,
1261,2013-03-21,,3.6687499999999997,,,,
1262,2013-03-22,,6.028499999999999,,,,
1263,2013-03-23,,6.26,,,,
1264,2013-03-24,,6.153499999999999,,,,
1265,2013-03-26,,6.1225000000000005,,,,
1266,2013-03-27,,5.337,,,,
1267,2013-03-28,,6.202,,,,
1268,2013-03-29,,6.228,,,,
1269,2013-03-30,,6.284000000000001,,,,
1270,2013-03-31,,7.0634999999999994,,,,
1271,2013-04-02,,6.488,,,,
1272,2013-04-03,,6.574,,,,
1273,2013-04-04,,6.82,,,,
1274,2013-04-05,,6.297000000000001,,,,
1275,2013-04-06,,6.6505,,,,
1276,2013-04-07,,6.553999999999999,,,,
1277,2013-04-09,,6.284000000000001,,,,
1278,2013-04-10,,6.3435,,,,
1279,2013-04-12,,6.0969999999999995,,,,
1280,2013-04-13,,7.263,,,,
1281,2013-04-16,,6.480666666666667,,,,
1282,2013-04-17,,6.029,,,,
1283,2013-04-18,,5.972333333333332,,,,
1284,2013-04-19,,6.151,,,,
1285,2013-04-20,,3.75375,,,,
1286,2013-04-23,,4.317,,,,
1287,2013-04-24,,4.376666666666666,,,,
1288,2013-04-25,,3.7742500000000003,,,,
1289,2013-04-26,,4.202249999999999,,,,
1290,2013-04-27,,5.853333333333333,,,,
1291,2013-04-29,,6.627,,,,
1292,2013-04-30,,6.225999999999999,,,,
1293,2013-05-01,,6.09,,,,
1294,2013-05-02,,5.905333333333334,,,,
1295,2013-05-03,,6.180666666666667,,,,
1296,2013-05-04,,6.639,,,,
1297,2013-05-06,,6.169666666666667,,,,
1298,2013-05-07,,6.196333333333333,,,,
1299,2013-05-08,,6.327333333333335,,,,
1300,2013-05-10,,5.1739999999999995,,,,
1301,2013-05-11,,6.343500000000001,,,,
1302,2013-05-12,,6.624499999999999,,,,
1303,2013-05-14,,6.7515,,,,
1304,2013-05-15,,6.805999999999999,,,,
1305,2013-05-16,,6.4719999999999995,,,,
1306,2013-05-17,,6.6240000000000006,,,,
1307,2013-05-18,,6.943,,,,
1308,2013-05-19,,6.365500000000001,,,,
1309,2013-05-21,,6.5409999999999995,,,,
1310,2013-05-22,,6.16,,,,
1311,2013-05-23,,6.1495,,,,
1312,2013-05-24,,6.1899999999999995,,,,
1313,2013-05-29,,4.45925,,,,
1314,2013-05-30,,3.5977499999999996,,,,
1315,2013-05-31,,5.046666666666667,,,,
1316,2013-06-01,,5.944,,,,
1317,2013-06-04,,4.19675,,,,
1318,2013-06-05,,5.9606666666666674,,,,
1319,2013-06-06,,4.02625,,,,
1320,2013-06-07,,5.788333333333334,,,,
1321,2013-06-08,,6.0275,,,,
1322,2013-06-09,,6.1105,,,,
1323,2013-06-11,,6.444500000000001,,,,
1324,2013-06-12,,6.154,,,,
1325,2013-06-13,,6.080500000000001,,,,
1326,2013-06-14,,6.181,,,,
1327,2013-06-15,,6.295,,,,
1328,2013-06-16,,5.57,,,,
1329,2013-06-18,,6.5205,,,,
1330,2013-06-19,,6.2325,,,,
1331,2013-06-20,,6.138,,,,
1332,2013-06-21,,6.2475000000000005,,,,
1333,2013-06-22,,6.2540000000000004,,,,
1334,2013-06-23,,6.218500000000001,,,,
1335,2013-06-25,,6.068499999999999,,,,
1336,2013-06-27,,4.442,,,,
1337,2013-06-29,,4.8420000000000005,,,,
1338,2013-07-02,,3.923,,,,
1339,2013-07-03,,5.082,,,,
1340,2013-07-04,,4.2844999999999995,,,,
1341,2013-07-05,,4.297,,,,
1342,2013-07-06,,4.6065,,,,
1343,2013-07-07,,5.5425,,,,
1344,2013-07-11,,3.37225,,,,
1345,2013-07-12,,4.80425,,,,
1346,2013-07-13,,4.288499999999999,,,,
1347,2013-07-14,,4.100499999999999,,,,
1348,2013-07-17,,4.042250000000001,,,,
1349,2013-07-18,,4.42425,,,,
1350,2013-07-19,,4.407500000000001,,,,
1351,2013-07-20,,4.68625,,,,
1352,2013-07-23,,3.99,,,,
1353,2013-07-24,,3.899666666666667,,,,
1354,2013-07-25,,4.1259999999999994,,,,
1355,2013-07-26,,3.9247500000000004,,,,
1356,2013-07-27,,6.008000000000001,,,,
1357,2013-07-28,,6.3420000000000005,,,,
1358,2013-07-31,,4.2905,,,,
1359,2013-08-01,,4.48125,,,,
1360,2013-08-02,,4.1325,,,,
1361,2013-08-03,,4.37775,,,,
1362,2013-08-04,,4.13275,,,,
1363,2013-08-07,,6.626,,,,
1364,2013-08-08,,3.5535,,,,
1365,2013-08-09,,4.31625,,,,
1366,2013-08-10,,4.6175,,,,
1367,2013-08-11,,4.238666666666666,,,,
1368,2013-08-13,,4.750249999999999,,,,
1369,2013-08-14,,4.328625000000001,,,,
1370,2013-08-15,,4.78025,,,,
1371,2013-08-16,,3.402,,,,
1372,2013-08-17,,6.366,,,,
1373,2013-08-18,,4.6723333333333334,,,,
1374,2013-08-20,,3.784,,,,
1375,2013-08-21,,4.747249999999999,,,,
1376,2013-08-23,,4.0809999999999995,,,,
1377,2013-08-24,,4.5145,,,,
1378,2013-08-25,,4.44725,,,,
1379,2013-08-28,,3.45375,,,,
1380,2013-08-29,,5.5835,,,,
1381,2013-08-30,,6.0665000000000004,,,,
1382,2013-08-31,,6.492000000000001,,,,
1383,2013-09-01,,6.3245000000000005,,,,
1384,2013-09-04,,5.00375,,,,
1385,2013-09-05,,3.70875,,,,
1386,2013-09-06,,3.9877499999999997,,,,
1387,2013-09-07,,4.3157499999999995,,,,
1388,2013-09-10,,5.048333333333333,,,,
1389,2013-09-11,,4.14,,,,
1390,2013-09-12,,5.12025,,,,
1391,2013-09-13,,4.73325,,,,
1392,2013-09-14,,4.66925,,,,
1393,2013-09-15,,4.206250000000001,,,,
1394,2013-09-17,,4.1615,,,,
1395,2013-09-18,,6.372,,,,
1396,2013-09-19,,6.286,,,,
1397,2013-09-20,,6.1615,,,,
1398,2013-09-21,,6.5875,,,,
1399,2013-09-22,,6.4505,,,,
1400,2013-09-24,,4.0607500000000005,,,,
1401,2013-09-25,,5.1425,,,,
1402,2013-09-26,,5.05275,,,,
1403,2013-09-27,,4.7844999999999995,,,,
1404,2013-09-28,,4.00075,,,,
1405,2013-09-29,,6.0975,,,,
1406,2013-10-01,,6.4385,,,,
1407,2013-10-02,,6.0995,,,,
1408,2013-10-03,,6.172,,,,
1409,2013-10-04,,6.378,,,,
1410,2013-10-05,,6.6805,,,,
1411,2013-10-06,,6.728999999999999,,,,
1412,2013-10-09,,6.5845,,,,
1413,2013-10-10,,6.5344999999999995,,,,
1414,2013-10-11,,6.5264999999999995,,,,
1415,2013-10-12,,6.6745,,,,
1416,2013-10-13,,6.6315,,,,
1417,2013-10-15,,6.4405,,,,
1418,2013-10-16,,6.0525,,,,
1419,2013-10-17,,6.026,,,,
1420,2013-10-18,,6.241,,,,
1421,2013-10-19,,6.484,,,,
1422,2013-10-20,,6.7010000000000005,,,,
1423,2013-10-22,,5.984,,,,
1424,2013-10-23,,6.9565,,,,
1425,2013-10-24,,7.128,,,,
1426,2013-10-25,,6.493,,,,
1427,2013-10-26,,6.023999999999999,,,,
1428,2013-10-27,,5.73,,,,
1429,2013-10-30,,3.0985,,,,
1430,2013-10-31,,6.0095,,,,
1431,2013-11-01,,5.672,,,,
1432,2013-11-02,,5.9285000000000005,,,,
1433,2013-11-03,,6.079,,,,
1434,2013-11-05,,6.7829999999999995,,,,
1435,2013-11-06,,6.534,,,,
1436,2013-11-07,,6.1935,,,,
1437,2013-11-08,,6.0645,,,,
1438,2013-11-09,,6.243500000000001,,,,
1439,2013-11-10,,6.711499999999999,,,,
1440,2013-11-12,,6.454,,,,
1441,2013-11-13,,6.324,,,,
1442,2013-11-15,,6.3,,,,
1443,2013-11-16,,6.4145,,,,
1444,2013-11-17,,6.6335,,,,
1445,2013-11-19,,6.448,,,,
1446,2013-11-20,,6.996499999999999,,,,
1447,2013-11-21,,7.1955,,,,
1448,2013-11-22,,7.3195,,,,
1449,2013-11-23,,7.217,,,,
1450,2013-11-24,,7.342499999999999,,,,
1451,2013-11-26,,7.195,,,,
1452,2013-11-27,,6.5705,,,,
1453,2013-11-28,,6.612500000000001,,,,
1454,2013-11-29,,5.968,,,,
1455,2013-11-30,,5.71,,,,
1456,2013-12-01,,5.859,,,,
1457,2013-12-03,,5.829,,,,
1458,2013-12-05,,6.270999999999999,,,,
1459,2013-12-06,,6.0905000000000005,,,,
1460,2013-12-07,,6.1015,,,,
1461,2013-12-08,,6.0725,,,,
1462,2013-12-10,,6.3315,,,,
1463,2013-12-11,,6.0305,,,,
1464,2013-12-12,,5.921,,,,
1465,2013-12-13,,6.0655,,,,
1466,2013-12-14,,6.1445,,,,
1467,2013-12-15,,5.689,,,,
1468,2013-12-17,,6.104500000000001,,,,
1469,2013-12-18,,5.824999999999999,,,,
1470,2013-12-19,,5.892,,,,
1471,2013-12-20,,5.714,,,,
1472,2013-12-21,,6.0024999999999995,,,,
1473,2013-12-22,,6.0995,,,,
1474,2013-12-24,,6.2305,,,,
1475,2013-12-25,,5.856999999999999,,,,
1476,2013-12-26,,5.88,,,,
1477,2013-12-27,,5.601,,,,
1478,2013-12-28,,6.232000000000001,,,,
1479,2013-12-29,,6.234,,,,
1480,2013-12-31,,5.9125,,,,
1481,2014-01-01,,5.414999999999999,,,,
1482,2014-01-02,,5.455,,,,
1483,2014-01-03,,5.475,,,,
1484,2014-01-04,,6.075,,,,
1485,2014-01-05,,6.385,,,,
1486,2014-01-07,,5.75,,,,
1487,2014-01-08,,5.68,,,,
1488,2014-01-09,,5.555,,,,
1489,2014-01-10,,5.38,,,,
1490,2014-01-11,,5.52,,,,
1491,2014-01-12,,5.975,,,,
1492,2014-01-14,,5.49,,,,
1493,2014-01-15,,5.365,,,,
1494,2014-01-16,,5.470000000000001,,,,
1495,2014-01-17,,5.385,,,,
1496,2014-01-18,,5.99,,,,
1497,2014-01-19,,5.635,,,,
1498,2014-01-21,,5.65,,,,
1499,2014-01-22,,5.715,,,,
1500,2014-01-24,,5.539999999999999,,,,
1501,2014-01-25,,5.495,,,,
1502,2014-01-26,,5.369999999999999,,,,
1503,2014-01-28,,5.5600000000000005,,,,
1504,2014-01-29,,5.513999999999999,,,,
1505,2014-01-30,,5.531499999999999,,,,
1506,2014-01-31,,5.3795,,,,
1507,2014-02-01,,5.566,,,,
1508,2014-02-02,,5.6015,,,,
1509,2014-02-05,,6.1315,,,,
1510,2014-02-06,,5.8985,,,,
1511,2014-02-07,,5.6485,,,,
1512,2014-02-08,,5.5264999999999995,,,,
1513,2014-02-09,,5.4795,,,,
1514,2014-02-11,,5.4655000000000005,,,,
1515,2014-02-12,,5.74,,,,
1516,2014-02-13,,5.3965,,,,
1517,2014-02-14,,5.3645,,,,
1518,2014-02-15,,5.34,,,,
1519,2014-02-16,,5.518000000000001,,,,
1520,2014-02-18,,5.897,,,,
1521,2014-02-19,,5.534,,,,
1522,2014-02-20,,5.455,,,,
1523,2014-02-21,,5.59,,,,
1524,2014-02-22,,5.6365,,,,
1525,2014-02-23,,5.802,,,,
1526,2014-02-25,,5.416,,,,
1527,2014-02-26,,5.102,,,,
1528,2014-02-27,,5.584,,,,
1529,2014-02-28,,6.244,,,,
1530,2014-03-01,,6.36,,,,
1531,2014-03-02,,6.135,,,,
1532,2014-03-04,,6.055,,,,
1533,2014-03-06,,5.958,,,,
1534,2014-03-07,,5.7795000000000005,,,,
1535,2014-03-08,,5.9879999999999995,,,,
1536,2014-03-09,,5.583499999999999,,,,
1537,2014-03-11,,5.8635,,,,
1538,2014-03-12,,5.489000000000001,,,,
1539,2014-03-13,,5.583,,,,
1540,2014-03-14,,5.7540000000000004,,,,
1541,2014-03-15,,5.887499999999999,,,,
1542,2014-03-16,,6.1115,,,,
1543,2014-03-17,,5.81,,,,
1544,2014-03-18,,5.737500000000001,,,,
1545,2014-03-20,,5.853,,,,
1546,2014-03-21,,5.906000000000001,,,,
1547,2014-03-22,,6.0665,,,,
1548,2014-03-23,,6.134,,,,
1549,2014-03-25,,5.922,,,,
1550,2014-03-26,,5.9135,,,,
1551,2014-03-27,,5.676500000000001,,,,
1552,2014-03-28,,5.911,,,,
1553,2014-03-29,,6.1045,,,,
1554,2014-03-30,,6.1695,,,,
1555,2014-04-01,,5.901999999999999,,,,
1556,2014-04-02,,5.9295,,,,
1557,2014-04-03,,5.879,,,,
1558,2014-04-04,,5.895,,,,
1559,2014-04-05,,5.8765,,,,
1560,2014-04-06,,5.834,,,,
1561,2014-04-08,,5.9965,,,,
1562,2014-04-09,,5.8705,,,,
1563,2014-04-10,,6.045,,,,
1564,2014-04-11,,6.04,,,,
1565,2014-04-12,,5.9205000000000005,,,,
1566,2014-04-13,,6.128,,,,
1567,2014-04-15,,5.835,,,,
1568,2014-04-16,,5.876,,,,
1569,2014-04-17,,5.945,,,,
1570,2014-04-18,,5.8905,,,,
1571,2014-04-19,,5.8065,,,,
1572,2014-04-20,,5.7585,,,,
1573,2014-04-22,,5.9105,,,,
1574,2014-04-23,,5.7925,,,,
1575,2014-04-24,,5.8445,,,,
1576,2014-04-25,,5.8004999999999995,,,,
1577,2014-04-26,,5.8705,,,,
1578,2014-04-27,,6.0625,,,,
1579,2014-04-29,,5.5405,,,,
1580,2014-04-30,,5.849,,,,
1581,2014-05-01,,5.7669999999999995,,,,
1582,2014-05-02,,5.7885,,,,
1583,2014-05-03,,5.7885,,,,
1584,2014-05-04,,6.0954999999999995,,,,
1585,2014-05-07,,5.418333333333333,,,,
1586,2014-05-08,,3.37575,4.333333333333333,0.06,6.0,5.0
1587,2014-05-09,,5.956,,,,
1588,2014-05-10,,5.667,,,,
1589,2014-05-11,,6.212,,,,
1590,2014-05-13,,6.02,,,,
1591,2014-05-14,,5.827500000000001,,,,
1592,2014-05-15,,5.5365,,,,
1593,2014-05-16,,5.695,,,,
1594,2014-05-17,,5.8065,,,,
1595,2014-05-18,,5.784,,,,
1596,2014-05-20,,5.837999999999999,,,,
1597,2014-05-21,,5.9145,,,,
1598,2014-05-22,,5.4399999999999995,,,,
1599,2014-05-23,,5.850499999999999,,,,
1600,2014-05-24,,5.68,,,,
1601,2014-05-25,,5.943,,,,
1602,2014-05-27,,6.119999999999999,,,,
1603,2014-05-28,,6.138999999999999,,,,
1604,2014-05-30,,3.781,,,,
1605,2014-05-31,,3.7686666666666664,,,,
1606,2014-06-01,,4.095666666666666,,,,
1607,2014-06-03,,3.741666666666667,,,,
1608,2014-06-04,,3.8693333333333335,,,,
1609,2014-06-05,,4.035333333333334,,,,
1610,2014-06-06,,3.7620000000000005,,,,
1611,2014-06-07,,5.8475,,,,
1612,2014-06-08,,5.757000000000001,,,,
1613,2014-06-10,,3.9552500000000004,,,,
1614,2014-06-14,,4.058666666666666,,,,
1615,2014-06-15,,4.128666666666667,,,,
1616,2014-06-17,,5.8790000000000004,,,,
1617,2014-06-19,,3.503333333333334,,,,
1618,2014-06-20,,6.045,,,,
1619,2014-06-21,,6.033,,,,
1620,2014-06-22,,5.8765,,,,
1621,2014-06-24,,6.0775,,,,
1622,2014-06-25,,6.170999999999999,,,,
1623,2014-06-26,,5.9635,,,,
1624,2014-06-27,,5.7965,,,,
1625,2014-06-28,,6.008,,,,
1626,2014-06-29,,6.083500000000001,,,,
1627,2014-07-02,,6.6819999999999995,,,,
1628,2014-07-03,,5.971,,,,
1629,2014-07-04,,6.2313333333333345,,,,
1630,2014-07-05,,5.313666666666666,,,,
1631,2014-07-06,,5.881333333333334,,,,
1632,2014-07-09,,4.08,,,,
1633,2014-07-10,,4.153666666666667,,,,
1634,2014-07-11,,4.03,,,,
1635,2014-07-12,,4.6585,,,,
1636,2014-07-13,,3.9807500000000005,,,,
1637,2014-07-15,,6.268666666666667,,,,
1638,2014-07-16,,6.224,,,,
1639,2014-07-17,,5.856999999999999,,,,
1640,2014-07-18,,6.165333333333333,,,,
1641,2014-07-19,,6.091,,,,
1642,2014-07-22,,5.841,,,,
1643,2014-07-23,,5.9425,,,,
1644,2014-07-24,,5.995,,,,
1645,2014-07-25,,5.7219999999999995,,,,
1646,2014-07-26,,5.891,,,,
1647,2014-07-27,,5.8985,,,,
1648,2014-07-29,,5.830500000000001,,,,
1649,2014-08-01,,4.935666666666667,,,,
1650,2014-08-02,,5.869,,,,
1651,2014-08-03,,6.2173333333333325,,,,
1652,2014-08-05,,4.4384999999999994,,,,
1653,2014-08-06,,4.34575,,,,
1654,2014-08-08,,4.6933333333333325,,,,
1655,2014-08-09,,4.3015,,,,
1656,2014-08-10,,6.324000000000001,,,,
1657,2014-08-12,,4.16025,,,,
1658,2014-08-14,,5.660333333333333,,,,
1659,2014-08-15,,6.330333333333333,,,,
1660,2014-08-16,,5.7043333333333335,,,,
1661,2014-08-19,,5.135,,,,
1662,2014-08-20,,6.129,,,,
1663,2014-08-22,,6.1975,,,,
1664,2014-08-23,,6.3185,,,,
1665,2014-08-24,,6.146,,,,
1666,2014-08-27,,3.0752499999999996,,,,
1667,2014-08-28,,5.666666666666667,,,,
1668,2014-08-29,,6.007000000000001,,,,
1669,2014-08-30,,6.472333333333332,,,,
1670,2014-08-31,,5.850999999999999,,,,
1671,2014-09-02,,3.89825,,,,
1672,2014-09-03,,4.189666666666667,,,,
1673,2014-09-04,,4.202500000000001,,,,
1674,2014-09-05,,3.9387500000000006,,,,
1675,2014-09-06,,3.32925,,,,
1676,2014-09-07,,3.5,,,,
1677,2014-09-11,,4.088333333333334,,,,
1678,2014-09-12,,4.05725,,,,
1679,2014-09-13,,3.3295,,,,
1680,2014-09-14,,3.4547499999999998,,,,
1681,2014-09-16,,4.578666666666666,,,,
1682,2014-09-17,,5.792666666666666,,,,
1683,2014-09-18,,6.374666666666667,,,,
1684,2014-09-19,,6.046666666666667,,,,
1685,2014-09-20,,5.5793333333333335,,,,
1686,2014-09-21,,6.1306666666666665,,,,
1687,2014-09-23,,4.657,,,,
1688,2014-09-24,,4.114666666666667,,,,
1689,2014-09-25,,4.231333333333333,,,,
1690,2014-09-26,,4.444333333333334,,,,
1691,2014-09-27,,5.102,,,,
1692,2014-09-28,,6.7445,,,,
1693,2014-09-30,,4.716,,,,
1694,2014-10-01,,4.174666666666667,,,,
1695,2014-10-02,,4.31025,,,,
1696,2014-10-03,,4.016,,,,
1697,2014-10-04,,4.7255,,,,
1698,2014-10-07,,4.218,,,,
1699,2014-10-09,,4.249499999999999,,,,
1700,2014-10-10,,4.694,,,,
1701,2014-10-11,,6.229333333333333,,,,
1702,2014-10-12,,5.406666666666666,,,,
1703,2014-10-14,,4.31625,,,,
1704,2014-10-15,,3.8425000000000002,,,,
1705,2014-10-16,,5.899666666666666,,,,
1706,2014-10-17,,3.93475,,,,
1707,2014-10-18,,3.78225,,,,
1708,2014-10-19,,3.7312499999999997,,,,
1709,2014-10-21,,3.80525,,,,
1710,2014-10-22,,3.5032500000000004,,,,
1711,2014-10-23,,4.168666666666667,,,,
1712,2014-10-24,,3.5363333333333333,,,,
1713,2014-10-25,,6.1594999999999995,,,,
1714,2014-10-26,,6.6085,,,,
1715,2014-10-28,,4.6025,,,,
1716,2014-10-29,,4.7655,,,,
1717,2014-10-30,,6.734999999999999,,,,
1718,2014-10-31,,6.354,,,,
1719,2014-11-01,,6.2735,,,,
1720,2014-11-02,,6.2875,,,,
1721,2014-11-04,,4.738,,,,
1722,2014-11-05,,6.5345,,,,
1723,2014-11-06,,6.4805,,,,
1724,2014-11-07,,6.761,,,,
1725,2014-11-08,,6.9399999999999995,,,,
1726,2014-11-09,,6.865,,,,
1727,2014-11-11,,6.71,,,,
1728,2014-11-12,,6.7315000000000005,,,,
1729,2014-11-13,,6.348000000000001,,,,
1730,2014-11-14,,6.1690000000000005,,,,
1731,2014-11-15,,6.0465,,,,
1732,2014-11-16,,5.848,,,,
1733,2014-11-18,,6.055,,,,
1734,2014-11-20,,3.919333333333333,,,,
1735,2014-11-21,,5.8885,,,,
1736,2014-11-22,,6.2405,,,,
1737,2014-11-23,,5.9785,,,,
1738,2014-11-26,,5.969,,,,
1739,2014-11-27,,6.2780000000000005,,,,
1740,2014-11-28,,6.0045,,,,
1741,2014-11-29,,6.304499999999999,,,,
1742,2014-11-30,,6.0945,,,,
1743,2014-12-02,,5.41,,,,
1744,2014-12-03,,4.2645,,,,
1745,2014-12-04,,6.390499999999999,,,,
1746,2014-12-05,,6.4805,,,,
1747,2014-12-06,,6.5905,,,,
1748,2014-12-07,,6.415,,,,
1749,2014-12-09,,5.2095,,,,
1750,2014-12-10,,6.35,,,,
1751,2014-12-11,,7.442,,,,
1752,2014-12-12,,6.9755,,,,
1753,2014-12-13,,6.7155000000000005,,,,
1754,2014-12-14,,6.1979999999999995,,,,
1755,2014-12-16,,6.3185,,,,
1756,2014-12-17,,6.548,,,,
1757,2014-12-18,,6.766,,,,
1758,2014-12-19,,6.7764999999999995,,,,
1759,2014-12-20,,6.728,,,,
1760,2014-12-21,,6.4405,,,,
1761,2014-12-23,,6.617000000000001,,,,
1762,2014-12-24,,6.0915,,,,
1763,2014-12-25,,7.148999999999999,,,,
1764,2014-12-26,,6.888,,,,
1765,2014-12-27,,6.564,,,,
1766,2014-12-28,,6.0015,,,,
1767,2014-12-30,,6.454000000000001,,,,
1768,2014-12-31,,5.5945,,,,
1769,2015-01-01,,6.169499999999999,,,,
1770,2015-01-02,,6.226,,,,
1771,2015-01-03,,5.9879999999999995,,,,
1772,2015-01-04,,5.687999999999999,,,,
1773,2015-01-06,,5.781499999999999,,,,
1774,2015-01-07,,6.154,,,,
1775,2015-01-08,,6.199,,,,
1776,2015-01-09,,6.082000000000001,,,,
1777,2015-01-10,,6.1235,,,,
1778,2015-01-11,,6.041499999999999,,,,
1779,2015-01-13,,4.8355,,,,
1780,2015-01-14,,5.252000000000001,,,,
1781,2015-01-15,,4.736,,,,
1782,2015-01-16,,5.385999999999999,,,,
1783,2015-01-17,,5.261000000000001,,,,
1784,2015-01-18,,5.896,,,,
1785,2015-01-20,,5.952,,,,
1786,2015-01-21,,6.364,,,,
1787,2015-01-22,,5.5395,,,,
1788,2015-01-23,,6.336500000000001,,,,
1789,2015-01-24,,6.418,,,,
1790,2015-01-25,,6.008,,,,
1791,2015-01-27,,6.171,,,,
1792,2015-01-28,,6.2485,,,,
1793,2015-01-29,,6.154,,,,
1794,2015-01-30,,6.1365,,,,
1795,2015-01-31,,5.7829999999999995,,,,
1796,2015-02-01,,5.9415,,,,
1797,2015-02-03,,5.615,,,,
1798,2015-02-04,,5.9745,,,,
1799,2015-02-05,,6.037,,,,
1800,2015-02-06,,5.6605,,,,
1801,2015-02-07,,5.7515,,,,
1802,2015-02-08,,5.981,,,,
1803,2015-02-10,,6.026,,,,
1804,2015-02-11,,5.9879999999999995,,,,
1805,2015-02-12,,6.0335,,,,
1806,2015-02-13,,5.5225,,,,
1807,2015-02-14,,5.777000000000001,,,,
1808,2015-02-15,,6.004,,,,
1809,2015-02-18,,4.6365,,,,
1810,2015-02-19,,5.086,,,,
1811,2015-02-20,,6.215999999999999,,,,
1812,2015-02-21,,5.671,,,,
1813,2015-02-22,,5.724,,,,
1814,2015-02-24,,5.225,,,,
1815,2015-02-25,,5.677,,,,
1816,2015-02-26,,5.6925,,,,
1817,2015-02-27,,5.76,,,,
1818,2015-02-28,,6.048,,,,
1819,2015-03-01,,6.2905,,,,
1820,2015-03-04,,6.798,,,,
1821,2015-03-05,,6.508,,,,
1822,2015-03-06,,6.291,,,,
1823,2015-03-07,,6.259499999999999,,,,
1824,2015-03-08,,5.6225000000000005,,,,
1825,2015-03-10,,6.0815,,,,
1826,2015-03-11,,6.2095,,,,
1827,2015-03-12,,6.1945,,,,
1828,2015-03-13,,6.1805,,,,
1829,2015-03-14,,6.3085,,,,
1830,2015-03-15,,6.1235,,,,
1831,2015-03-17,,6.048500000000001,,,,
1832,2015-03-18,,5.8740000000000006,,,,
1833,2015-03-20,,3.8166666666666664,,,,
1834,2015-03-21,,3.9506666666666668,,,,
1835,2015-03-22,,4.077,,,,
1836,2015-03-24,,4.015333333333333,,,,
1837,2015-03-25,,4.3373333333333335,,,,
1838,2015-03-26,,4.199666666666666,,,,
1839,2015-03-27,,4.057333333333333,,,,
1840,2015-03-29,,4.1465,,,,
1841,2015-03-31,,4.915,,,,
1842,2015-04-01,,4.361999999999999,,,,
1843,2015-04-02,,2.9985,,,,
1844,2015-04-03,,3.4987500000000002,,,,
1845,2015-04-04,,4.169333333333333,,,,
1846,2015-04-07,,6.3645,,,,
1847,2015-04-08,,3.8560000000000003,,,,
1848,2015-04-10,,3.73675,,,,
1849,2015-04-11,,3.255,,,,
1850,2015-04-14,,4.570333333333334,,,,
1851,2015-04-15,,5.6785000000000005,,,,
1852,2015-04-17,,3.69175,,,,
1853,2015-04-18,,4.103666666666666,,,,
1854,2015-04-19,,3.8659999999999997,,,,
1855,2015-04-21,,3.3,,,,
1856,2015-04-22,,5.209333333333333,,,,
1857,2015-04-23,,4.184333333333333,,,,
1858,2015-04-24,,3.8049999999999997,,,,
1859,2015-04-25,,4.037333333333334,,,,
1860,2015-04-29,,4.8125,,,,
1861,2015-04-30,,4.5142500000000005,,,,
1862,2015-05-01,,5.954999999999999,,,,
1863,2015-05-02,,5.736333333333332,,,,
1864,2015-05-03,,5.799333333333333,,,,
1865,2015-05-06,,4.4197500000000005,,,,
1866,2015-05-07,,3.8027500000000005,,,,
1867,2015-05-08,,5.408999999999999,,,,
1868,2015-05-09,,5.683666666666666,,,,
1869,2015-05-10,,5.577000000000001,,,,
1870,2015-05-13,,4.600499999999999,,,,
1871,2015-05-14,,5.407333333333334,,,,
1872,2015-05-15,,7.181000000000001,,,,
1873,2015-05-16,,7.1185,,,,
1874,2015-05-17,,6.5905000000000005,,,,
1875,2015-05-20,,4.7995,,,,
1876,2015-05-21,,3.925,,,,
1877,2015-05-22,,4.985333333333333,,,,
1878,2015-05-23,,4.07475,,,,
1879,2015-05-24,,3.5385,,,,
1880,2015-05-26,,3.7654999999999994,,,,
1881,2015-05-27,,3.52475,,,,
1882,2015-05-28,,3.0919999999999996,,,,
1883,2015-05-29,,3.66425,,,,
1884,2015-05-30,,4.155666666666666,,,,
1885,2015-06-02,,5.830500000000001,,,,
1886,2015-06-03,,5.1075,,,,
1887,2015-06-04,,5.0504999999999995,,,,
1888,2015-06-05,,4.2125,,,,
1889,2015-06-06,,3.4033333333333338,,,,
1890,2015-06-07,,5.3785,,,,
1891,2015-06-09,,4.313,2.0,,,23.0
1892,2015-06-10,,5.005333333333334,,,,
1893,2015-06-11,,4.664000000000001,,,,
1894,2015-06-12,,3.675333333333333,,,,
1895,2015-06-13,,4.583,,,,
1896,2015-06-14,,5.0165,,,,
1897,2015-06-16,,4.437333333333333,,,,
1898,2015-06-17,,3.549666666666667,,,,
1899,2015-06-18,,4.2860000000000005,,,,
1900,2015-06-19,,5.1585,,,,
1901,2015-06-20,,4.7935,,,,
1902,2015-06-21,,5.2215,,,,
1903,2015-06-23,,5.432499999999999,,,,
1904,2015-06-24,,4.9715,,,,
1905,2015-06-25,,5.7765,,,,
1906,2015-06-26,,5.993500000000001,,,,
1907,2015-06-27,,4.6175,,,,
1908,2015-06-28,,5.031499999999999,,,,
1909,2015-06-30,,4.1803333333333335,,,,
1910,2015-07-01,,3.8539999999999996,,,,
1911,2015-07-02,,3.442,,,,
1912,2015-07-03,,4.536666666666666,,,,
1913,2015-07-04,,3.5223333333333335,,,,
1914,2015-07-05,,4.799,,,,
1915,2015-07-07,,3.9323333333333337,,,,
1916,2015-07-08,,4.741666666666666,,,,
1917,2015-07-09,,3.316333333333333,,,,
1918,2015-07-10,,4.9885,,,,
1919,2015-07-11,,4.3309999999999995,,,,
1920,2015-07-12,,4.795999999999999,,,,
1921,2015-07-14,,4.0520000000000005,,,,
1922,2015-07-15,,4.601666666666667,,,,
1923,2015-07-16,,4.650333333333333,,,,
1924,2015-07-17,,3.8723333333333336,,,,
1925,2015-07-18,,3.8959999999999995,,,,
1926,2015-07-19,,4.6575,,,,
1927,2015-07-21,,3.8194999999999997,,,,
1928,2015-07-22,,4.467333333333333,9.0,,,12.0
1929,2015-07-23,,4.190666666666666,,,,
1930,2015-07-24,,3.6876666666666664,,,,
1931,2015-07-25,,4.087000000000001,,,,
1932,2015-07-26,,4.178999999999999,,,,
1933,2015-07-28,,4.153666666666666,,,,
1934,2015-07-29,,4.052,,,,
1935,2015-07-30,,4.474,,,,
1936,2015-07-31,,3.657,,,,
1937,2015-08-01,,4.072333333333334,,,,
1938,2015-08-02,,4.640499999999999,,,,
1939,2015-08-04,,4.235333333333333,,,,
1940,2015-08-05,,4.219,,,,
1941,2015-08-06,,4.156666666666666,,,,
1942,2015-08-07,,4.025666666666667,,,,
1943,2015-08-08,,5.0535000000000005,,,,
1944,2015-08-09,,4.9079999999999995,,,,
1945,2015-08-11,,4.3406666666666665,,,,
1946,2015-08-12,,3.6006666666666667,,,,
1947,2015-08-13,,3.5229999999999997,,,,
1948,2015-08-14,,3.923,,,,
1949,2015-08-15,,4.736,,,,
1950,2015-08-16,,4.385000000000001,,,,
1951,2015-08-18,,6.761,,,,
1952,2015-08-19,,5.557,,,,
1953,2015-08-20,,3.935333333333334,,,,
1954,2015-08-21,,4.401,,,,
1955,2015-08-22,,4.627666666666666,,,,
1956,2015-08-23,,3.6846666666666668,,,,
1957,2015-08-25,,4.41,,,,
1958,2015-08-26,,3.958,,,,
1959,2015-08-27,,4.0343333333333335,,,,
1960,2015-08-28,,3.722,,,,
1961,2015-08-29,,4.051333333333333,,,,
1962,2015-08-30,,4.031333333333333,,,,
1963,2015-09-01,,3.8329999999999997,,,,
1964,2015-09-02,,4.149,,,,
1965,2015-09-03,,3.6839999999999997,,,,
1966,2015-09-04,,3.9923333333333333,,,,
1967,2015-09-05,,3.984,,,,
1968,2015-09-06,,3.790333333333333,,,,
1969,2015-09-08,,4.665,,,,
1970,2015-09-09,,4.196333333333333,,,,
1971,2015-09-10,,3.703333333333333,,,,
1972,2015-09-11,,3.6133333333333333,,,,
1973,2015-09-12,,4.36,,,,
1974,2015-09-13,,4.318333333333333,,,,
1975,2015-09-15,,4.5120000000000005,,,,
1976,2015-09-16,,3.986333333333333,,,,
1977,2015-09-17,,4.079999999999999,,,,
1978,2015-09-18,,3.949666666666667,,,,
1979,2015-09-19,,4.010333333333333,,,,
1980,2015-09-20,,3.929,,,,
1981,2015-09-22,,3.939666666666666,,,,
1982,2015-09-23,,4.812333333333334,,,,
1983,2015-09-24,,3.982666666666667,,,,
1984,2015-09-25,,4.161666666666666,,,,
1985,2015-09-26,,3.9746666666666663,,,,
1986,2015-09-27,,4.322666666666667,,,,
1987,2015-09-29,,3.596,10.0,,,15.0
1988,2015-09-30,,3.795666666666667,,,,
1989,2015-10-01,,4.711,,,,
1990,2015-10-02,,4.6226666666666665,,,,
1991,2015-10-03,,4.5360000000000005,,,,
1992,2015-10-04,,4.104,,,,
1993,2015-10-06,,3.4416666666666664,,,,
1994,2015-10-07,,4.486666666666667,,,,
1995,2015-10-08,,4.241666666666667,,,,
1996,2015-10-09,,3.74,,,,
1997,2015-10-10,,4.284,,,,
1998,2015-10-11,,4.122333333333334,,,,
1999,2015-10-13,,3.3763333333333336,,,,
2000,2015-10-14,,3.9790000000000005,,,,
2001,2015-10-15,,3.470333333333334,,,,
2002,2015-10-16,,3.985,,,,
2003,2015-10-17,,3.9250000000000003,,,,
2004,2015-10-18,,3.9796666666666667,,,,
2005,2015-10-20,,3.9996666666666663,,,,
2006,2015-10-21,,3.94,,,,
2007,2015-10-22,,3.6663333333333328,,,,
2008,2015-10-23,,3.871,,,,
2009,2015-10-24,,3.5116666666666667,,,,
2010,2015-10-25,,4.224666666666667,,,,
2011,2015-10-27,,5.9705,,,,
2012,2015-10-28,,6.138,,,,
2013,2015-10-29,,4.914000000000001,,,,
2014,2015-10-30,,3.9506666666666668,,,,
2015,2015-10-31,,5.5515,,,,
2016,2015-11-01,,5.993499999999999,,,,
2017,2015-11-03,,6.1625,,,,
2018,2015-11-04,,6.23,,,,
2019,2015-11-05,,6.054,,,,
2020,2015-11-06,,6.02,,,,
2021,2015-11-07,,6.244,,,,
2022,2015-11-08,,6.211500000000001,,,,
2023,2015-11-10,,5.9350000000000005,,,,
2024,2015-11-11,,6.079000000000001,,,,
2025,2015-11-12,,5.4855,,,,
2026,2015-11-13,,6.622,,,,
2027,2015-11-14,,6.976,,,,
2028,2015-11-15,,6.5645,,,,
2029,2015-11-17,,6.0635,,,,
2030,2015-11-18,,5.365,,,,
2031,2015-11-19,,6.0045,,,,
2032,2015-11-20,,5.3135,,,,
2033,2015-11-21,,6.0945,,,,
2034,2015-11-22,,5.8805,,,,
2035,2015-11-24,,6.119000000000001,,,,
2036,2015-11-25,,6.039,,,,
2037,2015-11-26,,6.269,,,,
2038,2015-11-27,,5.584,,,,
2039,2015-11-28,,5.9845,,,,
2040,2015-11-29,,5.6905,,,,
2041,2015-12-01,,6.006,,,,
2042,2015-12-02,,5.652000000000001,,,,
2043,2015-12-03,,5.857000000000001,,,,
2044,2015-12-04,,5.759,,,,
2045,2015-12-05,,5.6155,,,,
2046,2015-12-06,,6.032500000000001,,,,
2047,2015-12-08,,6.008,,,,
2048,2015-12-09,,5.0585,,,,
2049,2015-12-10,,5.874,,,,
2050,2015-12-11,,5.983499999999999,,,,
2051,2015-12-12,,5.9254999999999995,,,,
2052,2015-12-13,,5.8575,,,,
2053,2015-12-15,,5.8615,,,,
2054,2015-12-16,,5.9685,,,,
2055,2015-12-17,,6.151,,,,
2056,2015-12-18,,6.064,,,,
2057,2015-12-19,,6.2315000000000005,,,,
2058,2015-12-20,,6.122999999999999,,,,
2059,2015-12-22,,6.3405000000000005,,,,
2060,2015-12-23,,6.1419999999999995,,,,
2061,2015-12-24,,6.259,,,,
2062,2015-12-25,,6.003,,,,
2063,2015-12-26,,5.697000000000001,,,,
2064,2015-12-27,,5.58,,,,
2065,2015-12-29,,5.7705,,,,
2066,2015-12-30,,6.0085,,,,
2067,2015-12-31,,5.904,,,,
2068,2016-01-01,,5.29,,,,
2069,2016-01-02,,4.705,,,,
2070,2016-01-03,,5.855,,,,
2071,2016-01-05,,6.279,,,,
2072,2016-01-06,,6.183999999999999,,,,
2073,2016-01-07,,6.061,,,,
2074,2016-01-08,,5.986000000000001,,,,
2075,2016-01-09,,5.808999999999999,,,,
2076,2016-01-10,,6.0015,,,,
2077,2016-01-12,,6.0375,,,,
2078,2016-01-13,,5.9975000000000005,,,,
2079,2016-01-14,,5.0315,,,,
2080,2016-01-15,,5.896,,,,
2081,2016-01-16,,6.1899999999999995,,,,
2082,2016-01-17,,6.1259999999999994,,,,
2083,2016-01-18,,6.3385,,,,
2084,2016-01-20,,6.533,,,,
2085,2016-01-21,,6.1295,,,,
2086,2016-01-22,,5.911,,,,
2087,2016-01-23,,5.674,,,,
2088,2016-01-24,,5.854000000000001,,,,
2089,2016-01-26,,5.603999999999999,,,,
2090,2016-01-27,,5.8629999999999995,,,,
2091,2016-01-28,,5.832999999999999,,,,
2092,2016-01-29,,5.7175,,,,
2093,2016-01-30,,6.093,,,,
2094,2016-01-31,,6.161999999999999,,,,
2095,2016-02-02,,5.835,,,,
2096,2016-02-03,,5.6795,,,,
2097,2016-02-04,,5.757,,,,
2098,2016-02-05,,5.827,,,,
2099,2016-02-06,,5.884499999999999,,,,
2100,2016-02-07,,6.223000000000001,,,,
2101,2016-02-09,,5.7575,,,,
2102,2016-02-10,,5.2895,,,,
2103,2016-02-11,,6.093500000000001,,,,
2104,2016-02-12,,5.888,,,,
2105,2016-02-13,,5.818,,,,
2106,2016-02-14,,5.5685,,,,
2107,2016-02-16,,5.653,,,,
2108,2016-02-17,,5.852,,,,
2109,2016-02-18,,5.9375,,,,
2110,2016-02-19,,5.7925,,,,
2111,2016-02-20,,5.615,,,,
2112,2016-02-21,,5.9895,,,,
2113,2016-02-23,,5.939500000000001,,,,
2114,2016-02-24,,5.8585,,,,
2115,2016-02-25,,5.965999999999999,,,,
2116,2016-02-26,,5.9905,,,,
2117,2016-02-27,,6.178,,,,
2118,2016-02-28,,6.134,,,,
2119,2016-03-01,,5.2835,,,,
2120,2016-03-02,,5.583,,,,
2121,2016-03-03,,3.9759999999999995,,,,
2122,2016-03-04,,6.437,,,,
2123,2016-03-05,,4.753,,,,
2124,2016-03-06,,6.8545,,,,
2125,2016-03-08,,6.51,,,,
2126,2016-03-09,,6.07,,,,
2127,2016-03-10,,5.39,,,,
2128,2016-03-11,,5.233499999999999,,,,
2129,2016-03-12,,5.7945,,,,
2130,2016-03-13,,5.741,,,,
2131,2016-03-15,,6.0855,,,,
2132,2016-03-16,,5.8420000000000005,,,,
2133,2016-03-17,,5.997,,,,
2134,2016-03-18,,5.6205,,,,
2135,2016-03-19,,5.984,,,,
2136,2016-03-20,,5.8855,,,,
2137,2016-03-22,,6.5215000000000005,,,,
2138,2016-03-23,,6.4285,,,,
2139,2016-03-24,,6.1274999999999995,,,,
2140,2016-03-25,,5.5215,,,,
2141,2016-03-26,,5.814,,,,
2142,2016-03-27,,6.0425,,,,
2143,2016-03-29,,5.7965,,,,
2144,2016-03-30,,5.548,,,,
2145,2016-03-31,,4.0265,,,,
2146,2016-04-01,,4.3845,4.8,,,3.53
2147,2016-04-02,,4.8885000000000005,,,,
2148,2016-04-03,,4.5045,,,,
2149,2016-04-04,,6.36,4.7,,,3.4
2150,2016-04-05,,5.773,,,,
2151,2016-04-06,,5.46,,,,
2152,2016-04-08,,4.9695,,,,
2153,2016-04-09,,6.0489999999999995,,,,
2154,2016-04-10,,6.5175,,,,
2155,2016-04-12,,5.378,,,,
2156,2016-04-13,,6.404,,,,
2157,2016-04-14,,6.045,,,,
2158,2016-04-15,,5.574,,,,
2159,2016-04-16,,6.011,,,,
2160,2016-04-17,,6.073,,,,
2161,2016-04-19,,6.178,,,,
2162,2016-04-20,,3.9903333333333335,3.0,,,2.4
2163,2016-04-21,,3.853666666666667,,,,
2164,2016-04-22,,4.2215,,,,
2165,2016-04-23,,5.511,,,,
2166,2016-04-24,,5.872,,,,
2167,2016-04-26,,4.619666666666666,,,,
2168,2016-04-27,,5.452,,,,
2169,2016-04-28,,4.785,,,,
2170,2016-04-29,,3.844333333333333,,,,
2171,2016-04-30,,4.047666666666667,,,,
2172,2016-05-01,,3.5926666666666662,4.6,,,6.4
2173,2016-05-02,,6.171,,,,
2174,2016-05-03,,4.713,,,,
2175,2016-05-05,,5.5045,,,,
2176,2016-05-06,,5.810499999999999,,,,
2177,2016-05-07,,5.854500000000001,,,,
2178,2016-05-08,,5.979500000000001,,,,
2179,2016-05-10,,3.3729999999999998,,,,
2180,2016-05-11,,5.662,,,,
2181,2016-05-12,,4.571,,,,
2182,2016-05-13,,6.379,,,,
2183,2016-05-14,,4.938666666666667,,,,
2184,2016-05-15,,6.801,,,,
2185,2016-05-17,,3.7840000000000003,,,,
2186,2016-05-18,,4.463,6.7,,,8.3
2187,2016-05-19,,3.831666666666667,,,,
2188,2016-05-20,,4.267,,,,
2189,2016-05-21,,3.9966666666666666,,,,
2190,2016-05-22,,4.785500000000001,,,,
2191,2016-05-24,,4.286333333333333,,,,
2192,2016-05-25,,4.117333333333334,,,,
2193,2016-05-26,,3.642,,,,
2194,2016-05-27,,3.4819999999999998,,,,
2195,2016-05-28,,5.35,,,,
2196,2016-05-29,,4.7395,5.0,,,6.5
2197,2016-05-30,,4.666499999999999,,,,
2198,2016-05-31,,5.0995,,,,
2199,2016-06-01,,5.6015,,,,
2200,2016-06-02,,5.896000000000001,,,,
2201,2016-06-03,,6.217499999999999,,,,
2202,2016-06-04,,4.8355,,,,
2203,2016-06-05,,5.1754999999999995,2.7,,,7.4
2204,2016-06-06,,3.9955,,,,
2205,2016-06-07,,4.4145,,,,
2206,2016-06-08,,6.136000000000001,,,,
2207,2016-06-09,,5.808,,,,
2208,2016-06-10,,5.3585,,,,
2209,2016-06-11,,4.475,,,,
2210,2016-06-12,,5.345000000000001,,,,
2211,2016-06-14,,6.3955,,,,
2212,2016-06-15,,6.009,,,,
2213,2016-06-16,,5.9275,,,,
2214,2016-06-17,,5.7895,,,,
2215,2016-06-18,,6.1835,,,,
2216,2016-06-19,,6.333500000000001,,,,
2217,2016-06-21,,2.9783333333333335,,,,
2218,2016-06-22,,4.468999999999999,,,,
2219,2016-06-23,,5.167,,,,
2220,2016-06-24,,6.5,,,,
2221,2016-06-25,,7.0675,,,,
2222,2016-06-26,,4.034,4.2,,,16.2
2223,2016-06-27,,5.2765,,,,
2224,2016-06-28,,6.056,,,,
2225,2016-06-29,,6.212000000000001,,,,
2226,2016-06-30,,4.8015,,,,
2227,2016-07-01,,5.239,,,,
2228,2016-07-02,,6.681,,,,
2229,2016-07-03,,3.952,,,,
2230,2016-07-05,,4.323666666666667,,,,
2231,2016-07-06,,4.1786666666666665,,,,
2232,2016-07-07,,5.739,,,,
2233,2016-07-08,,5.553,,,,
2234,2016-07-09,,5.3294999999999995,,,,
2235,2016-07-10,,3.1910000000000003,4.5,,,7.4
2236,2016-07-12,,4.084333333333333,,,,
2237,2016-07-13,,5.011333333333333,,,,
2238,2016-07-14,,4.006,,,,
2239,2016-07-15,,3.423,,,,
2240,2016-07-16,,5.061,,,,
2241,2016-07-17,,4.2575,4.2,,,6.5
2242,2016-07-18,,5.961499999999999,,,,
2243,2016-07-19,,5.1755,,,,
2244,2016-07-20,,6.342499999999999,,,,
2245,2016-07-21,,4.558,,,,
2246,2016-07-22,,5.5415,,,,
2247,2016-07-23,,5.7485,,,,
2248,2016-07-25,,4.916333333333333,,,,
2249,2016-07-26,,6.0525,,,,
2250,2016-07-27,,4.584333333333333,,,,
2251,2016-07-28,,5.3055,,,,
2252,2016-07-29,,5.621499999999999,,,,
2253,2016-07-30,,4.398999999999999,,,,
2254,2016-07-31,,3.3285000000000005,4.8,,,7.4
2255,2016-08-01,,6.1405,,,,
2256,2016-08-02,,7.16,,,,
2257,2016-08-03,,4.9935,,,,
2258,2016-08-04,,5.376,,,,
2259,2016-08-06,,6.7615,,,,
2260,2016-08-07,,6.3535,,,,
2261,2016-08-09,,4.522666666666667,,,,
2262,2016-08-10,,3.8776666666666664,,,,
2263,2016-08-11,,4.8455,,,,
2264,2016-08-12,,4.861,,,,
2265,2016-08-13,,6.1795,,,,
2266,2016-08-14,,5.5055,4.5,,,10.8
2267,2016-08-15,,5.385,,,,
2268,2016-08-16,,6.465,,,,
2269,2016-08-17,,6.281000000000001,,,,
2270,2016-08-18,,4.873,,,,
2271,2016-08-20,,5.479,,,,
2272,2016-08-21,,5.9985,,,,
2273,2016-08-23,,5.772,,,,
2274,2016-08-24,,4.895333333333333,4.2,,,13.6
2275,2016-08-25,,4.005,,,,
2276,2016-08-26,,4.282333333333334,,,,
2277,2016-08-27,,4.745,,,,
2278,2016-08-28,,4.253333333333333,3.8,,,20.0
2279,2016-08-30,,5.1625,,,,
2280,2016-08-31,,5.1465,,,,
2281,2016-09-01,,5.035,,,,
2282,2016-09-02,,5.186999999999999,,,,
2283,2016-09-03,,5.381,,,,
2284,2016-09-04,,3.487,4.71,,,12.2
2285,2016-09-06,,6.236000000000001,,,,
2286,2016-09-07,,6.0975,,,,
2287,2016-09-08,,5.9915,,,,
2288,2016-09-09,,4.790666666666667,,,,
2289,2016-09-10,,4.244666666666666,,,,
2290,2016-09-11,,4.035333333333333,3.33,,,14.8
2291,2016-09-13,,4.6815,,,,
2292,2016-09-14,,6.4719999999999995,,,,
2293,2016-09-15,,5.763999999999999,,,,
2294,2016-09-16,,5.6265,,,,
2295,2016-09-17,,5.6265,,,,
2296,2016-09-18,,4.082999999999999,4.7,,,14.3
2297,2016-09-20,,4.9543333333333335,,,,
2298,2016-09-21,,5.355499999999999,,,,
2299,2016-09-22,,3.551666666666667,,,,
2300,2016-09-23,,3.532,,,,
2301,2016-09-24,,4.906499999999999,,,,
2302,2016-09-25,,4.329,2.62,,,10.3
2303,2016-09-27,,4.084666666666666,,,,
2304,2016-09-28,,4.336333333333333,,,,
2305,2016-09-29,,3.7593333333333327,,,,
2306,2016-09-30,,3.933666666666666,,,,
2307,2016-10-01,,3.9866666666666664,,,,
2308,2016-10-02,,4.863,,,,
2309,2016-10-04,,4.2540000000000004,3.6,,,18.8
2310,2016-10-05,,4.211333333333333,,,,
2311,2016-10-06,,4.115666666666666,,,,
2312,2016-10-07,,3.8983333333333334,,,,
2313,2016-10-08,,3.606,,,,
2314,2016-10-10,,3.9819999999999998,,,,
2315,2016-10-11,,3.7513333333333336,,,,
2316,2016-10-12,,4.316999999999999,,,,
2317,2016-10-13,,4.5296666666666665,,,,
2318,2016-10-14,,5.0715,,,,
2319,2016-10-15,,5.739000000000001,,,,
2320,2016-10-16,,6.3105,,,,
2321,2016-10-18,,4.696000000000001,0.9,,,15.6
2322,2016-10-19,,4.042000000000001,,,,
2323,2016-10-20,,3.6056666666666666,,,,
2324,2016-10-21,,3.667333333333333,,,,
2325,2016-10-22,,4.593500000000001,,,,
2326,2016-10-23,,4.9745,3.4,,,
2327,2016-10-25,,5.009333333333333,,,,
2328,2016-10-26,,4.244000000000001,,,,
2329,2016-10-27,,5.32,,,,
2330,2016-10-28,,6.195,,,,
2331,2016-10-29,,6.2725,,,,
2332,2016-10-30,,6.3805,,,,
2333,2016-12-01,,5.9505,,,,
2334,2016-12-02,,6.1765,,,,
2335,2016-12-03,,6.405,,,,
2336,2016-12-04,,6.378500000000001,,,,
2337,2016-12-06,,6.1705000000000005,,,,
2338,2016-12-07,,6.457,,,,
2339,2016-12-08,,6.989,,,,
2340,2016-12-09,,6.588,,,,
2341,2016-12-10,,4.672,,,,
2342,2016-12-12,,4.9015,,,,
2343,2016-12-13,,4.85,,,,
2344,2016-12-14,,4.7525,,,,
2345,2016-12-15,,5.087,,,,
2346,2016-12-16,,5.5680000000000005,,,,
2347,2016-12-17,,6.245,,,,
2348,2016-12-18,,6.4495000000000005,,,,
2349,2016-12-19,,5.8420000000000005,,,,
2350,2016-12-21,,6.2195,,,,
2351,2016-12-22,,6.13,,,,
2352,2016-12-23,,5.874,,,,
2353,2016-12-24,,6.549,,,,
2354,2016-12-25,,6.4395,,,,
2355,2016-12-27,,6.372,,,,
2356,2016-12-28,,6.607,,,,
2357,2016-12-29,,6.198,,,,
2358,2016-12-30,,5.9510000000000005,,,,
2359,2016-12-31,,6.2845,,,,
2360,2017-01-01,,5.194,,,,
2361,2017-01-03,,4.926666666666667,,,,
2362,2017-01-04,,6.382000000000001,,,,
2363,2017-01-05,,7.38,,,,
2364,2017-01-06,,7.316333333333333,,,,
2365,2017-01-07,,7.137666666666667,,,,
2366,2017-01-09,,5.675666666666667,,,,
2367,2017-01-10,,6.715,,,,
2368,2017-01-12,,6.853000000000001,,,,
2369,2017-01-13,,6.553333333333334,,,,
2370,2017-01-14,,6.900000000000001,,,,
2371,2017-01-15,,6.874666666666667,,,,
2372,2017-01-17,,5.925666666666667,,,,
2373,2017-01-18,,6.429666666666667,,,,
2374,2017-01-19,,6.561666666666667,,,,
2375,2017-01-20,,6.514666666666667,,,,
2376,2017-01-21,,6.764,,,,
2377,2017-01-22,,6.953333333333333,,,,
2378,2017-01-24,,6.753666666666668,,,,
2379,2017-01-25,,6.758,,,,
2380,2017-01-26,,6.868666666666667,,,,
2381,2017-01-27,,6.4639999999999995,,,,
2382,2017-01-28,,6.390000000000001,,,,
2383,2017-01-29,,6.216666666666666,,,,
2384,2017-01-31,,6.139,,,,
2385,2017-02-01,,6.069333333333333,,,,
2386,2017-02-02,,5.994333333333333,,,,
2387,2017-02-03,,6.114,,,,
2388,2017-02-04,,6.720666666666666,,,,
2389,2017-02-05,,6.890333333333333,,,,
2390,2017-02-07,,7.064,,,,
2391,2017-02-09,,5.935666666666667,,,,
2392,2017-02-10,,6.4623333333333335,,,,
2393,2017-02-11,,6.0826666666666656,,,,
2394,2017-02-12,,6.158333333333332,,,,
2395,2017-02-14,,6.0,,,,
2396,2017-02-15,,6.121666666666666,,,,
2397,2017-02-16,,6.207000000000001,,,,
2398,2017-02-17,,6.693666666666666,,,,
2399,2017-02-18,,6.991,,,,
2400,2017-02-19,,6.065333333333332,,,,
2401,2017-02-21,,6.519666666666667,,,,
2402,2017-02-22,,6.875333333333334,,,,
2403,2017-02-23,,6.776666666666666,,,,
2404,2017-02-24,,6.540333333333333,,,,
2405,2017-02-25,,6.746333333333333,,,,
2406,2017-02-26,,6.460333333333334,,,,
2407,2017-02-28,,6.310333333333333,,,,
2408,2017-03-01,,6.065333333333332,,,,
2409,2017-03-02,,6.216333333333334,,,,
2410,2017-03-03,,5.8183333333333325,,,,
2411,2017-03-04,,5.747,,,,
2412,2017-03-05,,6.449000000000001,,,,
2413,2017-03-07,,6.3326666666666656,,,,
2414,2017-03-08,,6.0553333333333335,,,,
2415,2017-03-10,,6.586333333333333,,,,
2416,2017-03-11,,6.530666666666666,,,,
2417,2017-03-12,,6.443666666666666,,,,
2418,2017-03-14,,6.040666666666667,,,,
2419,2017-03-15,,5.334666666666667,,,,
2420,2017-03-16,,4.878333333333333,,,,
2421,2017-03-17,,5.6370000000000005,,,,
2422,2017-03-18,,7.333666666666667,,,,
2423,2017-03-19,,6.585999999999999,,,,
2424,2017-03-21,,6.255,,,,
2425,2017-03-22,,7.009333333333334,,,,
2426,2017-03-23,,6.5696666666666665,,,,
2427,2017-03-24,,6.248666666666668,,,,
2428,2017-03-25,,6.3020000000000005,,,,
2429,2017-03-26,,6.958333333333333,,,,
2430,2017-03-27,,5.931333333333334,,,,
2431,2017-03-28,,6.647666666666666,,,,
2432,2017-03-29,,6.624,,,,
2433,2017-03-30,,6.2860000000000005,,,,
