,Time,N+N mg/L N
0,2014-06-03,0.030000000000000023
1,2014-06-04,0.029999999999999957
2,2014-06-05,0.029999999999999957
3,2014-06-06,0.029999999999999957
4,2014-06-07,0.030312499999999954
5,2014-06-08,0.031041666666666617
6,2014-06-09,0.031354166666666614
7,2014-06-10,0.031874999999999945
8,2014-06-11,0.031666666666666614
9,2014-06-12,0.031562499999999945
10,2014-06-13,0.03114583333333328
11,2014-06-14,0.029999999999999957
12,2014-06-15,0.029999999999999957
13,2014-06-16,0.029999999999999957
14,2014-06-17,0.029999999999999964
15,2014-06-18,0.029999999999999957
16,2014-06-19,0.029999999999999957
17,2014-06-20,0.030208333333333285
18,2014-06-21,0.02989583333333329
19,2014-06-22,0.02989583333333329
20,2014-06-23,0.02895833333333331
21,2014-06-24,0.027604166666666652
22,2014-06-25,0.0278125
23,2014-06-26,0.02989583333333329
24,2014-06-27,0.02843749999999999
25,2014-06-28,0.029374999999999967
26,2014-06-29,0.028333333333333325
27,2014-06-30,0.029578947368421017
28,2014-07-01,0.02989130434782605
29,2014-07-02,0.02989583333333329
30,2014-07-03,0.029999999999999957
31,2014-07-04,0.02989583333333329
32,2014-07-05,0.029999999999999957
33,2014-07-06,0.029791666666666623
34,2014-07-07,0.02697916666666668
35,2014-07-08,0.023437500000000014
36,2014-07-09,0.02333333333333335
37,2014-07-10,0.02333333333333335
38,2014-07-11,0.022708333333333348
39,2014-07-12,0.026666666666666675
40,2014-07-13,0.02500000000000001
41,2014-07-14,0.026979166666666676
42,2014-07-15,0.025312500000000012
43,2014-07-16,0.02489583333333335
44,2014-07-17,0.020000000000000014
45,2014-07-18,0.02010416666666668
46,2014-07-19,0.020000000000000014
47,2014-07-20,0.02010416666666668
48,2014-07-21,0.02072916666666668
49,2014-07-22,0.02375000000000001
50,2014-07-23,0.026354166666666668
51,2014-07-24,0.026979166666666676
52,2014-07-25,0.025208333333333346
53,2014-07-26,0.02666666666666667
54,2014-07-27,0.027291666666666662
55,2014-07-28,0.02395833333333335
56,2014-07-29,0.021250000000000015
57,2014-07-30,0.021521739130434796
58,2014-07-31,0.021250000000000015
59,2014-08-01,0.02010416666666668
60,2014-08-02,0.020000000000000014
61,2014-08-03,0.020000000000000014
62,2014-08-04,0.02072916666666668
63,2014-08-05,0.026249999999999978
64,2014-08-06,0.030624999999999954
65,2014-08-07,0.033124999999999974
66,2014-08-08,0.039375
67,2014-08-09,0.047604166666666586
68,2014-08-10,0.056666666666666615
69,2014-08-11,0.056559139784946214
70,2014-08-12,0.052499999999999915
71,2014-08-13,0.0440625
72,2014-08-14,0.03875
73,2014-08-15,0.03281249999999996
74,2014-08-16,0.03156249999999995
75,2014-08-17,0.03239583333333328
76,2014-08-18,0.034583333333333285
77,2014-08-19,0.036041666666666645
78,2014-08-20,0.03572916666666664
79,2014-08-21,0.03656249999999999
80,2014-08-22,0.038437500000000006
81,2014-08-23,0.03875000000000003
82,2014-08-24,0.042604166666666644
83,2014-08-25,0.04135416666666668
84,2014-08-26,0.04021505376344088
85,2014-08-27,0.04000000000000003
86,2014-08-28,0.03979166666666669
87,2014-08-29,0.04000000000000003
88,2014-08-30,0.040416666666666684
89,2014-08-31,0.045624999999999936
90,2014-09-01,0.04916666666666658
91,2014-09-02,0.05010416666666658
92,2014-09-03,0.050729166666666596
93,2014-09-04,0.050729166666666575
94,2014-09-05,0.049999999999999906
95,2014-09-06,0.049999999999999906
96,2014-09-07,0.049999999999999906
97,2014-09-08,0.049999999999999906
98,2014-09-09,0.049999999999999906
99,2014-09-10,0.05312499999999998
100,2014-09-11,0.05666666666666662
101,2014-09-12,0.05187499999999994
102,2014-09-13,0.05062499999999989
103,2014-09-14,0.05249999999999991
104,2014-09-15,0.05395833333333331
105,2014-09-16,0.05010416666666658
106,2014-09-17,0.04649999999999998
107,2014-09-18,0.04146067415730337
108,2014-09-19,0.0463043478260869
109,2014-09-20,0.04270833333333331
110,2014-09-21,0.042604166666666644
111,2014-09-22,0.04249999999999998
112,2014-09-23,0.04895833333333324
113,2014-09-24,0.0485416666666666
114,2014-09-25,0.04999999999999991
115,2014-09-26,0.056458333333333305
116,2014-09-27,0.05062499999999995
117,2014-09-28,0.06010416666666657
118,2014-09-29,0.055833333333333256
119,2014-09-30,0.061249999999999895
120,2014-10-01,0.06572916666666657
121,2014-10-02,0.06428571428571421
122,2014-10-07,0.062352941176470604
123,2014-10-08,0.06510416666666656
124,2014-10-09,0.05874999999999994
125,2014-10-10,0.05916666666666659
126,2014-10-11,0.058645833333333286
127,2014-10-12,0.05791666666666659
128,2014-10-13,0.06114583333333326
129,2014-10-14,0.06427083333333332
130,2014-10-15,0.06374999999999995
131,2014-10-16,0.06406249999999998
132,2014-10-17,0.06156249999999997
133,2014-10-18,0.062083333333333296
134,2014-10-19,0.06468749999999993
135,2014-10-20,0.06854166666666667
136,2014-10-21,0.07187500000000006
137,2014-10-22,0.07479166666666671
138,2014-10-23,0.07684210526315789
139,2014-10-24,0.07541666666666672
140,2014-10-25,0.06833333333333326
141,2014-10-26,0.06947916666666669
142,2014-10-27,0.0766666666666667
143,2014-10-28,0.09312499999999989
144,2014-10-29,0.11041666666666661
145,2014-10-30,0.10437499999999993
146,2014-10-31,0.1296875000000002
147,2014-11-01,0.12864583333333313
148,2014-11-02,0.20104166666666679
149,2014-11-03,0.29218750000000004
150,2014-11-04,0.25593749999999976
151,2014-11-05,0.25000000000000017
152,2014-11-06,0.23447916666666646
153,2014-11-07,0.20395833333333305
154,2014-11-08,0.19854166666666653
155,2014-11-09,0.16968750000000007
156,2014-11-10,0.16479166666666675
157,2014-11-11,0.15250000000000025
158,2014-11-12,0.16177083333333336
159,2014-11-13,0.17395833333333324
160,2014-11-14,0.1843750000000001
161,2014-11-15,0.18770833333333328
162,2014-11-16,0.17729166666666663
163,2014-11-17,0.18916666666666648
164,2014-11-18,0.21958333333333344
165,2014-11-19,0.23135416666666678
166,2014-11-20,0.22697916666666676
167,2014-11-21,0.20604166666666654
168,2014-11-22,0.20041666666666638
169,2014-11-23,0.2037499999999999
170,2014-11-24,0.21846153846153854
171,2014-11-25,0.31421052631578955
172,2014-11-26,0.3210416666666667
173,2014-11-27,0.31760416666666635
174,2014-11-28,0.2989583333333335
175,2014-11-29,0.3048958333333332
176,2014-11-30,0.32031249999999983
177,2014-12-01,0.31531249999999994
178,2014-12-02,0.2837499999999999
179,2014-12-03,0.2800000000000003
180,2014-12-04,0.34520833333333334
181,2014-12-05,0.4692957746478875
182,2014-12-06,0.5257142857142859
183,2014-12-07,0.5505714285714287
184,2014-12-08,0.5898484848484853
185,2014-12-09,0.573125
186,2014-12-10,0.5138541666666671
187,2014-12-11,0.48562499999999903
188,2014-12-12,0.48489583333333347
189,2014-12-13,0.6491666666666666
190,2014-12-14,0.6418181818181817
191,2014-12-16,0.5624999999999999
192,2014-12-17,0.6280851063829791
193,2014-12-18,0.6436842105263156
194,2014-12-19,0.591145833333333
195,2014-12-20,0.5778124999999998
196,2014-12-21,0.5903125000000012
197,2014-12-22,0.572978723404255
198,2014-12-23,0.5540625000000003
199,2014-12-24,0.5419999999999997
200,2014-12-25,0.537849462365591
201,2014-12-26,0.5561052631578954
202,2014-12-27,0.5724999999999999
203,2014-12-28,0.5734374999999997
204,2014-12-29,0.574583333333333
205,2014-12-30,0.5814583333333326
206,2014-12-31,0.5812499999999993
207,2015-01-01,0.5881250000000012
208,2015-01-02,0.5967708333333338
209,2015-01-03,0.5997916666666672
210,2015-01-04,0.5873958333333328
211,2015-01-05,0.5904166666666674
212,2015-01-06,0.5906250000000003
213,2015-01-07,0.5975000000000005
214,2015-01-08,0.597934782608696
215,2015-01-09,0.5963541666666675
216,2015-01-10,0.5812499999999993
217,2015-01-11,0.5603448275862073
218,2015-01-14,0.47
219,2015-01-15,0.46229166666666677
220,2015-01-16,0.46062500000000034
221,2015-01-17,0.4522916666666674
222,2015-01-18,0.4431249999999998
223,2015-01-19,0.43135416666666654
224,2015-01-20,0.4251041666666671
225,2015-01-21,0.42125000000000035
226,2015-01-22,0.418125
227,2015-01-23,0.40458333333333324
228,2015-01-24,0.40010416666666665
229,2015-01-25,0.3825000000000001
230,2015-01-26,0.36708333333333343
231,2015-01-27,0.35729166666666695
232,2015-01-28,0.3416666666666664
233,2015-01-29,0.3184375
234,2015-01-30,0.3161458333333332
235,2015-01-31,0.31249999999999983
236,2015-02-01,0.3080208333333336
237,2015-02-02,0.2963541666666668
238,2015-02-03,0.2855208333333335
239,2015-02-04,0.27677083333333324
240,2015-02-05,0.2697916666666666
241,2015-02-06,0.2686458333333334
242,2015-02-07,0.2843749999999998
243,2015-02-08,0.35072916666666654
244,2015-02-09,0.4508823529411767
245,2015-02-11,0.5210000000000001
246,2015-02-12,0.4861111111111114
247,2015-02-13,0.40114583333333326
248,2015-02-14,0.4072916666666668
249,2015-02-15,0.43312500000000015
250,2015-02-16,0.4212087912087914
251,2015-02-17,0.4114893617021276
252,2015-02-18,0.4072916666666668
253,2015-02-19,0.4037500000000001
254,2015-02-20,0.41000000000000014
255,2015-02-21,0.40062499999999973
256,2015-02-22,0.404468085106383
257,2015-02-23,0.392674418604651
258,2015-02-24,0.3793684210526314
259,2015-02-25,0.3658333333333337
260,2015-02-26,0.34958333333333313
261,2015-02-27,0.3382291666666663
262,2015-02-28,0.32760416666666636
263,2015-03-01,0.3109374999999999
264,2015-03-02,0.29854166666666687
265,2015-03-03,0.28708333333333363
266,2015-03-04,0.2595833333333331
267,2015-03-05,0.23124999999999987
268,2015-03-06,0.2134375000000002
269,2015-03-07,0.20895833333333347
270,2015-03-08,0.20083333333333328
271,2015-03-09,0.18864583333333318
272,2015-03-10,0.19631578947368408
273,2015-03-11,0.18447916666666667
274,2015-03-12,0.1702083333333333
275,2015-03-13,0.18114583333333326
276,2015-03-14,0.19614583333333332
277,2015-03-15,0.18916666666666662
278,2015-03-16,0.1940624999999998
279,2015-03-17,0.20166666666666674
280,2015-03-18,0.20875000000000032
281,2015-03-19,0.22625000000000006
282,2015-03-20,0.23791666666666655
283,2015-03-21,0.24104166666666652
284,2015-03-22,0.261666666666667
285,2015-03-23,0.26583333333333375
286,2015-03-24,0.23802083333333326
287,2015-03-25,0.22708333333333355
288,2015-03-26,0.216041666666667
289,2015-03-27,0.21354166666666666
290,2015-03-28,0.20458333333333334
291,2015-03-29,0.21427083333333344
292,2015-03-30,0.21177083333333338
293,2015-03-31,0.2031250000000001
294,2015-04-01,0.18854166666666664
295,2015-04-02,0.19793478260869574
296,2015-04-03,0.19326086956521776
297,2015-04-04,0.16979166666666665
298,2015-04-05,0.16625
299,2015-04-06,0.15729166666666677
300,2015-04-07,0.17541666666666667
301,2015-04-08,0.1907291666666665
302,2015-04-09,0.2355208333333333
303,2015-04-10,0.23249999999999973
304,2015-04-11,0.22270833333333348
305,2015-04-12,0.2231250000000001
306,2015-04-13,0.2604347826086957
307,2015-04-14,0.26968750000000014
308,2015-04-15,0.26826086956521744
309,2015-04-16,0.27010638297872347
310,2015-04-17,0.23677083333333307
311,2015-04-18,0.22958333333333347
312,2015-04-19,0.20229166666666698
313,2015-04-20,0.18010416666666684
314,2015-04-21,0.15423913043478277
315,2015-04-22,0.14302083333333324
316,2015-04-23,0.16156250000000014
317,2015-04-24,0.15552083333333347
318,2015-04-25,0.1523157894736843
319,2015-04-26,0.19187499999999993
320,2015-04-27,0.22916666666666663
321,2015-04-28,0.23020833333333326
322,2015-04-29,0.23021052631578956
323,2015-04-30,0.20562500000000014
324,2015-05-01,0.19195652173913028
325,2015-05-02,0.20302083333333362
326,2015-05-03,0.20208333333333342
327,2015-05-04,0.21072916666666677
328,2015-05-05,0.19843750000000016
329,2015-05-06,0.1904166666666666
330,2015-05-07,0.17802083333333332
331,2015-05-08,0.1665625
332,2015-05-09,0.16906249999999998
333,2015-05-10,0.17552083333333335
334,2015-05-11,0.17708333333333326
335,2015-05-12,0.17614583333333336
336,2015-05-13,0.16500000000000004
337,2015-05-14,0.15604166666666683
338,2015-05-15,0.13604166666666692
339,2015-05-16,0.1594565217391303
340,2015-05-17,0.17124999999999993
341,2015-05-18,0.1601041666666667
342,2015-05-19,0.165
343,2015-05-20,0.15218750000000023
344,2015-05-21,0.13697916666666687
345,2015-05-22,0.13208333333333352
346,2015-05-23,0.1276041666666667
347,2015-05-24,0.14600000000000024
348,2015-05-25,0.13833333333333356
349,2015-05-26,0.13500000000000015
350,2015-05-27,0.13145833333333357
351,2015-05-28,0.12906250000000005
352,2015-05-29,0.1218749999999998
353,2015-05-30,0.11427083333333321
354,2015-05-31,0.11249999999999989
355,2015-06-01,0.10020833333333325
356,2015-06-02,0.09229166666666665
357,2015-06-03,0.0922916666666667
358,2015-06-04,0.08458333333333333
359,2015-06-05,0.08093749999999998
360,2015-06-06,0.07416666666666667
361,2015-06-07,0.06947916666666666
362,2015-06-08,0.06770833333333333
363,2015-06-09,0.07135416666666665
364,2015-06-10,0.06427083333333324
365,2015-06-11,0.06489583333333322
366,2015-06-12,0.06447916666666655
367,2015-06-13,0.06249999999999991
368,2015-06-14,0.06197916666666661
369,2015-06-15,0.05614583333333331
370,2015-06-16,0.05065217391304348
371,2015-06-17,0.03885416666666661
372,2015-06-18,0.03520833333333329
373,2015-06-19,0.03043478260869564
374,2015-06-20,0.024831460674157323
375,2015-06-21,0.023692307692307707
376,2015-06-22,0.020208333333333345
377,2015-06-23,0.021363636363636366
378,2015-06-24,0.03761904761904763
379,2015-06-25,0.02391304347826087
380,2015-06-26,0.021578947368421055
381,2015-06-27,0.022499999999999996
382,2015-06-28,0.02
383,2015-06-29,0.02111111111111111
384,2015-06-30,0.02555555555555555
385,2015-07-01,0.02
386,2015-07-03,0.023333333333333334
387,2015-07-04,0.02
388,2015-07-05,0.03
389,2015-09-02,0.07833333333333337
390,2015-09-03,0.09020833333333324
391,2015-09-04,0.09187499999999989
392,2015-09-05,0.09114583333333326
393,2015-09-06,0.09333333333333325
394,2015-09-07,0.0958333333333332
395,2015-09-08,0.09187499999999992
396,2015-09-09,0.09114583333333326
397,2015-09-10,0.08468750000000004
398,2015-09-11,0.0822916666666667
399,2015-09-12,0.0839583333333334
400,2015-09-13,0.07937500000000006
401,2015-09-14,0.08343750000000005
402,2015-09-15,0.08010416666666673
403,2015-09-16,0.08197916666666673
404,2015-09-17,0.08097826086956528
405,2015-09-18,0.08260416666666669
406,2015-09-19,0.11593750000000014
407,2015-09-20,0.14916666666666673
408,2015-09-21,0.16427083333333337
409,2015-09-22,0.1572826086956524
410,2015-09-23,0.13843750000000019
411,2015-09-24,0.1201041666666665
412,2015-09-25,0.09958333333333325
413,2015-09-26,0.0847916666666667
414,2015-09-27,0.08416666666666668
415,2015-09-28,0.0755208333333334
416,2015-09-29,0.06781249999999989
417,2015-09-30,0.06437499999999997
418,2015-10-01,0.07124999999999997
419,2015-10-02,0.07739583333333346
420,2015-10-03,0.07614583333333344
421,2015-10-04,0.07072916666666658
422,2015-10-05,0.06854166666666665
423,2015-10-06,0.0715625000000001
424,2015-10-07,0.06916666666666671
425,2015-10-08,0.0678125
426,2015-10-09,0.0642708333333333
427,2015-10-10,0.06020833333333325
428,2015-10-11,0.05968749999999994
429,2015-10-12,0.05552083333333321
430,2015-10-13,0.0609374999999999
431,2015-10-14,0.06385416666666659
432,2015-10-15,0.06656249999999993
433,2015-10-16,0.07020833333333322
434,2015-10-17,0.06697916666666649
435,2015-10-18,0.06333333333333324
436,2015-10-19,0.07968749999999998
437,2015-10-20,0.09239583333333325
438,2015-10-21,0.09208333333333323
439,2015-10-22,0.08708333333333335
440,2015-10-23,0.09437499999999988
441,2015-10-24,0.10520833333333324
442,2015-10-25,0.12197916666666657
443,2015-10-26,0.1227083333333332
444,2015-10-27,0.1282417582417581
445,2015-10-28,0.13010416666666655
446,2015-10-29,0.13260416666666666
447,2015-10-30,0.1307291666666666
448,2015-10-31,0.12249999999999996
449,2015-11-01,0.13750000000000018
450,2015-11-02,0.15427083333333347
451,2015-11-03,0.15635416666666682
452,2015-11-04,0.18218749999999984
453,2015-11-05,0.14687500000000017
454,2015-11-06,0.15135416666666682
455,2015-11-07,0.18395833333333314
456,2015-11-08,0.1784375
457,2015-11-09,0.15020833333333344
458,2015-11-10,0.16635416666666655
459,2015-11-11,0.1907291666666665
460,2015-11-12,0.18708333333333327
461,2015-11-13,0.19531250000000008
462,2015-11-14,0.2309374999999999
463,2015-11-15,0.23614583333333347
464,2015-11-16,0.20604166666666668
465,2015-11-17,0.20052083333333323
466,2015-11-18,0.21479166666666705
467,2015-11-19,0.19947916666666646
468,2015-11-20,0.19937499999999964
469,2015-11-21,0.18864583333333326
470,2015-11-22,0.18799999999999986
471,2015-11-25,0.20064516129032267
472,2015-11-26,0.1896874999999998
473,2015-11-27,0.1739583333333334
474,2015-11-28,0.17072916666666668
475,2015-11-29,0.17114583333333336
476,2015-11-30,0.17478260869565215
477,2015-12-01,0.1751041666666666
478,2015-12-02,0.1644791666666667
479,2015-12-03,0.15874999999999995
480,2015-12-04,0.1638541666666667
481,2015-12-05,0.18447916666666644
482,2015-12-06,0.1859374999999999
483,2015-12-07,0.18520833333333311
484,2015-12-08,0.21052083333333357
485,2015-12-09,0.21791666666666698
486,2015-12-10,0.22135416666666663
487,2015-12-11,0.2478125
488,2015-12-12,0.2655208333333332
489,2015-12-13,0.2838541666666667
490,2015-12-14,0.31812499999999944
491,2015-12-15,0.3352127659574468
492,2015-12-16,0.5138541666666663
493,2015-12-17,0.5551041666666667
494,2015-12-18,0.4296874999999994
495,2015-12-19,0.45614583333333264
496,2015-12-20,0.5623958333333338
497,2015-12-21,0.48479166666666673
498,2015-12-22,0.42312500000000014
499,2015-12-23,0.5642708333333334
500,2015-12-24,0.683020833333333
501,2015-12-25,0.718028169014085
502,2015-12-26,0.8057142857142858
503,2015-12-27,0.7328125000000004
504,2015-12-28,0.656770833333333
505,2015-12-29,0.5775000000000006
506,2015-12-30,0.5226041666666663
507,2015-12-31,0.49541666666666656
508,2016-01-01,0.4738541666666663
509,2016-01-02,0.45614583333333353
510,2016-01-03,0.45104166666666723
511,2016-01-04,0.43937500000000007
512,2016-01-05,0.42104166666666615
513,2016-01-06,0.4087499999999997
514,2016-01-07,0.4357291666666667
515,2016-01-08,0.45234042553191506
516,2016-01-09,0.6406451612903226
517,2016-01-10,0.7301041666666667
518,2016-01-11,0.7418749999999997
519,2016-01-12,0.75
520,2016-01-13,0.716875
521,2016-01-14,0.6816666666666666
522,2016-01-15,0.6906249999999993
523,2016-01-16,0.6794791666666669
524,2016-01-17,0.5780851063829789
525,2016-01-18,0.5905208333333332
526,2016-01-19,0.6219791666666662
527,2016-01-20,0.6269318181818179
528,2016-01-23,0.5542105263157898
529,2016-01-24,0.5492222222222216
530,2016-01-25,0.5481249999999992
531,2016-01-26,0.5065625000000002
532,2016-01-27,0.48385416666666586
533,2016-01-28,0.4901041666666665
534,2016-01-29,0.4994791666666667
535,2016-01-30,0.5
536,2016-01-31,0.47260416666666666
537,2016-02-01,0.4700000000000002
538,2016-02-02,0.3949999999999996
539,2016-02-03,0.4107291666666673
540,2016-02-04,0.42802083333333313
541,2016-02-05,0.43749999999999983
542,2016-02-06,0.43906249999999986
543,2016-02-07,0.4471874999999998
544,2016-02-08,0.4522916666666675
545,2016-02-09,0.4571875000000005
546,2016-02-10,0.45104166666666706
547,2016-02-11,0.4377083333333333
548,2016-02-12,0.4397916666666665
549,2016-02-13,0.425000000000001
550,2016-02-14,0.4063541666666659
551,2016-02-15,0.39437500000000036
552,2016-02-16,0.39152173913043503
553,2016-02-17,0.3808333333333331
554,2016-02-18,0.36416666666666625
555,2016-02-19,0.37489583333333326
556,2016-02-20,0.3625000000000002
557,2016-02-21,0.34770833333333356
558,2016-02-22,0.33083333333333304
559,2016-02-23,0.31778947368421057
560,2016-02-24,0.32468749999999985
561,2016-02-25,0.3230208333333335
562,2016-02-26,0.29906249999999984
563,2016-02-27,0.2823958333333333
564,2016-02-28,0.275
565,2016-02-29,0.2734375000000003
566,2016-03-01,0.25927083333333306
567,2016-03-02,0.23739583333333322
568,2016-03-03,0.2192708333333336
569,2016-03-04,0.2139583333333336
570,2016-03-05,0.2319791666666665
571,2016-03-06,0.2658333333333333
572,2016-03-07,0.3326041666666668
573,2016-03-08,0.3196874999999999
574,2016-03-09,0.3163541666666663
575,2016-03-10,0.3110416666666668
576,2016-03-11,0.3006250000000003
577,2016-03-12,0.3001041666666671
578,2016-03-13,0.2984374999999999
579,2016-03-14,0.2862499999999997
580,2016-03-15,0.2789583333333335
581,2016-03-16,0.270208333333333
582,2016-03-17,0.27810526315789497
583,2016-03-18,0.2798958333333336
584,2016-03-19,0.2771875000000002
585,2016-03-20,0.27979166666666694
586,2016-03-21,0.283125
587,2016-03-22,0.25416666666666626
588,2016-03-23,0.23583333333333353
589,2016-03-24,0.23854166666666632
590,2016-03-25,0.23947916666666635
591,2016-03-26,0.24062499999999964
592,2016-03-27,0.23250000000000035
593,2016-03-28,0.2282291666666667
594,2016-03-29,0.2292708333333333
595,2016-03-30,0.2322916666666668
596,2016-03-31,0.2242708333333334
597,2016-04-01,0.2278125000000003
598,2016-04-02,0.25125
599,2016-04-03,0.25875000000000004
600,2016-04-04,0.2591666666666666
601,2016-04-05,0.25333333333333313
602,2016-04-06,0.239375
603,2016-04-07,0.22833333333333336
604,2016-04-08,0.22000000000000008
605,2016-04-09,0.2138541666666668
606,2016-04-10,0.21072916666666677
607,2016-04-11,0.20593750000000013
608,2016-04-12,0.1962499999999997
609,2016-04-13,0.1892708333333332
610,2016-04-14,0.18437499999999984
611,2016-04-15,0.18052083333333313
612,2016-04-16,0.1766666666666666
613,2016-04-17,0.16291666666666674
614,2016-04-18,0.1565625000000002
615,2016-04-19,0.15808510638297887
616,2016-04-20,0.13614583333333358
617,2016-04-21,0.13114583333333318
618,2016-04-22,0.12291666666666641
619,2016-04-23,0.13531250000000009
620,2016-04-24,0.1359375000000002
621,2016-04-25,0.12979166666666683
622,2016-04-26,0.1327083333333335
623,2016-04-27,0.13520833333333332
624,2016-04-28,0.13333333333333347
625,2016-04-29,0.1554166666666668
626,2016-04-30,0.1538541666666669
627,2016-05-01,0.1464583333333336
628,2016-05-02,0.15072916666666686
629,2016-05-03,0.14864583333333362
630,2016-05-04,0.13656250000000023
631,2016-05-05,0.1297916666666669
632,2016-05-06,0.13645833333333343
633,2016-05-07,0.15635416666666677
634,2016-05-08,0.1551041666666668
635,2016-05-09,0.16369565217391308
636,2016-05-10,0.1659375
637,2016-05-11,0.17697916666666666
638,2016-05-12,0.17563829787234034
639,2016-05-13,0.16958333333333328
640,2016-05-14,0.1779166666666666
641,2016-05-15,0.15510416666666688
642,2016-05-16,0.14135416666666703
643,2016-05-17,0.13239583333333327
644,2016-05-18,0.12427083333333305
645,2016-05-19,0.12114583333333312
646,2016-05-20,0.12270833333333309
647,2016-05-21,0.12218749999999991
648,2016-05-22,0.13093749999999976
649,2016-05-23,0.1165624999999999
650,2016-05-24,0.11484210526315776
651,2016-05-25,0.11312499999999992
652,2016-05-26,0.11108695652173908
653,2016-05-27,0.1160416666666665
654,2016-05-28,0.11656249999999989
655,2016-05-29,0.12427083333333343
656,2016-05-30,0.12677083333333336
657,2016-05-31,0.12156249999999984
658,2016-06-01,0.12757575757575762
659,2016-06-02,0.1251785714285715
660,2016-06-03,0.13273972602739728
661,2016-06-04,0.12343750000000003
662,2016-06-05,0.12188405797101455
663,2016-06-06,0.12297872340425543
664,2016-06-07,0.12175675675675673
665,2016-06-08,0.1175362318840581
666,2016-06-09,0.1143749999999999
667,2016-06-10,0.11315217391304339
668,2016-06-11,0.11712765957446805
669,2016-06-12,0.11744680851063821
670,2016-06-13,0.11614457831325298
671,2016-06-14,0.12338983050847464
672,2016-06-15,0.122142857142857
673,2016-06-16,0.12153846153846139
674,2016-06-17,0.12152941176470573
675,2016-06-18,0.1173255813953488
676,2016-06-19,0.12052631578947345
677,2016-06-20,0.12312499999999994
678,2016-06-21,0.1271875000000002
679,2016-06-22,0.13885416666666675
680,2016-06-23,0.1377011494252875
681,2016-06-24,0.13302083333333348
682,2016-06-25,0.1253125
683,2016-06-26,0.12083333333333335
684,2016-06-27,0.11041666666666662
685,2016-06-28,0.1141666666666666
686,2016-06-29,0.11072916666666661
687,2016-06-30,0.1080208333333333
688,2016-07-01,0.10895833333333328
689,2016-07-02,0.10864583333333333
690,2016-07-03,0.1054166666666667
691,2016-07-04,0.10541666666666667
692,2016-07-05,0.10541666666666667
693,2016-07-06,0.10687500000000001
694,2016-07-07,0.106875
695,2016-07-08,0.10458333333333332
696,2016-07-09,0.10208333333333329
697,2016-07-10,0.10260416666666665
698,2016-07-11,0.10333333333333326
699,2016-07-12,0.10666666666666665
700,2016-07-13,0.10979166666666658
701,2016-07-14,0.10864583333333332
702,2016-07-15,0.10884210526315785
703,2016-07-16,0.11343749999999987
704,2016-07-17,0.11031249999999997
705,2016-07-18,0.10999999999999995
706,2016-07-19,0.11229166666666657
707,2016-07-20,0.1118749999999999
708,2016-07-21,0.10583333333333335
709,2016-07-22,0.10583333333333333
710,2016-07-23,0.106875
711,2016-07-24,0.1066666666666667
712,2016-07-25,0.10802083333333329
713,2016-07-26,0.10583333333333335
714,2016-07-27,0.10843749999999996
715,2016-07-28,0.10458333333333336
716,2016-07-29,0.10052083333333317
717,2016-07-30,0.10166666666666657
718,2016-07-31,0.10447916666666672
719,2016-08-01,0.10431578947368426
720,2016-08-02,0.10625000000000001
721,2016-08-03,0.10906249999999995
722,2016-08-04,0.11229166666666657
723,2016-08-05,0.11249999999999988
724,2016-08-06,0.11239583333333324
725,2016-08-07,0.11385416666666653
726,2016-08-08,0.11437499999999985
727,2016-08-09,0.11770833333333315
728,2016-08-10,0.12208333333333311
729,2016-08-11,0.12294736842105246
730,2016-08-12,0.1246874999999999
731,2016-08-13,0.12489583333333322
732,2016-08-14,0.12697916666666662
733,2016-08-15,0.12812500000000018
734,2016-08-16,0.13427083333333348
735,2016-08-17,0.13468750000000015
736,2016-08-18,0.13510416666666683
737,2016-08-19,0.13781250000000014
738,2016-08-20,0.14166666666666689
739,2016-08-21,0.1444565217391307
740,2016-08-22,0.14833333333333357
741,2016-08-23,0.15166666666666687
742,2016-08-24,0.1536458333333335
743,2016-08-25,0.1518750000000002
744,2016-08-26,0.15822916666666678
745,2016-08-27,0.1545833333333335
746,2016-08-28,0.15645833333333345
747,2016-08-29,0.15572916666666678
748,2016-08-30,0.15770833333333342
749,2016-08-31,0.1578125000000001
750,2016-09-01,0.15697916666666675
751,2016-09-02,0.16249999999999998
752,2016-09-03,0.17218749999999994
753,2016-09-04,0.1744791666666666
754,2016-09-05,0.1752083333333332
755,2016-09-06,0.17687499999999987
756,2016-09-07,0.17364583333333328
757,2016-09-08,0.17031249999999998
758,2016-09-09,0.1660416666666667
759,2016-09-10,0.1632291666666667
760,2016-09-11,0.16458333333333333
761,2016-09-12,0.16989583333333333
762,2016-09-13,0.1730208333333332
763,2016-09-14,0.1745833333333332
764,2016-09-15,0.17208333333333325
765,2016-09-16,0.17072916666666663
766,2016-09-17,0.17072916666666663
767,2016-09-18,0.16979166666666665
768,2016-09-19,0.17104166666666662
769,2016-09-20,0.17197916666666668
770,2016-09-21,0.16677083333333334
771,2016-09-22,0.1739583333333333
772,2016-09-23,0.1723958333333333
773,2016-09-24,0.17749999999999988
774,2016-09-25,0.183125
775,2016-09-26,0.1863541666666667
776,2016-09-27,0.18739583333333334
777,2016-09-28,0.18882978723404248
778,2016-09-29,0.18822916666666653
779,2016-09-30,0.18645833333333325
780,2016-10-01,0.1873958333333332
781,2016-10-02,0.1786315789473683
782,2016-10-03,0.17925531914893603
783,2016-10-04,0.1992708333333336
784,2016-10-05,0.2008333333333336
785,2016-10-06,0.18702127659574463
786,2016-10-07,0.20572916666666677
787,2016-10-08,0.21191489361702137
788,2016-10-09,0.21242105263157923
789,2016-10-10,0.21557894736842118
790,2016-10-11,0.21604166666666672
791,2016-10-12,0.21322916666666705
792,2016-10-13,0.2141666666666668
793,2016-10-14,0.211666666666667
794,2016-10-15,0.2223958333333332
795,2016-10-16,0.24229166666666666
796,2016-10-17,0.26229166666666687
797,2016-10-18,0.31915789473684164
798,2016-10-19,0.3254166666666662
799,2016-10-20,0.3259999999999995
800,2016-10-21,0.322708333333333
801,2016-10-22,0.3116666666666662
802,2016-10-23,0.29635416666666664
803,2016-10-24,0.2860416666666668
804,2016-10-25,0.2758426966292136
805,2016-10-26,0.26677083333333357
806,2016-10-27,0.2698958333333333
807,2016-10-28,0.28781249999999997
808,2016-10-29,0.36583333333333323
809,2016-10-30,0.4561458333333332
810,2016-10-31,0.4978124999999998
811,2016-11-01,0.4266666666666665
812,2016-11-02,0.4651578947368422
813,2016-11-03,0.48937500000000006
814,2016-11-04,0.43755319148936195
815,2016-11-05,0.4692708333333333
816,2016-11-06,0.5079166666666669
817,2016-11-07,0.43968749999999995
818,2016-11-08,0.39249999999999985
819,2016-11-09,0.36635416666666676
820,2016-11-10,0.34744680851063864
821,2016-11-11,0.3390625
822,2016-11-12,0.3298958333333327
823,2016-11-13,0.32739583333333283
824,2016-11-14,0.32489583333333333
825,2016-11-15,0.3206250000000002
826,2016-11-16,0.31749999999999995
827,2016-11-17,0.30875000000000014
828,2016-11-18,0.3070833333333331
829,2016-11-19,0.3090526315789473
830,2016-11-20,0.30874999999999986
831,2016-11-21,0.3239583333333334
832,2016-11-22,0.33425531914893636
833,2016-11-23,0.39579545454545445
834,2016-11-24,0.4377659574468088
835,2016-11-25,0.46311827956989265
836,2016-11-26,0.4497894736842102
837,2016-11-27,0.42
838,2016-11-28,0.396382978723404
839,2016-11-29,0.3935416666666663
840,2016-11-30,0.3874999999999998
841,2016-12-01,0.3897894736842104
842,2016-12-02,0.4192708333333342
843,2016-12-03,0.40947916666666645
844,2016-12-04,0.39083333333333353
845,2016-12-05,0.3779166666666669
846,2016-12-06,0.36874999999999986
847,2016-12-07,0.3643749999999997
848,2016-12-08,0.359895833333333
849,2016-12-09,0.36760416666666657
850,2016-12-10,0.36312499999999964
851,2016-12-11,0.3847916666666667
852,2016-12-12,0.37072463768115943
853,2016-12-13,0.41326086956521757
854,2016-12-14,0.5511999999999999
855,2016-12-15,0.38225806451612937
856,2016-12-16,0.3496629213483146
857,2016-12-17,0.3486516853932581
858,2016-12-18,0.34244186046511643
859,2016-12-19,0.35360465116279105
860,2016-12-20,0.3848351648351653
861,2016-12-21,0.35879120879120846
862,2016-12-22,0.3706315789473686
863,2016-12-23,0.3732291666666668
864,2016-12-24,0.3795833333333334
865,2016-12-25,0.3705208333333334
866,2016-12-26,0.3732530120481923
867,2016-12-27,0.38125000000000003
868,2016-12-28,0.38875
869,2016-12-29,0.39000000000000007
870,2016-12-30,0.39000000000000007
871,2016-12-31,0.3842857142857143
872,2017-01-01,0.37999999999999995
873,2017-01-02,0.385
874,2017-01-03,0.39
875,2017-01-04,0.4125
876,2017-01-05,0.465
877,2017-01-06,0.45600000000000007
878,2017-01-07,0.48666666666666664
879,2017-01-08,0.51
880,2017-01-09,0.546
881,2017-01-16,0.43499999999999994
882,2017-01-17,0.24
883,2017-01-18,0.42000000000000004
884,2017-01-19,0.32999999999999996
885,2017-01-20,0.48
886,2017-01-21,0.35000000000000003
887,2017-01-22,0.445
888,2017-01-29,0.58
889,2017-01-30,0.5
890,2017-01-31,0.31666666666666665
891,2017-02-01,0.27
892,2017-02-03,0.21000000000000002
893,2017-02-04,0.37
894,2017-02-06,0.25
895,2017-02-07,0.37
896,2017-02-08,0.25
897,2017-02-10,0.26
898,2017-02-16,0.405
899,2017-02-17,0.42
900,2017-02-19,0.3
901,2017-02-20,0.29000000000000004
902,2017-02-21,0.41
903,2017-02-22,0.36
904,2017-02-23,0.345
905,2017-02-24,0.26
906,2017-02-28,0.22
907,2017-03-01,0.14
908,2017-03-02,0.15
909,2017-03-03,0.36
910,2017-03-05,0.29
911,2017-03-06,0.36
912,2017-03-07,0.36
913,2017-03-10,0.43
914,2017-03-11,0.32
915,2017-03-12,0.27
916,2017-03-13,0.30000000000000004
917,2017-03-16,0.23000000000000004
918,2017-03-17,0.2242708333333335
919,2017-03-18,0.21989583333333343
920,2017-03-19,0.19180722891566246
921,2017-03-20,0.17355555555555546
922,2017-03-21,0.1611578947368422
923,2017-03-22,0.15937500000000013
924,2017-03-23,0.14304347826086977
925,2017-03-24,0.13666666666666685
926,2017-03-25,0.12979166666666683
927,2017-03-26,0.13531250000000017
928,2017-03-27,0.12979166666666683
929,2017-03-28,0.13354838709677433
930,2017-03-29,0.1365625000000002
931,2017-03-30,0.15791666666666676
932,2017-03-31,0.16593750000000002
933,2017-04-01,0.17885416666666645
934,2017-04-02,0.18562499999999973
935,2017-04-03,0.1892708333333332
936,2017-04-04,0.18312499999999984
937,2017-04-05,0.17874999999999994
938,2017-04-06,0.1739583333333333
939,2017-04-07,0.1790624999999998
940,2017-04-08,0.20750000000000038
941,2017-04-09,0.19187499999999988
942,2017-04-10,0.17312499999999997
943,2017-04-11,0.15083333333333365
944,2017-04-12,0.1481250000000002
945,2017-04-13,0.15854166666666672
946,2017-04-14,0.15864583333333346
947,2017-04-15,0.1489583333333336
948,2017-04-16,0.13739583333333347
949,2017-04-17,0.11947916666666669
950,2017-04-18,0.12927083333333356
951,2017-04-19,0.13052083333333359
952,2017-04-20,0.11947916666666651
953,2017-04-21,0.1098958333333333
954,2017-04-22,0.10062499999999981
955,2017-04-23,0.09999999999999981
956,2017-04-24,0.09999999999999981
957,2017-04-25,0.09979166666666649
958,2017-04-26,0.09979166666666649
959,2017-04-27,0.09833333333333318
960,2017-04-28,0.08999999999999991
961,2017-04-29,0.09020833333333324
962,2017-04-30,0.08937499999999991
963,2017-05-01,0.0903124999999999
964,2017-05-02,0.0918478260869564
965,2017-05-03,0.10957894736842111
966,2017-05-04,0.13875000000000015
967,2017-05-05,0.14354166666666676
968,2017-05-06,0.14354166666666693
969,2017-05-07,0.1436458333333336
970,2017-05-08,0.1458333333333335
971,2017-05-09,0.15656250000000008
972,2017-05-10,0.17479166666666648
973,2017-05-11,0.1658333333333335
974,2017-05-12,0.11302083333333328
975,2017-05-13,0.10208333333333315
976,2017-05-14,0.1079166666666666
977,2017-05-15,0.10739583333333323
978,2017-05-16,0.10749999999999989
979,2017-05-17,0.11249999999999989
980,2017-05-18,0.11187499999999995
981,2017-05-19,0.10895833333333331
982,2017-05-20,0.10479166666666652
983,2017-05-21,0.10947916666666663
984,2017-05-22,0.11802083333333319
985,2017-05-23,0.11562499999999991
986,2017-05-24,0.11239583333333326
987,2017-05-25,0.11393617021276589
988,2017-05-26,0.11552083333333324
989,2017-05-27,0.11593749999999986
990,2017-05-28,0.11281249999999994
991,2017-05-29,0.12020833333333318
992,2017-05-30,0.12302083333333308
993,2017-05-31,0.12010416666666647
994,2017-06-01,0.12302083333333307
