,Time,flow mgd
0,2010-08-01,5.5183333333333335
1,2010-08-02,5.364333333333334
2,2010-08-03,5.531
3,2010-08-04,5.363333333333333
4,2010-08-05,5.543666666666667
5,2010-08-06,5.251666666666666
6,2010-08-07,5.368333333333333
7,2010-08-08,5.377
8,2010-08-09,5.560333333333333
9,2010-08-10,5.450666666666667
10,2010-08-11,5.480666666666667
11,2010-08-12,5.635000000000001
12,2010-08-13,5.559
13,2010-08-14,5.506
14,2010-08-15,5.7010000000000005
15,2010-08-16,5.805666666666667
16,2010-08-17,5.614666666666667
17,2010-08-18,5.8676666666666675
18,2010-08-19,5.826999999999999
19,2010-08-20,5.672
20,2010-08-21,5.883
21,2010-08-22,5.832333333333334
22,2010-08-23,5.948
23,2010-08-24,5.894666666666666
24,2010-08-25,5.441333333333333
25,2010-08-26,5.913666666666667
26,2010-08-27,5.460333333333334
27,2010-08-28,5.702000000000001
28,2010-08-29,5.846666666666667
29,2010-08-30,5.715333333333334
30,2010-08-31,5.760333333333333
31,2010-09-01,5.788999999999999
32,2010-09-02,5.871333333333332
33,2010-09-03,5.374666666666666
34,2010-09-04,5.352333333333333
35,2010-09-05,5.457333333333334
36,2010-09-06,5.476333333333334
37,2010-09-07,5.710333333333334
38,2010-09-08,5.542333333333333
39,2010-09-09,5.516000000000001
40,2010-09-10,5.536333333333332
41,2010-09-11,5.472
42,2010-09-12,5.608333333333333
43,2010-09-13,5.644333333333333
44,2010-09-14,5.334
45,2010-09-15,5.495333333333334
46,2010-09-16,5.631666666666667
47,2010-09-17,5.558666666666666
48,2010-09-18,5.9593333333333325
49,2010-09-19,5.954666666666667
50,2010-09-20,5.669
51,2010-09-21,5.7393333333333345
52,2010-09-22,5.639666666666667
53,2010-09-23,5.578333333333334
54,2010-09-24,5.695666666666667
55,2010-09-25,5.685333333333333
56,2010-09-26,5.828333333333334
57,2010-09-27,5.695333333333333
58,2010-09-28,5.635333333333333
59,2010-09-29,5.7090000000000005
60,2010-09-30,5.640333333333333
61,2010-10-01,5.675666666666667
62,2010-10-02,5.235333333333334
63,2010-10-03,5.580333333333333
64,2010-10-04,5.502
65,2010-10-05,5.447666666666667
66,2010-10-06,5.406666666666666
67,2010-10-07,5.586666666666667
68,2010-10-08,5.166
69,2010-10-09,5.522666666666667
70,2010-10-10,5.7379999999999995
71,2010-10-11,5.696333333333333
72,2010-10-12,5.360333333333333
73,2010-10-13,5.510000000000001
74,2010-10-14,5.190666666666667
75,2010-10-15,5.3406666666666665
76,2010-10-16,5.298333333333333
77,2010-10-17,5.423000000000001
78,2010-10-18,5.521333333333334
79,2010-10-19,5.385999999999999
80,2010-10-20,5.609000000000001
81,2010-10-21,5.811333333333334
82,2010-10-22,5.346666666666668
83,2010-10-23,5.415
84,2010-10-24,5.803999999999999
85,2010-10-25,5.476333333333333
86,2010-10-26,5.611666666666667
87,2010-10-27,5.507000000000001
88,2010-10-28,5.873666666666666
89,2010-10-29,5.515000000000001
90,2010-10-30,5.805666666666667
91,2010-10-31,5.6209999999999996
92,2010-11-01,5.734333333333333
93,2010-11-02,5.8340000000000005
94,2010-11-03,5.961333333333333
95,2010-11-04,5.465333333333334
96,2010-11-05,5.583666666666667
97,2010-11-06,5.865333333333333
98,2010-11-07,6.0603333333333325
99,2010-11-08,5.776666666666667
100,2010-11-09,5.507666666666666
101,2010-11-10,5.2636666666666665
102,2010-11-11,5.258
103,2010-11-12,5.508
104,2010-11-13,5.479333333333333
105,2010-11-14,5.376666666666666
106,2010-11-15,5.678000000000001
107,2010-11-16,5.521333333333334
108,2010-11-17,5.601666666666667
109,2010-11-18,5.849333333333334
110,2010-11-19,5.587
111,2010-11-20,5.821333333333334
112,2010-11-21,6.2043333333333335
113,2010-11-22,6.204000000000001
114,2010-11-23,5.868666666666666
115,2010-11-24,6.037
116,2010-11-25,6.277
117,2010-11-26,5.409333333333333
118,2010-11-27,5.79
119,2010-11-28,5.917333333333333
120,2010-11-29,5.838
121,2010-11-30,5.671333333333333
122,2010-12-01,5.701666666666667
123,2010-12-02,5.680666666666667
124,2010-12-03,6.002333333333333
125,2010-12-04,5.472666666666666
126,2010-12-05,5.878666666666667
127,2010-12-06,5.8453333333333335
128,2010-12-07,5.450666666666667
129,2010-12-08,5.6129999999999995
130,2010-12-09,5.758666666666667
131,2010-12-10,5.265666666666666
132,2010-12-11,5.549666666666666
133,2010-12-12,5.532
134,2010-12-13,5.6113333333333335
135,2010-12-14,5.59
136,2010-12-15,5.559333333333334
137,2010-12-16,5.614333333333332
138,2010-12-17,5.928666666666667
139,2010-12-18,5.618666666666666
140,2010-12-19,5.757666666666668
141,2010-12-20,6.112333333333333
142,2010-12-21,5.882000000000001
143,2010-12-22,5.822
144,2010-12-23,6.303333333333334
145,2010-12-24,6.146000000000001
146,2010-12-25,6.357666666666667
147,2010-12-26,5.464333333333333
148,2010-12-27,5.454
149,2010-12-28,5.333
150,2010-12-29,5.892333333333333
151,2010-12-30,5.556333333333332
152,2010-12-31,6.0760000000000005
153,2011-01-01,5.868333333333333
154,2011-01-02,6.146666666666667
155,2011-01-03,5.709666666666666
156,2011-01-04,6.044
157,2011-01-05,5.9476666666666675
158,2011-01-06,5.834
159,2011-01-07,5.938666666666667
160,2011-01-08,5.75
161,2011-01-09,5.981999999999999
162,2011-01-10,5.999666666666667
163,2011-01-11,6.278666666666666
164,2011-01-12,6.065333333333334
165,2011-01-13,5.238666666666667
166,2011-01-14,6.685666666666667
167,2011-01-15,6.179333333333332
168,2011-01-16,5.897000000000001
169,2011-01-17,6.050666666666667
170,2011-01-18,5.864999999999999
171,2011-01-19,5.78
172,2011-01-20,5.8500000000000005
173,2011-01-21,5.856000000000001
174,2011-01-22,5.832
175,2011-01-23,5.751666666666666
176,2011-01-24,5.832
177,2011-01-25,5.919333333333333
178,2011-01-26,5.832333333333334
179,2011-01-27,5.867
180,2011-01-28,5.786999999999999
181,2011-01-29,5.717000000000001
182,2011-01-30,6.031666666666666
183,2011-01-31,5.813666666666666
184,2011-02-01,5.800333333333334
185,2011-02-02,5.687333333333334
186,2011-02-03,5.785666666666668
187,2011-02-04,5.724333333333334
188,2011-02-05,5.959666666666667
189,2011-02-06,5.829999999999999
190,2011-02-07,5.784
191,2011-02-08,5.747333333333334
192,2011-02-09,5.858
193,2011-02-10,5.823
194,2011-02-11,5.401
195,2011-02-12,5.9126666666666665
196,2011-02-13,5.565
197,2011-02-14,5.636666666666667
198,2011-02-15,5.585
199,2011-02-16,5.984333333333333
200,2011-02-17,5.758666666666667
201,2011-02-18,6.338
202,2011-02-19,6.664333333333334
203,2011-02-20,6.197
204,2011-02-21,6.430666666666666
205,2011-02-22,6.327333333333333
206,2011-02-23,6.171
207,2011-02-24,6.030666666666666
208,2011-02-25,6.198333333333334
209,2011-02-26,6.162333333333333
210,2011-02-27,6.183666666666666
211,2011-02-28,6.341666666666666
212,2011-03-01,5.797
213,2011-03-02,6.106333333333333
214,2011-03-03,6.029333333333334
215,2011-03-04,5.959333333333333
216,2011-03-05,6.132666666666666
217,2011-03-06,6.232333333333333
218,2011-03-07,6.159
219,2011-03-08,5.917666666666666
220,2011-03-09,5.945333333333333
221,2011-03-10,6.002666666666667
222,2011-03-11,5.873333333333332
223,2011-03-12,6.137333333333333
224,2011-03-13,5.876333333333332
225,2011-03-14,5.9623333333333335
226,2011-03-15,5.831333333333333
227,2011-03-16,6.048333333333333
228,2011-03-17,5.795333333333335
229,2011-03-18,5.958666666666666
230,2011-03-19,6.011666666666667
231,2011-03-20,6.376666666666668
232,2011-03-21,6.256
233,2011-03-22,6.212666666666666
234,2011-03-23,6.206
235,2011-03-24,6.194333333333333
236,2011-03-25,6.211333333333333
237,2011-03-26,6.725333333333334
238,2011-03-27,6.718666666666667
239,2011-03-28,6.639666666666667
240,2011-03-29,6.365666666666667
241,2011-03-30,6.420000000000001
242,2011-03-31,6.047999999999999
243,2011-04-01,6.16
244,2011-04-02,6.411000000000001
245,2011-04-03,6.122333333333333
246,2011-04-04,5.995333333333332
247,2011-04-05,5.903
248,2011-04-06,6.116
249,2011-04-07,6.153
250,2011-04-08,6.044333333333333
251,2011-04-09,5.966
252,2011-04-10,6.082666666666667
253,2011-04-11,6.017
254,2011-04-12,5.893000000000001
255,2011-04-13,5.980333333333334
256,2011-04-14,5.879666666666666
257,2011-04-15,6.005333333333333
258,2011-04-16,6.047999999999999
259,2011-04-17,6.165
260,2011-04-18,6.059
261,2011-04-19,6.105666666666667
262,2011-04-20,6.023333333333333
263,2011-04-21,6.037999999999999
264,2011-04-22,8.18
265,2011-04-23,5.940333333333332
266,2011-04-24,5.790333333333334
267,2011-04-25,5.763333333333333
268,2011-04-26,5.9046666666666665
269,2011-04-27,5.826333333333333
270,2011-04-28,6.046333333333333
271,2011-04-29,5.755333333333333
272,2011-04-30,5.8613333333333335
273,2011-05-01,5.897000000000001
274,2011-05-02,5.810666666666667
275,2011-05-03,5.916333333333334
276,2011-05-04,5.7796666666666665
277,2011-05-05,5.903333333333333
278,2011-05-06,5.591666666666666
279,2011-05-07,6.002333333333333
280,2011-05-08,5.917999999999999
281,2011-05-09,5.816
282,2011-05-10,5.755333333333333
283,2011-05-11,5.835000000000001
284,2011-05-12,5.680666666666667
285,2011-05-13,5.966
286,2011-05-14,5.642666666666666
287,2011-05-15,5.954666666666667
288,2011-05-16,6.114999999999999
289,2011-05-17,5.950333333333333
290,2011-05-18,5.8580000000000005
291,2011-05-19,6.083333333333333
292,2011-05-20,5.9446666666666665
293,2011-05-21,5.833333333333333
294,2011-05-22,6.035
295,2011-05-23,6.0056666666666665
296,2011-05-24,5.919666666666667
297,2011-05-25,5.946000000000001
298,2011-05-26,5.719666666666668
299,2011-05-27,6.067666666666667
300,2011-05-28,5.7476666666666665
301,2011-05-29,5.899
302,2011-05-30,5.830333333333333
303,2011-05-31,6.035333333333334
304,2011-06-01,5.355333333333333
305,2011-06-02,6.260000000000001
306,2011-06-03,5.690666666666666
307,2011-06-04,5.545333333333333
308,2011-06-05,5.985333333333332
309,2011-06-06,6.366666666666667
310,2011-06-07,6.044333333333334
311,2011-06-08,6.018666666666667
312,2011-06-09,5.8820000000000014
313,2011-06-10,6.012
314,2011-06-11,5.852333333333334
315,2011-06-12,5.894666666666667
316,2011-06-13,5.895
317,2011-06-14,5.196666666666666
318,2011-06-15,6.713666666666668
319,2011-06-16,5.663333333333334
320,2011-06-17,5.641000000000001
321,2011-06-18,5.7236666666666665
322,2011-06-19,5.815000000000001
323,2011-06-20,5.880999999999999
324,2011-06-21,5.991666666666666
325,2011-06-22,5.8936666666666655
326,2011-06-23,5.5263333333333335
327,2011-06-24,5.918666666666666
328,2011-06-25,5.864666666666666
329,2011-06-26,5.495
330,2011-06-27,5.536333333333334
331,2011-06-28,6.002
332,2011-06-29,5.86
333,2011-06-30,5.850333333333334
334,2011-07-01,5.817333333333334
335,2011-07-02,5.5906666666666665
336,2011-07-03,5.656666666666666
337,2011-07-04,5.738666666666667
338,2011-07-05,5.798666666666667
339,2011-07-06,5.748666666666666
340,2011-07-07,5.851333333333334
341,2011-07-08,5.697666666666667
342,2011-07-09,5.596333333333334
343,2011-07-10,5.579666666666667
344,2011-07-11,5.367
345,2011-07-12,5.447
346,2011-07-13,5.6290000000000004
347,2011-07-14,5.4830000000000005
348,2011-07-15,5.355
349,2011-07-16,5.474666666666667
350,2011-07-17,5.623
351,2011-07-18,5.603333333333334
352,2011-07-19,5.316
353,2011-07-20,5.650666666666666
354,2011-07-21,5.8
355,2011-07-22,5.684
356,2011-07-23,5.812
357,2011-07-24,5.569333333333333
358,2011-07-25,5.785333333333334
359,2011-07-26,5.900666666666667
360,2011-07-27,5.940666666666668
361,2011-07-28,5.840000000000001
362,2011-07-29,5.703333333333333
363,2011-07-30,5.699333333333333
364,2011-07-31,5.652333333333334
365,2011-08-01,5.9576666666666656
366,2011-08-02,5.721
367,2011-08-03,5.864
368,2011-08-04,5.998666666666666
369,2011-08-05,5.962666666666667
370,2011-08-06,6.209666666666667
371,2011-08-07,5.727999999999999
372,2011-08-08,5.851666666666667
373,2011-08-09,5.784666666666666
374,2011-08-10,5.4943333333333335
375,2011-08-11,5.897333333333333
376,2011-08-12,5.337666666666666
377,2011-08-13,5.807333333333333
378,2011-08-14,5.656333333333333
379,2011-08-15,6.018999999999999
380,2011-08-16,5.706666666666667
381,2011-08-17,5.317666666666667
382,2011-08-18,6.1209999999999996
383,2011-08-19,5.7876666666666665
384,2011-08-20,5.801666666666667
385,2011-08-21,5.981333333333333
386,2011-08-22,5.7366666666666655
387,2011-08-23,5.968666666666667
388,2011-08-24,5.769333333333333
389,2011-08-25,5.782333333333334
390,2011-08-26,5.875666666666667
391,2011-08-27,5.839333333333333
392,2011-08-28,6.012333333333333
393,2011-08-29,5.5603333333333325
394,2011-08-30,5.601666666666667
395,2011-08-31,5.756666666666667
396,2011-09-01,5.7010000000000005
397,2011-09-02,5.675333333333334
398,2011-09-03,5.629333333333332
399,2011-09-04,5.941
400,2011-09-05,5.573666666666667
401,2011-09-06,5.713
402,2011-09-07,5.630666666666667
403,2011-09-08,5.7763333333333335
404,2011-09-09,5.552666666666666
405,2011-09-10,5.692
406,2011-09-11,5.971
407,2011-09-12,5.583333333333333
408,2011-09-13,5.692666666666667
409,2011-09-14,5.624666666666667
410,2011-09-15,5.532666666666667
411,2011-09-16,5.633666666666667
412,2011-09-17,5.611666666666667
413,2011-09-18,5.715666666666667
414,2011-09-19,5.563666666666667
415,2011-09-20,6.132333333333334
416,2011-09-21,5.5569999999999995
417,2011-09-22,5.599333333333334
418,2011-09-23,5.7443333333333335
419,2011-09-24,5.995333333333334
420,2011-09-25,5.948666666666667
421,2011-09-26,5.867666666666666
422,2011-09-27,5.9143333333333326
423,2011-09-28,5.521
424,2011-09-29,5.691
425,2011-09-30,5.805666666666667
426,2011-10-01,5.874666666666667
427,2011-10-02,5.998666666666668
428,2011-10-03,5.707000000000001
429,2011-10-04,5.691
430,2011-10-05,5.904000000000001
431,2011-10-06,5.939666666666667
432,2011-10-07,5.998666666666666
433,2011-10-08,5.962
434,2011-10-09,6.107666666666667
435,2011-10-10,5.939666666666667
436,2011-10-11,5.814
437,2011-10-12,5.819333333333333
438,2011-10-13,5.956333333333333
439,2011-10-14,5.522333333333333
440,2011-10-15,6.054666666666667
441,2011-10-16,5.8486666666666665
442,2011-10-17,5.998666666666668
443,2011-10-18,5.654333333333334
444,2011-10-19,6.036666666666666
445,2011-10-20,5.559666666666668
446,2011-10-21,5.898333333333333
447,2011-10-22,5.669333333333333
448,2011-10-23,6.086333333333333
449,2011-10-24,6.076333333333333
450,2011-10-25,5.7573333333333325
451,2011-10-26,5.731000000000001
452,2011-10-27,5.865666666666666
453,2011-10-28,5.677666666666667
454,2011-10-29,5.785
455,2011-10-30,5.990333333333333
456,2011-10-31,5.847666666666666
457,2011-11-01,5.5696666666666665
458,2011-11-02,5.791333333333334
459,2011-11-03,5.911333333333334
460,2011-11-04,5.790333333333334
461,2011-11-05,5.828333333333333
462,2011-11-06,6.301666666666667
463,2011-11-07,5.9863333333333335
464,2011-11-08,6.178666666666666
465,2011-11-09,5.441333333333334
466,2011-11-10,5.770333333333333
467,2011-11-11,6.143999999999999
468,2011-11-12,5.993333333333333
469,2011-11-13,5.816333333333333
470,2011-11-14,6.236666666666667
471,2011-11-15,5.813666666666666
472,2011-11-16,5.762999999999999
473,2011-11-17,5.796666666666667
474,2011-11-18,5.8870000000000005
475,2011-11-19,5.826666666666667
476,2011-11-20,6.348333333333334
477,2011-11-21,5.889666666666667
478,2011-11-22,5.965333333333334
479,2011-11-23,5.890333333333333
480,2011-11-24,6.293333333333333
481,2011-11-25,5.512999999999999
482,2011-11-26,5.402666666666666
483,2011-11-27,5.892666666666667
484,2011-11-28,5.939666666666667
485,2011-11-29,5.907333333333334
486,2011-11-30,5.685666666666667
487,2011-12-01,5.954000000000001
488,2011-12-02,6.149333333333334
489,2011-12-03,5.799666666666667
490,2011-12-04,5.876333333333332
491,2011-12-05,5.861999999999999
492,2011-12-06,5.691333333333333
493,2011-12-07,5.847999999999999
494,2011-12-08,5.805
495,2011-12-09,5.395333333333333
496,2011-12-10,5.503333333333334
497,2011-12-11,5.479333333333333
498,2011-12-12,5.829
499,2011-12-13,5.3936666666666655
500,2011-12-14,5.498
501,2011-12-15,5.778
502,2011-12-16,5.373
503,2011-12-17,5.562666666666668
504,2011-12-18,5.532333333333333
505,2011-12-19,5.364
506,2011-12-20,5.598333333333334
507,2011-12-21,5.684333333333334
508,2011-12-22,5.648666666666666
509,2011-12-23,6.028333333333333
510,2011-12-24,5.980999999999999
511,2011-12-25,5.468666666666667
512,2011-12-26,5.684666666666668
513,2011-12-27,5.6706666666666665
514,2011-12-28,5.929333333333333
515,2011-12-29,5.9433333333333325
516,2011-12-30,5.684333333333334
517,2011-12-31,5.651
518,2012-01-01,5.709
519,2012-01-02,5.6129999999999995
520,2012-01-03,6.136333333333333
521,2012-01-04,6.0376666666666665
522,2012-01-05,5.75
523,2012-01-06,5.483666666666667
524,2012-01-07,6.026666666666666
525,2012-01-08,5.936
526,2012-01-09,5.5760000000000005
527,2012-01-10,5.609000000000001
528,2012-01-11,5.506333333333334
529,2012-01-12,5.993333333333332
530,2012-01-13,5.003666666666667
531,2012-01-14,5.444
532,2012-01-15,5.372333333333334
533,2012-01-16,5.649666666666666
534,2012-01-17,5.537333333333334
535,2012-01-18,5.689666666666667
536,2012-01-19,5.418333333333334
537,2012-01-20,5.696666666666666
538,2012-01-21,5.88
539,2012-01-22,6.051666666666667
540,2012-01-23,6.083333333333333
541,2012-01-24,5.7620000000000005
542,2012-01-25,6.834333333333333
543,2012-01-26,5.813333333333333
544,2012-01-27,6.060666666666667
545,2012-01-28,6.094
546,2012-01-29,6.057666666666667
547,2012-01-30,6.4606666666666674
548,2012-01-31,5.84
549,2012-02-01,5.9799999999999995
550,2012-02-02,5.856999999999999
551,2012-02-03,5.9559999999999995
552,2012-02-04,5.572333333333333
553,2012-02-05,5.971666666666667
554,2012-02-06,5.753666666666667
555,2012-02-07,5.805666666666667
556,2012-02-08,5.777000000000001
557,2012-02-09,5.803999999999999
558,2012-02-10,5.722333333333334
559,2012-02-11,5.753
560,2012-02-12,5.637666666666665
561,2012-02-13,5.976666666666667
562,2012-02-14,5.830666666666667
563,2012-02-15,5.982666666666667
564,2012-02-16,5.855666666666667
565,2012-02-17,5.7476666666666665
566,2012-02-18,5.684666666666668
567,2012-02-19,5.572
568,2012-02-20,5.636
569,2012-02-21,5.872
570,2012-02-22,5.946333333333333
571,2012-02-23,6.001333333333332
572,2012-02-24,5.737666666666667
573,2012-02-25,5.5986666666666665
574,2012-02-26,5.588
575,2012-02-27,5.831666666666667
576,2012-02-28,5.821333333333334
577,2012-02-29,5.686
578,2012-03-01,5.515000000000001
579,2012-03-02,5.720666666666666
580,2012-03-03,5.678666666666667
581,2012-03-04,5.721999999999999
582,2012-03-05,5.741333333333333
583,2012-03-06,5.974333333333333
584,2012-03-07,5.555
585,2012-03-08,5.810333333333333
586,2012-03-09,5.778666666666666
587,2012-03-10,5.610333333333333
588,2012-03-11,5.591
589,2012-03-12,6.118666666666667
590,2012-03-13,5.732333333333333
591,2012-03-14,5.836666666666667
592,2012-03-15,5.812
593,2012-03-16,6.166333333333333
594,2012-03-17,5.546333333333334
595,2012-03-18,5.968
596,2012-03-19,5.854666666666667
597,2012-03-20,5.823666666666667
598,2012-03-21,5.7043333333333335
599,2012-03-22,6.223
600,2012-03-23,5.914666666666666
601,2012-03-24,5.585333333333334
602,2012-03-25,5.945666666666668
603,2012-03-26,5.78
604,2012-03-27,6.267333333333333
605,2012-03-28,6.459
606,2012-03-29,5.899
607,2012-03-30,5.608
608,2012-03-31,6.078
609,2012-04-01,6.115666666666667
610,2012-04-02,6.072666666666667
611,2012-04-03,5.892
612,2012-04-04,5.675333333333334
613,2012-04-05,6.048666666666667
614,2012-04-06,5.956333333333333
615,2012-04-07,5.6066666666666665
616,2012-04-08,5.750333333333333
617,2012-04-09,5.564333333333334
618,2012-04-10,5.723333333333334
619,2012-04-11,5.711333333333333
620,2012-04-12,5.836666666666666
621,2012-04-13,6.109666666666667
622,2012-04-14,5.594333333333334
623,2012-04-15,6.027666666666666
624,2012-04-16,6.152666666666666
625,2012-04-17,5.816333333333333
626,2012-04-18,5.599999999999999
627,2012-04-19,5.71
628,2012-04-20,6.419666666666667
629,2012-04-21,5.4476666666666675
630,2012-04-22,5.7606666666666655
631,2012-04-23,5.753333333333333
632,2012-04-24,5.775666666666666
633,2012-04-25,5.782333333333334
634,2012-04-26,6.440333333333332
635,2012-04-27,5.886666666666667
636,2012-04-28,5.499666666666667
637,2012-04-29,5.736333333333334
638,2012-04-30,5.933
639,2012-05-01,6.269666666666666
640,2012-05-02,5.500333333333334
641,2012-05-03,5.942333333333334
642,2012-05-04,5.811
643,2012-05-05,5.933333333333334
644,2012-05-06,5.867999999999999
645,2012-05-07,6.111999999999999
646,2012-05-08,6.12
647,2012-05-09,5.871666666666667
648,2012-05-10,5.932666666666667
649,2012-05-11,6.116333333333333
650,2012-05-12,6.136666666666667
651,2012-05-13,5.6706666666666665
652,2012-05-14,6.230333333333334
653,2012-05-15,5.787333333333334
654,2012-05-16,5.981999999999999
655,2012-05-17,5.683
656,2012-05-18,5.825666666666667
657,2012-05-19,5.925333333333334
658,2012-05-20,6.229666666666667
659,2012-05-21,5.636666666666667
660,2012-05-22,5.703
661,2012-05-23,5.782666666666667
662,2012-05-24,6.129333333333334
663,2012-05-25,5.696666666666666
664,2012-05-26,6.239999999999999
665,2012-05-27,5.690333333333332
666,2012-05-28,5.485666666666667
667,2012-05-29,5.858666666666667
668,2012-05-30,5.796333333333333
669,2012-05-31,5.796333333333333
670,2012-06-01,5.761
671,2012-06-02,6.147666666666666
672,2012-06-03,5.816
673,2012-06-04,5.682333333333333
674,2012-06-05,5.347
675,2012-06-06,6.0
676,2012-06-07,5.801666666666666
677,2012-06-08,5.743666666666667
678,2012-06-09,6.096666666666667
679,2012-06-10,5.666666666666667
680,2012-06-11,5.7556666666666665
681,2012-06-12,5.386
682,2012-06-13,5.741333333333333
683,2012-06-14,5.882000000000001
684,2012-06-15,5.608999999999999
685,2012-06-16,5.822
686,2012-06-17,5.801333333333333
687,2012-06-18,5.441333333333334
688,2012-06-19,5.794333333333334
689,2012-06-20,5.384333333333333
690,2012-06-21,5.8693333333333335
691,2012-06-22,5.599666666666667
692,2012-06-23,5.841333333333334
693,2012-06-24,5.412333333333334
694,2012-06-25,5.768
695,2012-06-26,5.517333333333333
696,2012-06-27,5.567333333333333
697,2012-06-28,5.817333333333333
698,2012-06-29,5.770666666666666
699,2012-06-30,5.618666666666667
700,2012-07-01,5.767333333333333
701,2012-07-02,5.3580000000000005
702,2012-07-03,5.726333333333334
703,2012-07-04,5.770666666666667
704,2012-07-05,5.612333333333333
705,2012-07-06,5.597
706,2012-07-07,5.846333333333334
707,2012-07-08,5.4013333333333335
708,2012-07-09,5.781666666666666
709,2012-07-10,5.358666666666667
710,2012-07-11,5.509666666666667
711,2012-07-12,5.576333333333333
712,2012-07-13,5.809
713,2012-07-14,5.864999999999999
714,2012-07-15,5.310666666666667
715,2012-07-16,5.262666666666667
716,2012-07-17,5.975333333333334
717,2012-07-18,6.0120000000000005
718,2012-07-19,5.663666666666667
719,2012-07-20,5.63
720,2012-07-21,5.5
721,2012-07-22,5.373
722,2012-07-23,5.712666666666667
723,2012-07-24,5.331
724,2012-07-25,5.483999999999999
725,2012-07-26,5.625
726,2012-07-27,5.555666666666666
727,2012-07-28,5.573333333333333
728,2012-07-29,5.268666666666667
729,2012-07-30,5.797
730,2012-07-31,5.354333333333334
731,2012-08-01,5.514666666666667
732,2012-08-02,5.513333333333333
733,2012-08-03,5.557333333333333
734,2012-08-04,5.844
735,2012-08-05,5.427333333333333
736,2012-08-06,5.9173333333333344
737,2012-08-07,5.386666666666667
738,2012-08-08,5.605999999999999
739,2012-08-09,5.567
740,2012-08-10,5.283333333333334
741,2012-08-11,5.592
742,2012-08-12,5.842666666666666
743,2012-08-13,5.827333333333333
744,2012-08-14,5.0360000000000005
745,2012-08-15,5.609000000000001
746,2012-08-16,5.843666666666667
747,2012-08-17,5.484333333333335
748,2012-08-18,5.5906666666666665
749,2012-08-19,5.791666666666667
750,2012-08-20,5.463333333333334
751,2012-08-21,5.578
752,2012-08-22,5.554666666666666
753,2012-08-23,5.702333333333333
754,2012-08-24,5.722666666666666
755,2012-08-25,5.884333333333333
756,2012-08-26,5.880333333333333
757,2012-08-27,5.796666666666667
758,2012-08-28,5.635333333333333
759,2012-08-29,5.437333333333334
760,2012-08-30,6.068333333333334
761,2012-08-31,5.895333333333333
762,2012-09-01,5.729666666666667
763,2012-09-02,5.273666666666666
764,2012-09-03,5.844
765,2012-09-04,5.416333333333334
766,2012-09-05,5.922666666666667
767,2012-09-06,5.796
768,2012-09-07,5.722666666666666
769,2012-09-08,5.748666666666666
770,2012-09-09,5.906
771,2012-09-10,5.671
772,2012-09-11,5.933
773,2012-09-12,5.842
774,2012-09-13,5.747333333333333
775,2012-09-14,5.645666666666666
776,2012-09-15,5.673333333333333
777,2012-09-16,6.132666666666666
778,2012-09-17,5.7123333333333335
779,2012-09-18,5.503333333333333
780,2012-09-19,5.554666666666667
781,2012-09-20,5.847333333333334
782,2012-09-21,5.743666666666667
783,2012-09-22,5.9270000000000005
784,2012-09-23,5.4013333333333335
785,2012-09-24,5.711333333333333
786,2012-09-25,6.067
787,2012-09-26,5.355999999999999
788,2012-09-27,5.183666666666666
789,2012-09-28,5.450333333333333
790,2012-09-29,5.969000000000001
791,2012-09-30,5.624666666666666
792,2012-10-01,5.681
793,2012-10-02,5.745
794,2012-10-03,5.550666666666667
795,2012-10-04,5.5136666666666665
796,2012-10-05,5.696666666666666
797,2012-10-06,5.584666666666667
798,2012-10-07,5.531333333333333
799,2012-10-08,5.718666666666667
800,2012-10-09,5.581
801,2012-10-10,4.819
802,2012-10-11,5.576666666666665
803,2012-10-12,5.970666666666666
804,2012-10-13,5.458333333333333
805,2012-10-14,5.866333333333333
806,2012-10-15,5.632000000000001
807,2012-10-16,5.765333333333333
808,2012-10-17,5.458333333333333
809,2012-10-18,5.809666666666668
810,2012-10-19,5.659666666666666
811,2012-10-20,5.892
812,2012-10-21,5.499666666666666
813,2012-10-22,6.021333333333334
814,2012-10-23,5.576999999999999
815,2012-10-24,5.727
816,2012-10-25,5.338666666666666
817,2012-10-26,5.688
818,2012-10-27,5.722333333333334
819,2012-10-28,5.745333333333334
820,2012-10-29,5.995666666666666
821,2012-10-30,5.769666666666667
822,2012-10-31,5.610333333333334
823,2012-11-01,5.399333333333334
824,2012-11-02,5.593
825,2012-11-03,5.786666666666666
826,2012-11-04,6.283
827,2012-11-05,5.906666666666666
828,2012-11-06,5.4319999999999995
829,2012-11-07,5.552
830,2012-11-08,5.5793333333333335
831,2012-11-09,5.71
832,2012-11-10,5.591666666666666
833,2012-11-11,5.730999999999999
834,2012-11-12,5.788
835,2012-11-13,5.734666666666667
836,2012-11-14,5.687666666666666
837,2012-11-15,5.5873333333333335
838,2012-11-16,5.453333333333333
839,2012-11-17,5.7989999999999995
840,2012-11-18,5.779666666666667
841,2012-11-19,5.696000000000001
842,2012-11-20,5.841
843,2012-11-21,5.844666666666666
844,2012-11-22,5.909333333333333
845,2012-11-23,5.435666666666666
846,2012-11-24,5.631333333333333
847,2012-11-25,5.733999999999999
848,2012-11-26,5.846333333333334
849,2012-11-27,5.904
850,2012-11-28,5.858333333333333
851,2012-11-29,5.739666666666667
852,2012-11-30,6.085666666666666
853,2012-12-01,6.172333333333334
854,2012-12-02,6.544666666666667
855,2012-12-03,6.222333333333334
856,2012-12-04,6.1819999999999995
857,2012-12-05,6.001333333333334
858,2012-12-06,6.478999999999999
859,2012-12-07,6.1626666666666665
860,2012-12-08,6.345666666666666
861,2012-12-09,6.085999999999999
862,2012-12-10,6.155666666666666
863,2012-12-11,5.925
864,2012-12-12,6.261666666666667
865,2012-12-13,5.858999999999999
866,2012-12-14,5.842
867,2012-12-15,6.116
868,2012-12-16,5.969
869,2012-12-17,6.173666666666667
870,2012-12-18,5.656
871,2012-12-19,5.682333333333332
872,2012-12-20,5.956
873,2012-12-21,5.953
874,2012-12-22,6.2843333333333335
875,2012-12-23,6.527
876,2012-12-24,6.601999999999999
877,2012-12-25,6.479666666666667
878,2012-12-26,6.545333333333335
879,2012-12-27,6.7989999999999995
880,2012-12-28,6.399666666666666
881,2012-12-29,6.533333333333334
882,2012-12-30,6.339333333333333
883,2012-12-31,6.277
884,2013-01-01,6.080000000000001
885,2013-01-02,6.232666666666667
886,2013-01-03,6.178
887,2013-01-04,6.243666666666667
888,2013-01-05,6.304666666666667
889,2013-01-06,6.562333333333334
890,2013-01-07,6.455000000000001
891,2013-01-08,6.415333333333334
892,2013-01-09,6.470999999999999
893,2013-01-10,6.125333333333333
894,2013-01-11,6.470666666666666
895,2013-01-12,6.554666666666667
896,2013-01-13,6.380333333333333
897,2013-01-14,6.392
898,2013-01-15,5.895666666666666
899,2013-01-16,6.1066666666666665
900,2013-01-17,6.169666666666667
901,2013-01-18,6.1209999999999996
902,2013-01-19,6.233666666666667
903,2013-01-20,6.455333333333333
904,2013-01-21,5.9126666666666665
905,2013-01-22,5.9959999999999996
906,2013-01-23,5.792333333333333
907,2013-01-24,5.999
908,2013-01-25,5.709666666666667
909,2013-01-26,6.261333333333333
910,2013-01-27,5.672999999999999
911,2013-01-28,6.140666666666665
912,2013-01-29,6.021333333333334
913,2013-01-30,5.6176666666666675
914,2013-01-31,5.894000000000001
915,2013-02-01,5.663666666666667
916,2013-02-02,6.186666666666667
917,2013-02-03,6.181666666666666
918,2013-02-04,6.014333333333333
919,2013-02-05,5.700333333333333
920,2013-02-06,6.031
921,2013-02-07,5.962
922,2013-02-08,5.916666666666667
923,2013-02-09,6.254666666666668
924,2013-02-10,6.156
925,2013-02-11,6.214333333333333
926,2013-02-12,5.950333333333333
927,2013-02-13,5.826666666666667
928,2013-02-14,5.872
929,2013-02-15,5.947
930,2013-02-16,5.8389999999999995
931,2013-02-17,5.8500000000000005
932,2013-02-18,5.9510000000000005
933,2013-02-19,6.199333333333333
934,2013-02-20,5.984333333333333
935,2013-02-21,5.872333333333334
936,2013-02-22,5.869666666666667
937,2013-02-23,6.026
938,2013-02-24,5.9013333333333335
939,2013-02-25,5.9319999999999995
940,2013-02-26,5.637666666666667
941,2013-02-27,8.48
942,2013-02-28,8.175
943,2013-03-01,5.810666666666667
944,2013-03-02,5.969
945,2013-03-03,5.7250000000000005
946,2013-03-04,5.790333333333333
947,2013-03-05,5.751666666666666
948,2013-03-06,5.941
949,2013-03-07,5.9799999999999995
950,2013-03-08,6.0683333333333325
951,2013-03-09,5.340333333333334
952,2013-03-10,5.659666666666666
953,2013-03-11,5.9159999999999995
954,2013-03-12,5.811333333333334
955,2013-03-13,5.832
956,2013-03-14,6.028
957,2013-03-15,5.668666666666667
958,2013-03-16,5.925999999999999
959,2013-03-17,6.0
960,2013-03-18,5.8743333333333325
961,2013-03-19,5.888333333333333
962,2013-03-20,5.819666666666667
963,2013-03-21,5.916666666666667
964,2013-03-22,5.990666666666667
965,2013-03-23,5.883333333333333
966,2013-03-24,6.1643333333333326
967,2013-03-25,5.792666666666666
968,2013-03-26,5.9396666666666675
969,2013-03-27,5.885000000000001
970,2013-03-28,5.802666666666666
971,2013-03-29,6.088666666666668
972,2013-03-30,5.866666666666667
973,2013-03-31,6.155666666666666
974,2013-04-01,6.095666666666666
975,2013-04-02,6.260333333333333
976,2013-04-03,6.038333333333334
977,2013-04-04,6.356333333333333
978,2013-04-05,5.973333333333334
979,2013-04-06,6.683
980,2013-04-07,6.413666666666667
981,2013-04-08,6.157333333333333
982,2013-04-09,6.121333333333333
983,2013-04-10,5.9013333333333335
984,2013-04-11,6.089333333333333
985,2013-04-12,5.96
986,2013-04-13,5.874666666666666
987,2013-04-14,6.181333333333334
988,2013-04-15,6.009666666666667
989,2013-04-16,5.996666666666666
990,2013-04-17,5.914666666666666
991,2013-04-18,5.930000000000001
992,2013-04-19,5.966666666666666
993,2013-04-20,5.768666666666667
994,2013-04-21,5.979666666666667
995,2013-04-22,6.107333333333333
996,2013-04-23,5.888333333333333
997,2013-04-24,5.7876666666666665
998,2013-04-25,5.977333333333334
999,2013-04-26,5.859666666666667
1000,2013-04-27,6.115333333333333
1001,2013-04-28,5.945333333333333
1002,2013-04-29,6.028333333333333
1003,2013-04-30,5.8423333333333325
1004,2013-05-01,5.892666666666667
1005,2013-05-02,5.954999999999999
1006,2013-05-03,5.613333333333333
1007,2013-05-04,6.006
1008,2013-05-05,5.992333333333332
1009,2013-05-06,5.179333333333333
1010,2013-05-07,6.586333333333333
1011,2013-05-08,5.766333333333333
1012,2013-05-09,5.584
1013,2013-05-10,5.809
1014,2013-05-11,5.6209999999999996
1015,2013-05-12,5.8
1016,2013-05-13,5.7973333333333334
1017,2013-05-14,5.850666666666666
1018,2013-05-15,5.585999999999999
1019,2013-05-16,5.53
1020,2013-05-17,5.45
1021,2013-05-18,5.917000000000001
1022,2013-05-19,5.891333333333333
1023,2013-05-20,6.006666666666667
1024,2013-05-21,5.817666666666667
1025,2013-05-22,5.361666666666667
1026,2013-05-23,5.658
1027,2013-05-24,5.670000000000001
1028,2013-05-25,5.897333333333333
1029,2013-05-26,5.606000000000001
1030,2013-05-27,5.744
1031,2013-05-28,5.683
1032,2013-05-29,5.631333333333334
1033,2013-05-30,5.487666666666667
1034,2013-05-31,5.855999999999999
1035,2013-06-01,5.9879999999999995
1036,2013-06-02,5.815333333333332
1037,2013-06-03,5.802
1038,2013-06-04,5.800333333333334
1039,2013-06-05,5.578
1040,2013-06-06,5.689666666666667
1041,2013-06-07,5.671333333333333
1042,2013-06-08,5.48
1043,2013-06-09,5.660333333333333
1044,2013-06-10,5.592
1045,2013-06-11,5.663666666666667
1046,2013-06-12,5.563666666666666
1047,2013-06-13,5.387
1048,2013-06-14,5.563333333333333
1049,2013-06-15,5.517333333333333
1050,2013-06-16,5.413
1051,2013-06-17,5.425333333333334
1052,2013-06-18,5.501333333333334
1053,2013-06-19,5.323333333333333
1054,2013-06-20,5.367999999999999
1055,2013-06-21,5.402
1056,2013-06-22,5.531
1057,2013-06-23,5.446333333333333
1058,2013-06-24,5.5776666666666666
1059,2013-06-25,5.507000000000001
1060,2013-06-26,5.63
1061,2013-06-27,5.341666666666666
1062,2013-06-28,5.675
1063,2013-06-29,5.7026666666666666
1064,2013-06-30,5.644666666666666
1065,2013-07-01,5.73
1066,2013-07-02,5.7620000000000005
1067,2013-07-03,5.6209999999999996
1068,2013-07-04,5.701333333333333
1069,2013-07-05,5.544666666666667
1070,2013-07-06,5.730333333333333
1071,2013-07-07,5.627666666666666
1072,2013-07-08,5.767666666666666
1073,2013-07-09,6.1383333333333345
1074,2013-07-10,5.3389999999999995
1075,2013-07-11,5.557666666666666
1076,2013-07-12,5.573333333333333
1077,2013-07-13,5.736999999999999
1078,2013-07-14,5.468333333333333
1079,2013-07-15,5.580333333333333
1080,2013-07-16,5.599333333333334
1081,2013-07-17,5.596
1082,2013-07-18,5.454666666666665
1083,2013-07-19,5.857666666666666
1084,2013-07-20,5.7476666666666665
1085,2013-07-21,5.484000000000001
1086,2013-07-22,5.622
1087,2013-07-23,5.666333333333333
1088,2013-07-24,5.5569999999999995
1089,2013-07-25,5.510000000000001
1090,2013-07-26,5.737666666666666
1091,2013-07-27,5.600666666666666
1092,2013-07-28,5.141666666666667
1093,2013-07-29,5.044333333333333
1094,2013-07-30,5.082333333333334
1095,2013-07-31,5.509999999999999
1096,2013-08-01,5.332333333333334
1097,2013-08-02,5.696000000000001
1098,2013-08-03,5.5906666666666665
1099,2013-08-04,5.344333333333334
1100,2013-08-05,5.440666666666666
1101,2013-08-06,5.3293333333333335
1102,2013-08-07,5.542666666666666
1103,2013-08-08,5.3566666666666665
1104,2013-08-09,5.531666666666667
1105,2013-08-10,5.514
1106,2013-08-11,5.4943333333333335
1107,2013-08-12,5.675333333333334
1108,2013-08-13,5.785333333333333
1109,2013-08-14,5.557666666666666
1110,2013-08-15,5.532333333333334
1111,2013-08-16,5.535333333333333
1112,2013-08-17,5.88
1113,2013-08-18,6.019666666666667
1114,2013-08-19,6.024
1115,2013-08-20,5.8503333333333325
1116,2013-08-21,5.6496666666666675
1117,2013-08-22,5.7266666666666675
1118,2013-08-23,5.771333333333332
1119,2013-08-24,6.0760000000000005
1120,2013-08-25,5.896666666666667
1121,2013-08-26,5.845666666666666
1122,2013-08-27,5.771
1123,2013-08-28,5.3726666666666665
1124,2013-08-29,5.635333333333334
1125,2013-08-30,5.821333333333333
1126,2013-08-31,5.8629999999999995
1127,2013-09-01,5.553000000000001
1128,2013-09-02,5.810666666666666
1129,2013-09-03,5.383
1130,2013-09-04,5.2860000000000005
1131,2013-09-05,5.079666666666667
1132,2013-09-06,5.191
1133,2013-09-07,5.282666666666667
1134,2013-09-08,5.556333333333334
1135,2013-09-09,5.393666666666667
1136,2013-09-10,5.3276666666666666
1137,2013-09-11,5.022666666666667
1138,2013-09-12,5.402000000000001
1139,2013-09-13,5.2523333333333335
1140,2013-09-14,5.190333333333333
1141,2013-09-15,5.494
1142,2013-09-16,5.413
1143,2013-09-17,5.269333333333334
1144,2013-09-18,5.190333333333333
1145,2013-09-19,5.3069999999999995
1146,2013-09-20,5.111666666666667
1147,2013-09-21,5.455333333333333
1148,2013-09-22,5.562
1149,2013-09-23,5.41
1150,2013-09-24,5.495333333333334
1151,2013-09-25,5.265666666666667
1152,2013-09-26,5.251333333333333
1153,2013-09-27,5.362000000000001
1154,2013-09-28,5.329666666666666
1155,2013-09-29,5.247
1156,2013-09-30,5.401
1157,2013-10-01,5.315
1158,2013-10-02,5.454
1159,2013-10-03,5.017
1160,2013-10-04,5.380333333333333
1161,2013-10-05,5.3309999999999995
1162,2013-10-06,4.974666666666667
1163,2013-10-07,5.478666666666666
1164,2013-10-08,5.282333333333334
1165,2013-10-09,5.372
1166,2013-10-10,5.351333333333334
1167,2013-10-11,5.341333333333332
1168,2013-10-12,5.232
1169,2013-10-13,5.355
1170,2013-10-14,5.756333333333333
1171,2013-10-15,6.095666666666666
1172,2013-10-16,5.983999999999999
1173,2013-10-17,5.977
1174,2013-10-18,5.771666666666667
1175,2013-10-19,5.648
1176,2013-10-20,6.053
1177,2013-10-21,5.670666666666666
1178,2013-10-22,5.919333333333334
1179,2013-10-23,5.809333333333334
1180,2013-10-24,5.747
1181,2013-10-25,5.969333333333334
1182,2013-10-26,5.965666666666667
1183,2013-10-27,6.213000000000001
1184,2013-10-28,5.806333333333334
1185,2013-10-29,5.8790000000000004
1186,2013-10-30,6.0409999999999995
1187,2013-10-31,5.732333333333333
1188,2013-11-01,5.786666666666666
1189,2013-11-02,5.748666666666668
1190,2013-11-03,6.420999999999999
1191,2013-11-04,6.044999999999999
1192,2013-11-05,5.839333333333333
1193,2013-11-06,5.679666666666667
1194,2013-11-07,5.846333333333334
1195,2013-11-08,5.878
1196,2013-11-09,5.751
1197,2013-11-10,5.571000000000001
1198,2013-11-11,5.902000000000001
1199,2013-11-12,6.172
1200,2013-11-13,6.082000000000001
1201,2013-11-14,6.198333333333333
1202,2013-11-15,5.914666666666666
1203,2013-11-16,5.706
1204,2013-11-17,5.935666666666666
1205,2013-11-18,5.976666666666667
1206,2013-11-19,5.947333333333334
1207,2013-11-20,5.907333333333334
1208,2013-11-21,6.283
1209,2013-11-22,6.265999999999999
1210,2013-11-23,6.205666666666667
1211,2013-11-24,6.0680000000000005
1212,2013-11-25,6.135333333333333
1213,2013-11-26,6.150333333333333
1214,2013-11-27,6.164999999999999
1215,2013-11-28,6.264
1216,2013-11-29,5.9173333333333344
1217,2013-11-30,5.796333333333333
1218,2013-12-01,6.021999999999999
1219,2013-12-02,6.127
1220,2013-12-03,6.1290000000000004
1221,2013-12-04,5.611666666666667
1222,2013-12-05,5.919333333333333
1223,2013-12-06,6.046333333333334
1224,2013-12-07,5.604
1225,2013-12-08,6.067
1226,2013-12-09,6.074000000000001
1227,2013-12-10,5.999333333333333
1228,2013-12-11,6.0360000000000005
1229,2013-12-12,6.106000000000001
1230,2013-12-13,5.920333333333333
1231,2013-12-14,5.984333333333333
1232,2013-12-15,6.0456666666666665
1233,2013-12-16,5.997333333333334
1234,2013-12-17,5.916999999999999
1235,2013-12-18,5.930666666666667
1236,2013-12-19,5.991
1237,2013-12-20,5.928666666666667
1238,2013-12-21,5.912333333333333
1239,2013-12-22,5.825333333333333
1240,2013-12-23,5.950333333333333
1241,2013-12-24,6.186
1242,2013-12-25,5.756333333333333
1243,2013-12-26,6.002
1244,2013-12-27,5.608
1245,2013-12-28,6.347333333333334
1246,2013-12-29,6.0056666666666665
1247,2013-12-30,5.549666666666667
1248,2013-12-31,6.231000000000001
1249,2014-01-01,5.664666666666666
1250,2014-01-02,5.167000000000001
1251,2014-01-03,6.587000000000001
1252,2014-01-04,5.946000000000001
1253,2014-01-05,6.014666666666667
1254,2014-01-06,5.991666666666666
1255,2014-01-07,5.805
1256,2014-01-08,5.922333333333334
1257,2014-01-09,5.547666666666667
1258,2014-01-10,5.911666666666666
1259,2014-01-11,5.8503333333333325
1260,2014-01-12,6.198666666666667
1261,2014-01-13,5.949333333333333
1262,2014-01-14,5.755333333333333
1263,2014-01-15,5.833666666666667
1264,2014-01-16,5.599333333333333
1265,2014-01-17,5.875
1266,2014-01-18,5.988333333333333
1267,2014-01-19,5.900333333333333
1268,2014-01-20,5.748666666666668
1269,2014-01-21,5.842333333333333
1270,2014-01-22,5.625666666666667
1271,2014-01-23,5.684666666666668
1272,2014-01-24,5.907666666666667
1273,2014-01-25,5.999666666666666
1274,2014-01-26,5.857333333333333
1275,2014-01-27,6.086333333333333
1276,2014-01-28,5.581333333333333
1277,2014-01-29,5.778
1278,2014-01-30,5.912333333333334
1279,2014-01-31,5.949000000000001
1280,2014-02-01,5.933666666666667
1281,2014-02-02,6.1113333333333335
1282,2014-02-03,6.024
1283,2014-02-04,5.844
1284,2014-02-05,5.814333333333334
1285,2014-02-06,6.019333333333333
1286,2014-02-07,5.997666666666667
1287,2014-02-08,6.063666666666667
1288,2014-02-09,6.021
1289,2014-02-10,6.010666666666666
1290,2014-02-11,5.844333333333334
1291,2014-02-12,5.733
1292,2014-02-13,6.148000000000001
1293,2014-02-14,5.993333333333333
1294,2014-02-15,5.986666666666667
1295,2014-02-16,5.685
1296,2014-02-17,6.242333333333334
1297,2014-02-18,6.104333333333334
1298,2014-02-19,5.640000000000001
1299,2014-02-20,5.810666666666667
1300,2014-02-21,5.861666666666667
1301,2014-02-22,5.97
1302,2014-02-23,5.995
1303,2014-02-24,5.908666666666666
1304,2014-02-25,5.809
1305,2014-02-26,5.530333333333334
1306,2014-02-27,5.991666666666667
1307,2014-02-28,6.502
1308,2014-03-01,6.607333333333334
1309,2014-03-02,6.347999999999999
1310,2014-03-03,6.272666666666666
1311,2014-03-04,6.221333333333334
1312,2014-03-05,6.178333333333334
1313,2014-03-06,6.073
1314,2014-03-07,6.1659999999999995
1315,2014-03-08,6.344666666666666
1316,2014-03-09,5.911333333333334
1317,2014-03-10,6.133
1318,2014-03-11,6.168666666666667
1319,2014-03-12,6.060666666666667
1320,2014-03-13,6.036666666666666
1321,2014-03-14,5.987333333333333
1322,2014-03-15,5.909
1323,2014-03-16,5.696333333333333
1324,2014-03-17,5.971666666666667
1325,2014-03-18,5.7636666666666665
1326,2014-03-19,5.761666666666667
1327,2014-03-20,5.849666666666667
1328,2014-03-21,5.664666666666666
1329,2014-03-22,6.005333333333333
1330,2014-03-23,5.875666666666667
1331,2014-03-24,5.885000000000001
1332,2014-03-25,6.044333333333334
1333,2014-03-26,5.916333333333334
1334,2014-03-27,6.053666666666667
1335,2014-03-28,5.8389999999999995
1336,2014-03-29,5.985666666666666
1337,2014-03-30,6.044666666666667
1338,2014-03-31,6.2860000000000005
1339,2014-04-01,6.080333333333333
1340,2014-04-02,6.120666666666666
1341,2014-04-03,6.056666666666666
1342,2014-04-04,6.094666666666666
1343,2014-04-05,6.149666666666666
1344,2014-04-06,6.031333333333333
1345,2014-04-07,6.4173333333333344
1346,2014-04-08,5.729333333333333
1347,2014-04-09,6.1816666666666675
1348,2014-04-10,5.9173333333333344
1349,2014-04-11,5.931333333333334
1350,2014-04-12,6.149666666666666
1351,2014-04-13,6.064
1352,2014-04-14,6.038666666666667
1353,2014-04-15,6.161333333333334
1354,2014-04-16,6.147666666666667
1355,2014-04-17,6.1690000000000005
1356,2014-04-18,5.748666666666666
1357,2014-04-19,6.128
1358,2014-04-20,5.709333333333333
1359,2014-04-21,5.894000000000001
1360,2014-04-22,5.73
1361,2014-04-23,5.848333333333334
1362,2014-04-24,5.920333333333333
1363,2014-04-25,6.104
1364,2014-04-26,6.209
1365,2014-04-27,6.564
1366,2014-04-28,6.266000000000001
1367,2014-04-29,5.908
1368,2014-04-30,6.044666666666667
1369,2014-05-01,7.0295
1370,2014-05-02,5.8196666666666665
1371,2014-05-03,6.239666666666667
1372,2014-05-04,6.056333333333334
1373,2014-05-05,6.173666666666667
1374,2014-05-06,5.979
1375,2014-05-07,6.069333333333333
1376,2014-05-08,6.019333333333333
1377,2014-05-09,5.966
1378,2014-05-10,6.178
1379,2014-05-11,5.973
1380,2014-05-12,6.277333333333334
1381,2014-05-13,5.939
1382,2014-05-14,5.516666666666667
1383,2014-05-15,5.9303333333333335
1384,2014-05-16,5.683333333333334
1385,2014-05-17,5.989
1386,2014-05-18,5.968
1387,2014-05-19,5.968666666666667
1388,2014-05-20,5.766666666666667
1389,2014-05-21,5.841666666666666
1390,2014-05-22,5.687333333333332
1391,2014-05-23,6.091333333333334
1392,2014-05-24,5.838333333333334
1393,2014-05-25,5.623
1394,2014-05-26,5.938
1395,2014-05-27,6.0393333333333326
1396,2014-05-28,5.847999999999999
1397,2014-05-29,5.645333333333333
1398,2014-05-30,5.633333333333333
1399,2014-05-31,6.0200000000000005
1400,2014-06-01,5.856333333333333
1401,2014-06-02,5.94
1402,2014-06-03,5.517
1403,2014-06-04,5.569333333333333
1404,2014-06-05,5.811
1405,2014-06-06,5.998
1406,2014-06-07,5.761
1407,2014-06-08,5.857333333333334
1408,2014-06-09,5.5
1409,2014-06-10,5.435333333333333
1410,2014-06-11,5.605333333333334
1411,2014-06-12,5.636666666666667
1412,2014-06-13,5.543
1413,2014-06-14,5.757666666666666
1414,2014-06-15,5.605333333333334
1415,2014-06-16,5.602666666666667
1416,2014-06-17,5.438
1417,2014-06-18,5.541
1418,2014-06-19,5.596333333333334
1419,2014-06-20,5.663666666666667
1420,2014-06-21,5.742333333333334
1421,2014-06-22,5.6290000000000004
1422,2014-06-23,5.666666666666667
1423,2014-06-24,5.732
1424,2014-06-25,5.422666666666667
1425,2014-06-26,5.738666666666667
1426,2014-06-27,5.614
1427,2014-06-28,5.8726666666666665
1428,2014-06-29,5.584666666666666
1429,2014-06-30,5.685333333333333
1430,2014-07-01,5.385000000000001
1431,2014-07-02,5.817666666666668
1432,2014-07-03,5.486
1433,2014-07-04,5.572666666666667
1434,2014-07-05,5.364666666666666
1435,2014-07-06,5.590666666666667
1436,2014-07-07,5.539000000000001
1437,2014-07-08,5.355666666666667
1438,2014-07-09,5.696333333333333
1439,2014-07-10,5.005333333333333
1440,2014-07-11,5.603666666666666
1441,2014-07-12,5.740666666666667
1442,2014-07-13,5.709
1443,2014-07-14,5.63
1444,2014-07-15,5.371333333333333
1445,2014-07-16,5.634666666666668
1446,2014-07-17,5.366333333333333
1447,2014-07-18,5.573666666666667
1448,2014-07-19,5.883
1449,2014-07-20,5.604666666666667
1450,2014-07-21,5.549666666666667
1451,2014-07-22,5.498333333333334
1452,2014-07-23,5.4319999999999995
1453,2014-07-24,5.953333333333333
1454,2014-07-25,5.422
1455,2014-07-26,5.629666666666668
1456,2014-07-27,5.605333333333334
1457,2014-07-28,5.596333333333333
1458,2014-07-29,5.4110000000000005
1459,2014-07-30,5.6193333333333335
1460,2014-07-31,5.909666666666666
1461,2014-08-01,5.9190000000000005
1462,2014-08-02,5.756333333333333
1463,2014-08-03,5.562333333333332
1464,2014-08-04,5.670333333333335
1465,2014-08-05,5.550333333333334
1466,2014-08-06,5.721666666666667
1467,2014-08-07,5.588666666666666
1468,2014-08-08,5.509333333333333
1469,2014-08-09,5.6626666666666665
1470,2014-08-10,5.526666666666666
1471,2014-08-11,5.5809999999999995
1472,2014-08-12,5.604666666666667
1473,2014-08-13,5.5263333333333335
1474,2014-08-14,5.855333333333334
1475,2014-08-15,5.442333333333333
1476,2014-08-16,5.667666666666666
1477,2014-08-17,5.535666666666667
1478,2014-08-18,5.556333333333334
1479,2014-08-19,5.433666666666666
1480,2014-08-20,5.506
1481,2014-08-21,5.55
1482,2014-08-22,5.347
1483,2014-08-23,5.636666666666667
1484,2014-08-24,5.658
1485,2014-08-25,5.609000000000001
1486,2014-08-26,5.598
1487,2014-08-27,5.312666666666666
1488,2014-08-28,5.937
1489,2014-08-29,4.992
1490,2014-08-30,5.778666666666667
1491,2014-08-31,5.239999999999999
1492,2014-09-01,5.805666666666667
1493,2014-09-02,5.552333333333333
1494,2014-09-03,5.803
1495,2014-09-04,5.370666666666668
1496,2014-09-05,5.362666666666667
1497,2014-09-06,5.527666666666666
1498,2014-09-07,5.237666666666667
1499,2014-09-08,5.422666666666667
1500,2014-09-09,5.191333333333334
1501,2014-09-10,5.416
1502,2014-09-11,5.347999999999999
1503,2014-09-12,5.660333333333334
1504,2014-09-13,5.679666666666667
1505,2014-09-14,5.469666666666666
1506,2014-09-15,5.420333333333333
1507,2014-09-16,5.4510000000000005
1508,2014-09-17,5.644333333333333
1509,2014-09-18,5.227333333333334
1510,2014-09-19,5.439333333333333
1511,2014-09-20,5.574000000000001
1512,2014-09-21,5.300333333333334
1513,2014-09-22,5.650666666666666
1514,2014-09-23,5.383666666666667
1515,2014-09-24,5.417333333333333
1516,2014-09-25,5.476666666666667
1517,2014-09-26,5.5423333333333344
1518,2014-09-27,5.5906666666666665
1519,2014-09-28,5.8613333333333335
1520,2014-09-29,5.571333333333333
1521,2014-09-30,5.731333333333333
1522,2014-10-01,5.599666666666667
1523,2014-10-02,5.5776666666666666
1524,2014-10-03,5.6819999999999995
1525,2014-10-04,5.364333333333334
1526,2014-10-05,5.504666666666666
1527,2014-10-06,5.776
1528,2014-10-07,5.431
1529,2014-10-08,5.7506666666666675
1530,2014-10-09,5.361999999999999
1531,2014-10-10,5.692666666666667
1532,2014-10-11,5.449333333333333
1533,2014-10-12,5.422999999999999
1534,2014-10-13,5.5569999999999995
1535,2014-10-14,5.435333333333333
1536,2014-10-15,5.53
1537,2014-10-16,5.432666666666667
1538,2014-10-17,5.435666666666666
1539,2014-10-18,5.7476666666666665
1540,2014-10-19,5.462666666666666
1541,2014-10-20,5.366
1542,2014-10-21,5.437666666666666
1543,2014-10-22,5.600666666666666
1544,2014-10-23,5.667666666666666
1545,2014-10-24,5.907
1546,2014-10-25,5.3823333333333325
1547,2014-10-26,5.345666666666666
1548,2014-10-27,5.915333333333333
1549,2014-10-28,5.497333333333333
1550,2014-10-29,5.450666666666667
1551,2014-10-30,5.635666666666666
1552,2014-10-31,5.69
1553,2014-11-01,5.887333333333333
1554,2014-11-02,6.353333333333333
1555,2014-11-03,5.365666666666667
1556,2014-11-04,5.713
1557,2014-11-05,5.833333333333333
1558,2014-11-06,5.566666666666667
1559,2014-11-07,5.544
1560,2014-11-08,5.57
1561,2014-11-09,5.735666666666667
1562,2014-11-10,5.811333333333334
1563,2014-11-11,5.684333333333334
1564,2014-11-12,5.7010000000000005
1565,2014-11-13,5.787333333333334
1566,2014-11-14,5.694
1567,2014-11-15,5.727
1568,2014-11-16,5.653
1569,2014-11-17,5.832666666666667
1570,2014-11-18,5.637666666666667
1571,2014-11-19,5.858333333333333
1572,2014-11-20,5.807333333333333
1573,2014-11-21,5.652666666666666
1574,2014-11-22,5.771
1575,2014-11-23,5.533666666666666
1576,2014-11-24,5.508
1577,2014-11-25,5.638333333333333
1578,2014-11-26,5.911666666666666
1579,2014-11-27,5.719666666666666
1580,2014-11-28,5.381666666666667
1581,2014-11-29,5.604
1582,2014-11-30,5.767
1583,2014-12-01,6.042666666666666
1584,2014-12-02,6.376
1585,2014-12-03,6.460333333333334
1586,2014-12-04,6.2493333333333325
1587,2014-12-05,5.954000000000001
1588,2014-12-06,6.1243333333333325
1589,2014-12-07,6.174333333333333
1590,2014-12-08,5.991
1591,2014-12-09,5.922999999999999
1592,2014-12-10,6.082333333333334
1593,2014-12-11,6.653333333333333
1594,2014-12-12,8.086333333333334
1595,2014-12-13,7.401
1596,2014-12-14,7.059333333333334
1597,2014-12-15,7.391000000000001
1598,2014-12-16,7.490333333333332
1599,2014-12-17,7.367
1600,2014-12-18,7.872
1601,2014-12-19,7.965333333333334
1602,2014-12-20,7.308
1603,2014-12-21,7.431333333333334
1604,2014-12-22,7.176333333333335
1605,2014-12-23,7.217666666666666
1606,2014-12-24,7.042999999999999
1607,2014-12-25,6.540666666666667
1608,2014-12-26,6.535666666666667
1609,2014-12-27,6.533333333333334
1610,2014-12-28,6.604333333333334
1611,2014-12-29,6.563666666666667
1612,2014-12-30,6.502666666666667
1613,2014-12-31,6.359666666666667
1614,2015-01-01,6.066333333333333
1615,2015-01-02,6.2443333333333335
1616,2015-01-03,6.188666666666667
1617,2015-01-04,6.464666666666666
1618,2015-01-05,6.394333333333333
1619,2015-01-06,5.967
1620,2015-01-07,5.982333333333333
1621,2015-01-08,6.2316666666666665
1622,2015-01-09,6.210999999999999
1623,2015-01-10,5.966
1624,2015-01-11,6.208000000000001
1625,2015-01-12,6.2139999999999995
1626,2015-01-13,6.135000000000001
1627,2015-01-14,5.808666666666667
1628,2015-01-15,5.812666666666668
1629,2015-01-16,6.167666666666666
1630,2015-01-17,6.167000000000001
1631,2015-01-18,5.919
1632,2015-01-19,6.058
1633,2015-01-20,6.070333333333333
1634,2015-01-21,6.126333333333332
1635,2015-01-22,5.864333333333334
1636,2015-01-23,5.869666666666666
1637,2015-01-24,6.091666666666666
1638,2015-01-25,6.033333333333334
1639,2015-01-26,5.9750000000000005
1640,2015-01-27,6.074333333333333
1641,2015-01-28,5.967
1642,2015-01-29,5.954
1643,2015-01-30,5.848
1644,2015-01-31,5.891000000000001
1645,2015-02-01,5.956
1646,2015-02-02,5.976999999999999
1647,2015-02-03,5.825666666666666
1648,2015-02-04,5.744666666666666
1649,2015-02-05,5.766333333333333
1650,2015-02-06,5.759333333333333
1651,2015-02-07,5.866
1652,2015-02-08,5.882666666666666
1653,2015-02-09,5.878333333333333
1654,2015-02-10,5.991
1655,2015-02-11,5.853666666666666
1656,2015-02-12,5.694
1657,2015-02-13,5.778333333333333
1658,2015-02-14,5.7203333333333335
1659,2015-02-15,5.9190000000000005
1660,2015-02-16,5.965333333333334
1661,2015-02-17,5.934666666666668
1662,2015-02-18,6.0696666666666665
1663,2015-02-19,5.774333333333334
1664,2015-02-20,5.773666666666667
1665,2015-02-21,5.6819999999999995
1666,2015-02-22,5.82
1667,2015-02-23,5.824666666666666
1668,2015-02-24,5.692
1669,2015-02-25,5.699000000000001
1670,2015-02-26,5.6930000000000005
1671,2015-02-27,5.7043333333333335
1672,2015-02-28,5.614
1673,2015-03-01,5.789666666666666
1674,2015-03-02,5.794666666666667
1675,2015-03-03,5.644333333333333
1676,2015-03-04,5.760000000000001
1677,2015-03-05,5.772666666666666
1678,2015-03-06,5.743333333333332
1679,2015-03-07,5.833000000000001
1680,2015-03-08,5.886666666666667
1681,2015-03-09,5.8613333333333335
1682,2015-03-10,5.858333333333334
1683,2015-03-11,5.859666666666667
1684,2015-03-12,5.934
1685,2015-03-13,6.047
1686,2015-03-14,5.967666666666666
1687,2015-03-15,5.898666666666666
1688,2015-03-16,5.969333333333334
1689,2015-03-17,5.814333333333334
1690,2015-03-18,5.8436666666666675
1691,2015-03-19,5.794666666666667
1692,2015-03-20,5.742666666666666
1693,2015-03-21,5.743666666666667
1694,2015-03-22,5.853666666666666
1695,2015-03-23,5.934666666666666
1696,2015-03-24,5.918333333333334
1697,2015-03-25,5.7556666666666665
1698,2015-03-26,5.88
1699,2015-03-27,5.815666666666666
1700,2015-03-28,5.724333333333333
1701,2015-03-29,5.792333333333333
1702,2015-03-30,5.899333333333334
1703,2015-03-31,5.595
1704,2015-04-01,5.4993333333333325
1705,2015-04-02,5.449000000000001
1706,2015-04-03,5.488333333333333
1707,2015-04-04,5.707333333333334
1708,2015-04-05,5.644333333333333
1709,2015-04-06,5.642666666666667
1710,2015-04-07,5.592333333333333
1711,2015-04-08,5.785333333333334
1712,2015-04-09,5.904333333333334
1713,2015-04-10,5.664666666666666
1714,2015-04-11,5.529000000000001
1715,2015-04-12,5.613333333333333
1716,2015-04-13,5.902666666666666
1717,2015-04-14,5.796333333333333
1718,2015-04-15,5.514666666666666
1719,2015-04-16,5.696000000000001
1720,2015-04-17,5.696000000000001
1721,2015-04-18,5.677333333333333
1722,2015-04-19,5.744
1723,2015-04-20,5.805666666666667
1724,2015-04-21,5.6946666666666665
1725,2015-04-22,5.483666666666667
1726,2015-04-23,5.691333333333333
1727,2015-04-24,5.611666666666667
1728,2015-04-25,5.665666666666667
1729,2015-04-26,5.663666666666667
1730,2015-04-27,5.728333333333334
1731,2015-04-28,5.694333333333333
1732,2015-04-29,5.642333333333333
1733,2015-04-30,5.5073333333333325
1734,2015-05-01,5.375
1735,2015-05-02,5.498
1736,2015-05-03,5.6690000000000005
1737,2015-05-04,5.764333333333333
1738,2015-05-05,5.850666666666666
1739,2015-05-06,5.748666666666668
1740,2015-05-07,5.7123333333333335
1741,2015-05-08,5.585
1742,2015-05-09,5.705333333333333
1743,2015-05-10,5.634333333333333
1744,2015-05-11,5.695333333333333
1745,2015-05-12,5.893666666666667
1746,2015-05-13,5.653
1747,2015-05-14,5.631666666666667
1748,2015-05-15,5.542000000000001
1749,2015-05-16,5.489333333333334
1750,2015-05-17,5.542666666666666
1751,2015-05-18,5.6546666666666665
1752,2015-05-19,5.6386666666666665
1753,2015-05-20,4.711666666666667
1754,2015-05-21,5.691333333333334
1755,2015-05-22,5.928333333333334
1756,2015-05-23,5.562333333333332
1757,2015-05-24,5.491666666666667
1758,2015-05-25,5.628333333333333
1759,2015-05-26,5.646666666666666
1760,2015-05-27,5.583666666666667
1761,2015-05-28,5.549666666666667
1762,2015-05-29,5.461000000000001
1763,2015-05-30,5.345
1764,2015-05-31,5.55
1765,2015-06-01,5.462
1766,2015-06-02,5.462666666666666
1767,2015-06-03,5.5249999999999995
1768,2015-06-04,5.471333333333333
1769,2015-06-05,5.4590000000000005
1770,2015-06-06,5.393000000000001
1771,2015-06-07,5.456
1772,2015-06-08,5.446333333333333
1773,2015-06-09,5.523333333333333
1774,2015-06-10,5.468666666666667
1775,2015-06-11,5.476
1776,2015-06-12,5.467
1777,2015-06-13,5.404
1778,2015-06-14,5.352
1779,2015-06-15,5.4303333333333335
1780,2015-06-16,5.385333333333333
1781,2015-06-17,5.339666666666667
1782,2015-06-18,5.25
1783,2015-06-19,5.217
1784,2015-06-20,5.149
1785,2015-06-21,5.192333333333334
1786,2015-06-22,5.184
1787,2015-06-23,5.317333333333334
1788,2015-06-24,5.279333333333334
1789,2015-06-25,5.208666666666667
1790,2015-06-26,5.203666666666666
1791,2015-06-27,5.1866666666666665
1792,2015-06-28,5.1033333333333335
1793,2015-06-29,5.106
1794,2015-06-30,5.203666666666666
1795,2015-07-01,5.213333333333334
1796,2015-07-02,5.216
1797,2015-07-03,5.21
1798,2015-07-04,5.0760000000000005
1799,2015-07-05,5.027
1800,2015-07-06,5.176666666666667
1801,2015-07-07,5.237666666666667
1802,2015-07-08,5.219
1803,2015-07-09,5.161333333333333
1804,2015-07-10,5.135666666666666
1805,2015-07-11,5.117666666666667
1806,2015-07-12,5.104333333333333
1807,2015-07-13,5.114
1808,2015-07-14,5.116666666666666
1809,2015-07-15,5.103333333333333
1810,2015-07-16,5.1579999999999995
1811,2015-07-17,5.258333333333333
1812,2015-07-18,5.209666666666666
1813,2015-07-19,5.196666666666666
1814,2015-07-20,5.250666666666667
1815,2015-07-21,5.2156666666666665
1816,2015-07-22,5.157666666666667
1817,2015-07-23,5.127
1818,2015-07-24,5.1883333333333335
1819,2015-07-25,5.155333333333334
1820,2015-07-26,5.090333333333334
1821,2015-07-27,5.129666666666666
1822,2015-07-28,5.200333333333334
1823,2015-07-29,5.075333333333333
1824,2015-07-30,4.919666666666667
1825,2015-07-31,4.811
1826,2015-08-01,5.037
1827,2015-08-02,5.1209999999999996
1828,2015-08-03,5.146999999999999
1829,2015-08-04,5.084666666666667
1830,2015-08-05,5.169666666666666
1831,2015-08-06,5.165
1832,2015-08-07,5.398333333333333
1833,2015-08-08,5.400333333333333
1834,2015-08-09,5.271666666666667
1835,2015-08-10,5.262
1836,2015-08-11,5.117999999999999
1837,2015-08-12,5.097333333333334
1838,2015-08-13,5.083666666666667
1839,2015-08-14,5.119666666666666
1840,2015-08-15,5.139
1841,2015-08-16,5.1386666666666665
1842,2015-08-17,5.083333333333333
1843,2015-08-18,5.118666666666666
1844,2015-08-19,5.282666666666667
1845,2015-08-20,5.372
1846,2015-08-21,5.163
1847,2015-08-22,4.978333333333333
1848,2015-08-23,5.159666666666667
1849,2015-08-24,5.136333333333334
1850,2015-08-25,5.126666666666667
1851,2015-08-26,5.071000000000001
1852,2015-08-27,4.899
1853,2015-08-28,4.870666666666667
1854,2015-08-29,5.084666666666667
1855,2015-08-30,5.114666666666667
1856,2015-08-31,5.090333333333334
1857,2015-09-01,4.947
1858,2015-09-02,5.069333333333333
1859,2015-09-03,5.1819999999999995
1860,2015-09-04,5.122666666666667
1861,2015-09-05,5.161333333333332
1862,2015-09-06,5.046
1863,2015-09-07,5.102666666666667
1864,2015-09-08,5.178
1865,2015-09-09,5.170999999999999
1866,2015-09-10,5.039000000000001
1867,2015-09-11,5.006
1868,2015-09-12,4.9736666666666665
1869,2015-09-13,5.169666666666667
1870,2015-09-14,5.211333333333333
1871,2015-09-15,5.102
1872,2015-09-16,5.061
1873,2015-09-17,5.088666666666667
1874,2015-09-18,5.026666666666666
1875,2015-09-19,5.170333333333333
1876,2015-09-20,5.179333333333333
1877,2015-09-21,5.199333333333333
1878,2015-09-22,5.061333333333334
1879,2015-09-23,5.034
1880,2015-09-24,5.0953333333333335
1881,2015-09-25,5.073666666666667
1882,2015-09-26,5.062
1883,2015-09-27,5.059666666666667
1884,2015-09-28,4.932666666666667
1885,2015-09-29,5.030666666666666
1886,2015-09-30,4.999333333333333
1887,2015-10-01,5.121666666666666
1888,2015-10-02,5.146
1889,2015-10-03,5.254666666666666
1890,2015-10-04,5.307333333333333
1891,2015-10-05,5.322666666666667
1892,2015-10-06,5.242999999999999
1893,2015-10-07,5.187333333333333
1894,2015-10-08,5.184666666666667
1895,2015-10-09,5.213666666666666
1896,2015-10-10,5.104666666666667
1897,2015-10-11,5.117999999999999
1898,2015-10-12,5.146666666666666
1899,2015-10-13,5.065666666666666
1900,2015-10-14,5.077333333333334
1901,2015-10-15,4.934
1902,2015-10-16,4.895
1903,2015-10-17,4.931666666666667
1904,2015-10-18,5.021666666666667
1905,2015-10-19,5.047666666666667
1906,2015-10-20,5.046
1907,2015-10-21,5.087666666666666
1908,2015-10-22,5.150333333333333
1909,2015-10-23,5.278666666666666
1910,2015-10-24,5.384666666666667
1911,2015-10-25,5.1706666666666665
1912,2015-10-26,5.202999999999999
1913,2015-10-27,5.281666666666667
1914,2015-10-28,5.2410000000000005
1915,2015-10-29,5.391000000000001
1916,2015-10-30,5.505
1917,2015-10-31,5.508
1918,2015-11-01,5.229333333333333
1919,2015-11-02,5.940333333333332
1920,2015-11-03,5.836666666666666
1921,2015-11-04,5.5489999999999995
1922,2015-11-05,5.469333333333334
1923,2015-11-06,5.399666666666666
1924,2015-11-07,5.538333333333334
1925,2015-11-08,5.569333333333333
1926,2015-11-09,5.468333333333334
1927,2015-11-10,5.6080000000000005
1928,2015-11-11,5.679333333333333
1929,2015-11-12,5.545000000000001
1930,2015-11-13,5.496333333333333
1931,2015-11-14,5.462
1932,2015-11-15,5.553666666666667
1933,2015-11-16,5.563666666666667
1934,2015-11-17,5.573
1935,2015-11-18,5.5040000000000004
1936,2015-11-19,5.515666666666665
1937,2015-11-20,5.64
1938,2015-11-21,5.623666666666668
1939,2015-11-22,5.652666666666668
1940,2015-11-23,5.628666666666667
1941,2015-11-24,5.622666666666667
1942,2015-11-25,5.6819999999999995
1943,2015-11-26,5.691
1944,2015-11-27,5.446000000000001
1945,2015-11-28,5.408666666666666
1946,2015-11-29,5.508333333333333
1947,2015-11-30,5.81
1948,2015-12-01,6.047333333333334
1949,2015-12-02,6.027333333333334
1950,2015-12-03,6.124
1951,2015-12-04,5.915333333333333
1952,2015-12-05,5.875
1953,2015-12-06,5.976
1954,2015-12-07,6.080666666666667
1955,2015-12-08,5.9736666666666665
1956,2015-12-09,5.899000000000001
1957,2015-12-10,5.861666666666667
1958,2015-12-11,5.656333333333333
1959,2015-12-12,5.5360000000000005
1960,2015-12-13,5.721666666666667
1961,2015-12-14,6.041
1962,2015-12-15,5.890666666666667
1963,2015-12-16,5.885000000000001
1964,2015-12-17,6.017333333333333
1965,2015-12-18,6.21
1966,2015-12-19,6.003
1967,2015-12-20,6.002666666666666
1968,2015-12-21,6.035666666666667
1969,2015-12-22,6.121666666666667
1970,2015-12-23,5.960333333333334
1971,2015-12-24,6.179333333333333
1972,2015-12-25,5.897333333333333
1973,2015-12-26,5.878
1974,2015-12-27,6.013000000000001
1975,2015-12-28,6.188
1976,2015-12-29,6.358333333333333
1977,2015-12-30,6.385666666666666
1978,2015-12-31,6.538333333333334
1979,2016-01-01,6.390000000000001
1980,2016-01-02,6.31
1981,2016-01-03,6.424
1982,2016-01-04,6.5889999999999995
1983,2016-01-05,6.6816666666666675
1984,2016-01-06,6.671333333333333
1985,2016-01-07,6.598999999999999
1986,2016-01-08,6.394333333333333
1987,2016-01-09,6.399666666666666
1988,2016-01-10,6.556
1989,2016-01-11,6.616333333333333
1990,2016-01-12,6.596666666666667
1991,2016-01-13,6.499
1992,2016-01-14,6.4430000000000005
1993,2016-01-15,6.2700000000000005
1994,2016-01-16,6.5296666666666665
1995,2016-01-17,6.5489999999999995
1996,2016-01-18,6.979666666666667
1997,2016-01-19,7.029333333333334
1998,2016-01-20,6.627333333333333
1999,2016-01-21,6.562333333333334
2000,2016-01-22,6.657333333333334
2001,2016-01-23,6.781999999999999
2002,2016-01-24,6.7010000000000005
2003,2016-01-25,6.6610000000000005
2004,2016-01-26,6.532333333333334
2005,2016-01-27,6.413333333333334
2006,2016-01-28,6.265666666666665
2007,2016-01-29,6.2573333333333325
2008,2016-01-30,6.242
2009,2016-01-31,6.167666666666666
2010,2016-02-01,6.0360000000000005
2011,2016-02-02,5.869666666666667
2012,2016-02-03,5.784666666666666
2013,2016-02-04,5.719333333333334
2014,2016-02-05,5.810666666666666
2015,2016-02-06,5.923666666666667
2016,2016-02-07,5.8116666666666665
2017,2016-02-08,5.833666666666667
2018,2016-02-09,6.112333333333333
2019,2016-02-10,6.133
2020,2016-02-11,6.089666666666666
2021,2016-02-12,5.945
2022,2016-02-13,6.007000000000001
2023,2016-02-14,6.050999999999999
2024,2016-02-15,6.364
2025,2016-02-16,6.5073333333333325
2026,2016-02-17,6.600999999999999
2027,2016-02-18,6.332000000000001
2028,2016-02-19,5.969333333333334
2029,2016-02-20,6.045333333333335
2030,2016-02-21,6.144666666666666
2031,2016-02-22,6.244
2032,2016-02-23,6.264333333333333
2033,2016-02-24,6.160333333333333
2034,2016-02-25,5.998
2035,2016-02-26,6.009
2036,2016-02-27,6.0616666666666665
2037,2016-02-28,6.163999999999999
2038,2016-02-29,6.098
2039,2016-03-01,6.155333333333334
2040,2016-03-02,6.1113333333333335
2041,2016-03-03,5.958333333333333
2042,2016-03-04,5.8293333333333335
2043,2016-03-05,6.347333333333334
2044,2016-03-06,6.527333333333334
2045,2016-03-07,6.567666666666667
2046,2016-03-08,6.3933333333333335
2047,2016-03-09,6.478000000000001
2048,2016-03-10,6.334666666666666
2049,2016-03-11,6.037333333333334
2050,2016-03-12,6.556333333333334
2051,2016-03-13,6.63
2052,2016-03-14,6.557333333333333
2053,2016-03-15,6.3563333333333345
2054,2016-03-16,6.330666666666666
2055,2016-03-17,6.2843333333333335
2056,2016-03-18,6.2
2057,2016-03-19,6.222666666666666
2058,2016-03-20,6.2923333333333344
2059,2016-03-21,6.254333333333332
2060,2016-03-22,6.319666666666667
2061,2016-03-23,6.239666666666667
2062,2016-03-24,5.977333333333334
2063,2016-03-25,6.157333333333334
2064,2016-03-26,6.320666666666667
2065,2016-03-27,6.051333333333333
2066,2016-03-28,6.062333333333332
2067,2016-03-29,5.904000000000001
2068,2016-03-30,5.940666666666668
2069,2016-03-31,6.040666666666667
2070,2016-04-01,6.300333333333334
2071,2016-04-02,6.044666666666667
2072,2016-04-03,6.187333333333332
2073,2016-04-04,6.342
2074,2016-04-05,6.445666666666667
2075,2016-04-06,6.492999999999999
2076,2016-04-07,6.438666666666667
2077,2016-04-08,5.841333333333334
2078,2016-04-09,6.69
2079,2016-04-10,7.675
2080,2016-04-11,6.969666666666666
2081,2016-04-12,6.971333333333334
2082,2016-04-13,6.9433333333333325
2083,2016-04-14,6.707333333333334
2084,2016-04-15,6.547
2085,2016-04-16,6.566333333333333
2086,2016-04-17,6.833666666666666
2087,2016-04-18,6.671333333333333
2088,2016-04-19,6.5760000000000005
2089,2016-04-20,6.664333333333334
2090,2016-04-21,6.6386666666666665
2091,2016-04-22,6.477666666666667
2092,2016-04-23,6.484999999999999
2093,2016-04-24,6.625
2094,2016-04-25,6.621333333333333
2095,2016-04-26,6.704
2096,2016-04-27,6.833000000000001
2097,2016-04-28,6.359999999999999
2098,2016-04-29,6.171333333333334
2099,2016-04-30,6.451333333333333
2100,2016-05-01,6.455333333333333
2101,2016-05-02,6.390000000000001
2102,2016-05-03,6.38
2103,2016-05-04,6.508666666666667
2104,2016-05-05,6.3566666666666665
2105,2016-05-06,6.3823333333333325
2106,2016-05-07,6.447333333333333
2107,2016-05-08,6.418333333333333
2108,2016-05-09,6.396333333333334
2109,2016-05-10,6.3563333333333345
2110,2016-05-11,6.233666666666667
2111,2016-05-12,6.213000000000001
2112,2016-05-13,6.209666666666667
2113,2016-05-14,6.224333333333334
2114,2016-05-15,6.219
2115,2016-05-16,6.25
2116,2016-05-17,6.225666666666666
2117,2016-05-18,6.087666666666666
2118,2016-05-19,5.925
2119,2016-05-20,5.661333333333334
2120,2016-05-21,5.746333333333332
2121,2016-05-22,5.942
2122,2016-05-23,5.9046666666666665
2123,2016-05-24,5.751
2124,2016-05-25,5.804333333333333
2125,2016-05-26,5.669999999999999
2126,2016-05-27,5.936333333333333
2127,2016-05-28,6.023333333333333
2128,2016-05-29,5.739999999999999
2129,2016-05-30,5.884333333333333
2130,2016-05-31,5.899
2131,2016-06-01,5.809
2132,2016-06-02,5.79
2133,2016-06-03,5.72
2134,2016-06-04,5.889333333333333
2135,2016-06-05,5.966333333333334
2136,2016-06-06,5.751
2137,2016-06-07,5.721
2138,2016-06-08,5.759666666666668
2139,2016-06-09,5.7139999999999995
2140,2016-06-10,5.9319999999999995
2141,2016-06-11,6.109333333333335
2142,2016-06-12,5.861666666666667
2143,2016-06-13,5.689333333333333
2144,2016-06-14,5.742999999999999
2145,2016-06-15,5.973
2146,2016-06-16,5.768000000000001
2147,2016-06-17,5.648666666666666
2148,2016-06-18,5.940333333333332
2149,2016-06-19,5.984999999999999
2150,2016-06-20,5.799333333333333
2151,2016-06-21,5.806333333333334
2152,2016-06-22,5.858999999999999
2153,2016-06-23,5.967333333333333
2154,2016-06-24,5.751
2155,2016-06-25,5.830666666666666
2156,2016-06-26,5.866333333333333
2157,2016-06-27,5.679333333333333
2158,2016-06-28,5.707333333333334
2159,2016-06-29,5.795999999999999
2160,2016-06-30,5.803666666666667
2161,2016-07-01,5.6946666666666665
2162,2016-07-02,5.814666666666667
2163,2016-07-03,5.565
2164,2016-07-04,5.648666666666666
2165,2016-07-05,5.635333333333333
2166,2016-07-06,5.7989999999999995
2167,2016-07-07,5.777666666666666
2168,2016-07-08,5.681333333333332
2169,2016-07-09,5.772000000000001
2170,2016-07-10,5.766333333333333
2171,2016-07-11,5.642666666666666
2172,2016-07-12,5.780999999999999
2173,2016-07-13,5.788666666666667
2174,2016-07-14,5.7203333333333335
2175,2016-07-15,5.842
2176,2016-07-16,5.724666666666667
2177,2016-07-17,5.702000000000001
2178,2016-07-18,5.8373333333333335
2179,2016-07-19,5.899666666666666
2180,2016-07-20,5.739
2181,2016-07-21,5.709666666666666
2182,2016-07-22,5.804333333333333
2183,2016-07-23,5.889333333333333
2184,2016-07-24,5.752
2185,2016-07-25,5.8389999999999995
2186,2016-07-26,5.910666666666667
2187,2016-07-27,5.917999999999999
2188,2016-07-28,5.877333333333333
2189,2016-07-29,5.835
2190,2016-07-30,5.666666666666667
2191,2016-07-31,5.925333333333334
2192,2016-08-01,5.572666666666667
2193,2016-08-02,5.692
2194,2016-08-03,5.549666666666667
2195,2016-08-04,5.245
2196,2016-08-05,5.528
2197,2016-08-06,5.489333333333334
2198,2016-08-07,5.497666666666667
2199,2016-08-08,5.463333333333334
2200,2016-08-09,5.852666666666667
2201,2016-08-10,6.000333333333333
2202,2016-08-11,5.897333333333333
2203,2016-08-12,5.795999999999999
2204,2016-08-13,5.861999999999999
2205,2016-08-14,5.939
2206,2016-08-15,5.9190000000000005
2207,2016-08-16,5.698666666666667
2208,2016-08-17,5.898333333333333
2209,2016-08-18,6.2443333333333335
2210,2016-08-19,5.780333333333334
2211,2016-08-20,5.899
2212,2016-08-21,5.908333333333334
2213,2016-08-22,5.967333333333333
2214,2016-08-23,6.061333333333333
2215,2016-08-24,6.093333333333334
2216,2016-08-25,6.032666666666667
2217,2016-08-26,5.914000000000001
2218,2016-08-27,6.1243333333333325
2219,2016-08-28,6.108333333333333
2220,2016-08-29,6.038666666666667
2221,2016-08-30,6.032666666666667
2222,2016-08-31,6.035
2223,2016-09-01,6.062
2224,2016-09-02,5.8743333333333325
2225,2016-09-03,5.773666666666666
2226,2016-09-04,5.664333333333334
2227,2016-09-05,5.449000000000001
2228,2016-09-06,5.559333333333332
2229,2016-09-07,5.450333333333333
2230,2016-09-08,5.444
2231,2016-09-09,5.416666666666667
2232,2016-09-10,5.384666666666667
2233,2016-09-11,5.411333333333334
2234,2016-09-12,5.458666666666667
2235,2016-09-13,5.494
2236,2016-09-14,5.444333333333333
2237,2016-09-15,5.406
2238,2016-09-16,5.244666666666666
2239,2016-09-17,5.455333333333333
2240,2016-09-18,5.447666666666667
2241,2016-09-19,5.461000000000001
2242,2016-09-20,5.539333333333334
2243,2016-09-21,5.648
2244,2016-09-22,5.636666666666667
2245,2016-09-23,5.592666666666666
2246,2016-09-24,5.489333333333334
2247,2016-09-25,5.791333333333333
2248,2016-09-26,5.903
2249,2016-09-27,5.815
2250,2016-09-28,5.765666666666667
2251,2016-09-29,5.844
2252,2016-09-30,5.736
2253,2016-10-01,5.697666666666667
2254,2016-10-02,5.733666666666667
2255,2016-10-03,5.806333333333334
2256,2016-10-04,5.6883333333333335
2257,2016-10-05,5.534999999999999
2258,2016-10-06,5.523
2259,2016-10-07,5.546
2260,2016-10-08,5.538666666666667
2261,2016-10-09,5.504666666666666
2262,2016-10-10,5.468333333333334
2263,2016-10-11,5.5489999999999995
2264,2016-10-12,5.567666666666667
2265,2016-10-13,5.554333333333333
2266,2016-10-14,5.603333333333334
2267,2016-10-15,5.828666666666667
2268,2016-10-16,5.749333333333333
2269,2016-10-17,5.678
2270,2016-10-18,5.642333333333333
2271,2016-10-19,5.646000000000001
2272,2016-10-20,5.670999999999999
2273,2016-10-21,5.7
2274,2016-10-22,5.652
2275,2016-10-23,5.528
2276,2016-10-24,5.4510000000000005
2277,2016-10-25,5.584
2278,2016-10-26,5.480999999999999
2279,2016-10-27,5.534
2280,2016-10-28,5.857666666666667
2281,2016-10-29,6.101666666666667
2282,2016-10-30,5.845666666666666
2283,2016-10-31,5.523333333333333
2284,2016-11-01,5.575333333333333
2285,2016-11-02,5.682666666666667
2286,2016-11-03,5.654333333333334
2287,2016-11-04,5.523333333333333
2288,2016-11-05,5.580333333333333
2289,2016-11-06,5.702333333333333
2290,2016-11-07,5.407666666666667
2291,2016-11-08,5.714666666666666
2292,2016-11-09,5.490333333333333
2293,2016-11-10,5.620333333333334
2294,2016-11-11,5.5809999999999995
2295,2016-11-12,5.592333333333333
2296,2016-11-13,5.62
2297,2016-11-14,5.479666666666667
2298,2016-11-15,5.3
2299,2016-11-16,5.429333333333333
2300,2016-11-17,5.348333333333334
2301,2016-11-18,5.558
2302,2016-11-19,5.502
2303,2016-11-20,5.583000000000001
2304,2016-11-21,5.4303333333333335
2305,2016-11-22,5.492999999999999
2306,2016-11-23,5.530666666666666
2307,2016-11-24,5.763000000000001
2308,2016-11-25,5.421666666666667
2309,2016-11-26,5.769000000000001
2310,2016-11-27,5.7973333333333334
2311,2016-11-28,5.828666666666667
2312,2016-11-29,5.600333333333334
2313,2016-11-30,5.631666666666667
2314,2016-12-01,5.547999999999999
2315,2016-12-02,5.532333333333334
2316,2016-12-03,5.404
2317,2016-12-04,5.591666666666666
2318,2016-12-05,5.5986666666666665
2319,2016-12-06,5.489000000000001
2320,2016-12-07,5.431
2321,2016-12-08,5.514333333333333
2322,2016-12-09,5.5393333333333326
2323,2016-12-10,5.523
2324,2016-12-11,5.640666666666667
2325,2016-12-12,5.523666666666666
2326,2016-12-13,5.491333333333333
2327,2016-12-14,5.5169999999999995
2328,2016-12-15,5.774333333333334
2329,2016-12-16,5.853666666666666
2330,2016-12-17,5.801666666666667
2331,2016-12-18,5.7379999999999995
2332,2016-12-19,5.687333333333334
2333,2016-12-20,5.612333333333333
2334,2016-12-21,5.688666666666666
2335,2016-12-22,5.716333333333334
2336,2016-12-23,5.945666666666667
2337,2016-12-24,6.102999999999999
2338,2016-12-25,5.712666666666666
2339,2016-12-26,5.7236666666666665
2340,2016-12-27,5.851333333333333
2341,2016-12-28,6.021333333333334
2342,2016-12-29,5.945666666666667
2343,2016-12-30,5.938333333333333
2344,2016-12-31,6.0200000000000005
2345,2017-01-01,5.612333333333335
2346,2017-01-02,5.832333333333334
2347,2017-01-03,6.1080000000000005
2348,2017-01-04,6.432333333333333
2349,2017-01-05,6.4736666666666665
2350,2017-01-06,6.2586666666666675
2351,2017-01-07,6.435666666666666
2352,2017-01-08,6.6803333333333335
2353,2017-01-09,6.956
2354,2017-01-10,7.032666666666667
2355,2017-01-11,7.009666666666667
2356,2017-01-12,6.696000000000001
2357,2017-01-13,7.267666666666666
2358,2017-01-14,7.248333333333334
2359,2017-01-15,7.119
2360,2017-01-16,6.942
2361,2017-01-17,6.890000000000001
2362,2017-01-18,6.807666666666667
2363,2017-01-19,6.901
2364,2017-01-20,7.697
2365,2017-01-21,7.864999999999999
2366,2017-01-22,7.8933333333333335
2367,2017-01-23,7.814333333333333
2368,2017-01-24,7.509666666666667
2369,2017-01-25,7.465666666666667
2370,2017-01-26,7.040333333333334
2371,2017-01-27,6.852666666666667
2372,2017-01-28,6.7749999999999995
2373,2017-01-29,7.036999999999999
2374,2017-01-30,6.882666666666668
2375,2017-01-31,6.885000000000001
2376,2017-02-01,6.763333333333333
2377,2017-02-02,6.663
2378,2017-02-03,6.688
2379,2017-02-04,6.736333333333334
2380,2017-02-05,6.733999999999999
2381,2017-02-06,6.907333333333334
2382,2017-02-07,7.297999999999999
2383,2017-02-08,7.378
2384,2017-02-09,7.465000000000001
2385,2017-02-10,8.187666666666667
2386,2017-02-11,7.969666666666666
2387,2017-02-12,7.681333333333332
2388,2017-02-13,7.403333333333333
2389,2017-02-14,7.382666666666665
2390,2017-02-15,7.304333333333333
2391,2017-02-16,7.5840000000000005
2392,2017-02-17,7.809666666666666
2393,2017-02-18,7.729333333333333
2394,2017-02-19,7.239999999999999
2395,2017-02-20,8.512666666666666
2396,2017-02-21,8.757333333333333
2397,2017-02-22,8.501666666666667
2398,2017-02-23,8.175666666666666
2399,2017-02-24,7.730666666666667
2400,2017-02-25,7.4433333333333325
2401,2017-02-26,7.5473333333333334
2402,2017-02-27,7.386333333333333
2403,2017-02-28,7.339666666666666
2404,2017-03-01,7.360333333333333
2405,2017-03-02,7.192
2406,2017-03-03,7.186
2407,2017-03-04,7.314
2408,2017-03-05,7.230999999999999
2409,2017-03-06,7.056333333333334
2410,2017-03-07,7.146000000000001
2411,2017-03-08,7.264
2412,2017-03-09,7.204666666666665
2413,2017-03-10,7.263000000000001
2414,2017-03-11,7.396333333333334
2415,2017-03-12,7.321333333333333
2416,2017-03-13,6.676333333333333
2417,2017-03-14,3.9403333333333332
2418,2017-03-15,6.212666666666667
2419,2017-03-16,6.391000000000001
2420,2017-03-17,6.43
2421,2017-03-18,6.321333333333333
2422,2017-03-19,6.775333333333333
2423,2017-03-20,6.706666666666667
2424,2017-03-21,7.196666666666666
2425,2017-03-22,7.54
2426,2017-03-23,7.363333333333333
2427,2017-03-24,7.311333333333334
2428,2017-03-25,7.399666666666666
2429,2017-03-26,7.260666666666666
2430,2017-03-27,7.1930000000000005
2431,2017-03-28,7.050333333333334
2432,2017-03-29,6.980999999999999
2433,2017-03-30,6.761333333333333
