,Time,flow mgd,NH3 mg/L N,NO3 mg/L N,TP mg/L P
0,1/1/2006,10.18,13.2,,
1,1/2/2006,12.03,15.0,,
2,1/3/2006,11.15,12.6,,
3,1/4/2006,10.06,14.4,,
4,1/5/2006,9.93,15.0,,
5,1/6/2006,11.15,15.1,,
6,1/7/2006,11.43,16.2,,
7,1/8/2006,11.07,15.3,,
8,1/9/2006,10.55,14.9,,
9,1/10/2006,10.42,14.6,,
10,1/11/2006,10.96,14.0,,
11,1/12/2006,9.81,14.0,,
12,1/13/2006,10.34,15.0,,
13,1/14/2006,11.32,14.8,,
14,1/15/2006,10.6,14.7,,
15,1/16/2006,10.75,15.6,,
16,1/17/2006,10.09,17.3,,
17,1/18/2006,10.79,20.3,,
18,1/19/2006,10.66,16.6,,
19,1/20/2006,10.43,14.8,,
20,1/21/2006,10.59,14.5,,
21,1/22/2006,10.89,14.3,,
22,1/23/2006,10.31,20.1,,
23,1/24/2006,10.3,15.8,,
24,1/25/2006,10.23,15.1,,
25,1/26/2006,9.48,16.0,,
26,1/27/2006,10.84,15.5,,
27,1/28/2006,12.31,13.3,,
28,1/29/2006,13.64,14.0,,
29,1/30/2006,12.67,18.2,,
30,1/31/2006,12.64,18.1,,
31,2/1/2006,12.63,15.9,,
32,2/2/2006,11.96,14.0,,
33,2/3/2006,12.74,15.2,,
34,2/4/2006,11.85,14.6,,
35,2/5/2006,11.05,13.6,,
36,2/6/2006,10.38,14.7,,
37,2/7/2006,11.64,14.3,,
38,2/8/2006,11.58,14.7,,
39,2/9/2006,10.82,17.3,,
40,2/10/2006,10.61,15.9,,
41,2/11/2006,11.66,16.9,,
42,2/12/2006,11.78,17.6,,
43,2/13/2006,11.79,17.0,,
44,2/14/2006,11.16,17.5,,
45,2/15/2006,11.74,16.8,,
46,2/16/2006,11.88,16.7,,
47,2/17/2006,11.19,16.9,,
48,2/18/2006,10.34,16.3,,
49,2/19/2006,11.47,16.7,,
50,2/20/2006,11.94,17.6,,
51,2/21/2006,11.35,16.6,,
52,2/22/2006,11.77,17.3,,
53,2/23/2006,11.63,18.1,,
54,2/24/2006,11.82,17.9,,
55,2/25/2006,11.74,19.8,,
56,2/26/2006,11.75,17.7,,
57,2/27/2006,11.83,18.4,,
58,2/28/2006,11.64,15.0,,
59,3/1/2006,11.11,15.8,,
60,3/2/2006,12.41,17.4,,
61,3/3/2006,11.22,18.4,,
62,3/4/2006,11.51,18.3,,
63,3/5/2006,11.72,18.3,,
64,3/6/2006,12.12,17.0,,
65,3/7/2006,12.05,17.3,,
66,3/8/2006,11.28,18.4,,
67,3/9/2006,11.77,18.0,,
68,3/10/2006,11.89,18.4,,
69,3/11/2006,11.59,18.8,,
70,3/12/2006,10.38,16.4,,
71,3/13/2006,10.6,17.4,,
72,3/14/2006,11.43,19.3,,
73,3/15/2006,9.79,17.6,,
74,3/16/2006,9.72,17.2,,
75,3/17/2006,9.8,18.5,,
76,3/18/2006,9.76,18.4,,
77,3/19/2006,10.09,17.2,,
78,3/20/2006,10.12,16.5,,
79,3/21/2006,10.56,16.6,,
80,3/22/2006,11.86,16.2,,
81,3/23/2006,11.85,15.5,,
82,3/24/2006,11.35,15.3,,
83,3/25/2006,10.2,16.1,,
84,3/26/2006,9.97,15.5,,
85,3/27/2006,11.76,15.0,,
86,3/28/2006,11.9,13.7,,
87,3/29/2006,12.02,15.2,,
88,3/30/2006,9.57,11.3,,
89,3/31/2006,9.94,17.6,,
90,4/1/2006,10.26,18.2,,
91,4/2/2006,9.62,17.2,,
92,4/3/2006,10.18,13.8,,
93,4/4/2006,11.35,17.6,,
94,4/5/2006,11.45,15.3,,
95,4/6/2006,10.25,17.7,,
96,4/7/2006,10.24,17.8,,
97,4/8/2006,10.92,16.9,,
98,4/9/2006,10.73,16.8,,
99,4/10/2006,10.71,15.4,,
100,4/11/2006,10.48,15.0,,
101,4/12/2006,10.78,15.4,,
102,4/13/2006,10.68,16.3,,
103,4/14/2006,12.31,15.8,,
104,4/15/2006,13.59,14.9,,
105,4/16/2006,12.18,14.5,,
106,4/17/2006,11.78,16.1,,
107,4/18/2006,11.21,14.9,,
108,4/19/2006,10.99,17.1,,
109,4/20/2006,10.94,15.9,,
110,4/21/2006,10.42,14.3,,
111,4/22/2006,10.75,14.7,,
112,4/23/2006,10.68,14.7,,
113,4/24/2006,11.3,21.3,,
114,4/25/2006,10.7,15.2,,
115,4/26/2006,11.21,16.9,,
116,4/27/2006,11.84,17.2,,
117,4/28/2006,11.75,16.1,,
118,4/29/2006,11.07,16.7,,
119,4/30/2006,10.75,15.2,,
120,5/1/2006,9.63,14.8,,
121,5/2/2006,9.83,17.0,,
122,5/3/2006,9.84,16.6,,
123,5/4/2006,8.91,18.4,,
124,5/5/2006,9.75,17.6,,
125,5/6/2006,10.04,16.2,,
126,5/7/2006,9.9,21.8,,
127,5/8/2006,9.68,15.8,,
128,5/9/2006,9.6,16.0,,
129,5/10/2006,9.19,17.6,,
130,5/11/2006,8.93,21.2,,
131,5/12/2006,9.25,21.4,,
132,5/13/2006,10.2,19.4,,
133,5/14/2006,9.62,18.2,,
134,5/15/2006,9.47,16.9,,
135,5/16/2006,8.94,18.5,,
136,5/17/2006,5.42,0.0,,
137,5/18/2006,9.36,20.0,,
138,5/19/2006,9.72,20.6,,
139,5/20/2006,9.51,21.6,,
140,5/21/2006,8.98,20.7,,
141,5/22/2006,6.09,0.0,,
142,5/23/2006,10.61,20.1,,
143,5/24/2006,8.87,19.0,,
144,5/25/2006,9.17,19.7,,
145,5/26/2006,9.6,21.8,,
146,5/27/2006,9.08,18.9,,
147,5/28/2006,8.25,20.7,,
148,5/29/2006,8.4,20.6,,
149,5/30/2006,8.58,19.7,,
150,5/31/2006,6.24,0.0,,
151,6/1/2006,8.89,20.5,,
152,6/2/2006,8.6,20.9,,
153,6/3/2006,8.97,19.8,,
154,6/4/2006,9.14,21.0,,
155,6/5/2006,8.05,20.9,,
156,6/6/2006,8.48,20.8,,
157,6/7/2006,9.68,21.0,,
158,6/8/2006,7.94,20.8,,
159,6/9/2006,8.15,20.5,,
160,6/10/2006,8.33,20.2,,
161,6/11/2006,7.95,20.8,,
162,6/12/2006,8.38,20.9,,
163,6/13/2006,9.01,18.7,,
164,6/14/2006,8.83,19.2,,
165,6/15/2006,8.87,16.1,,
166,6/16/2006,9.1,18.0,,
167,6/17/2006,8.78,17.7,,
168,6/18/2006,9.16,17.9,,
169,6/19/2006,8.93,19.8,,
170,6/20/2006,8.57,18.2,,
171,6/21/2006,9.26,17.2,,
172,6/22/2006,8.82,17.5,,
173,6/23/2006,8.77,17.6,,
174,6/24/2006,9.07,16.4,,
175,6/25/2006,9.04,15.9,,
176,6/26/2006,8.5,17.9,,
177,6/27/2006,9.14,15.5,,
178,6/28/2006,8.99,16.3,,
179,6/29/2006,8.76,16.9,,
180,6/30/2006,8.99,15.7,,
181,7/1/2006,9.03,16.0,,
182,7/2/2006,8.77,15.2,,
183,7/3/2006,8.77,15.1,,
184,7/4/2006,8.93,16.3,,
185,7/5/2006,8.98,14.9,,
186,7/6/2006,8.97,15.3,,
187,7/7/2006,8.79,15.9,,
188,7/8/2006,9.38,13.7,,
189,7/9/2006,8.54,14.5,,
190,7/10/2006,8.9,15.9,,
191,7/11/2006,9.08,15.3,,
192,7/12/2006,9.33,14.6,,
193,7/13/2006,9.03,13.8,,
194,7/14/2006,9.37,13.8,,
195,7/15/2006,9.49,13.1,,
196,7/16/2006,9.38,13.0,,
197,7/17/2006,9.01,13.7,,
198,7/18/2006,8.89,13.9,,
199,7/19/2006,8.58,14.2,,
200,7/20/2006,9.95,15.0,,
201,7/21/2006,9.12,14.2,,
202,7/22/2006,8.94,14.0,,
203,7/23/2006,9.27,16.3,,
204,7/24/2006,9.2,14.9,,
205,7/25/2006,8.75,15.3,,
206,7/26/2006,8.48,16.5,,
207,7/27/2006,7.46,17.7,,
208,7/28/2006,8.7,17.5,,
209,7/29/2006,8.6,17.5,,
210,7/30/2006,8.8,16.7,,
211,7/31/2006,8.25,17.1,,
212,8/1/2006,10.21,16.2,,
213,8/2/2006,9.51,15.6,,
214,8/3/2006,9.29,15.1,,
215,8/4/2006,9.31,15.4,,
216,8/5/2006,9.64,15.9,,
217,8/6/2006,9.4,14.5,,
218,8/7/2006,9.35,15.3,,
219,8/8/2006,9.06,15.6,,
220,8/9/2006,8.64,18.0,,
221,8/10/2006,8.69,17.6,,
222,8/11/2006,8.84,17.1,,
223,8/12/2006,9.23,17.1,,
224,8/13/2006,9.32,16.7,,
225,8/14/2006,7.68,17.5,,
226,8/15/2006,7.41,16.5,,
227,8/16/2006,8.02,15.0,,
228,8/17/2006,8.79,13.4,,
229,8/18/2006,8.75,12.0,,
230,8/19/2006,8.76,13.1,,
231,8/20/2006,8.53,13.2,,
232,8/21/2006,8.18,13.5,,
233,8/22/2006,8.33,14.0,,
234,8/23/2006,,16.0,,
235,8/24/2006,8.73,16.0,,
236,8/25/2006,10.07,15.4,,
237,8/26/2006,10.17,13.6,,
238,8/27/2006,9.28,13.9,,
239,8/28/2006,8.2,13.6,,
240,8/29/2006,8.5,14.8,,
241,8/30/2006,7.73,12.9,,
242,8/31/2006,8.53,14.2,,
243,9/1/2006,,14.1,,
244,9/2/2006,8.82,15.1,,
245,9/3/2006,8.47,15.1,,
246,9/4/2006,8.77,16.7,,
247,9/5/2006,8.08,15.8,,
248,9/6/2006,8.19,16.0,,
249,9/7/2006,8.67,17.2,,
250,9/8/2006,8.37,16.7,,
251,9/9/2006,8.81,15.8,,
252,9/10/2006,8.79,14.9,,
253,9/11/2006,7.61,16.3,,
254,9/12/2006,8.14,16.1,,
255,9/13/2006,7.89,16.7,,
256,9/14/2006,8.15,17.8,,
257,9/15/2006,8.89,15.0,,
258,9/16/2006,10.08,14.2,,
259,9/17/2006,9.62,12.9,,
260,9/18/2006,9.09,13.4,,
261,9/19/2006,8.98,13.5,,
262,9/20/2006,9.23,14.5,,
263,9/21/2006,9.33,13.8,,
264,9/22/2006,9.13,14.7,,
265,9/23/2006,10.04,13.2,,
266,9/24/2006,9.31,12.4,,
267,9/25/2006,9.16,13.5,,
268,9/26/2006,9.23,13.6,,
269,9/27/2006,9.4,14.0,,
270,9/28/2006,9.45,13.1,,
271,9/29/2006,8.34,14.4,,
272,9/30/2006,9.53,13.8,,
273,10/1/2006,9.11,13.7,,
274,10/2/2006,9.64,12.1,,
275,10/3/2006,9.53,13.1,,
276,10/4/2006,9.12,13.6,,
277,10/5/2006,9.86,13.6,,
278,10/6/2006,9.52,12.5,,
279,10/7/2006,9.55,11.9,,
280,10/8/2006,9.81,10.1,,
281,10/9/2006,9.39,12.0,,
282,10/10/2006,8.67,10.3,,
283,10/11/2006,9.05,11.1,,
284,10/12/2006,9.57,10.7,,
285,10/13/2006,9.86,9.3,,
286,10/14/2006,10.05,9.23,,
287,10/15/2006,9.54,7.8,,
288,10/16/2006,9.3,10.8,,
289,10/17/2006,9.28,10.6,,
290,10/18/2006,8.68,11.0,,
291,10/19/2006,9.5,9.87,,
292,10/20/2006,9.92,7.94,,
293,10/21/2006,10.93,7.32,,
294,10/22/2006,10.84,6.13,,
295,10/23/2006,10.19,7.97,,
296,10/24/2006,10.1,7.74,,
297,10/25/2006,9.56,7.7,,
298,10/26/2006,9.65,8.52,,
299,10/27/2006,9.95,8.32,,
300,10/28/2006,9.7,7.65,,
301,10/29/2006,9.61,7.12,,
302,10/30/2006,9.02,8.97,,
303,10/31/2006,9.01,9.56,,
304,11/1/2006,,8.04,,
305,11/2/2006,9.64,7.49,,
306,11/3/2006,9.11,9.55,,
307,11/4/2006,9.89,8.64,,
308,11/5/2006,9.73,6.67,,
309,11/6/2006,8.82,8.03,,
310,11/7/2006,9.28,8.66,,
311,11/8/2006,8.42,10.8,,
312,11/9/2006,8.6,7.69,,
313,11/10/2006,9.06,6.67,,
314,11/11/2006,9.34,6.83,,
315,11/12/2006,9.24,5.86,,
316,11/13/2006,9.3,7.81,,
317,11/14/2006,9.08,6.82,,
318,11/15/2006,8.85,6.2,,
319,11/16/2006,9.14,6.2,,
320,11/17/2006,8.9,6.15,,
321,11/18/2006,9.61,5.63,,
322,11/19/2006,9.31,6.57,,
323,11/20/2006,8.7,8.96,,
324,11/21/2006,9.16,10.1,,
325,11/22/2006,9.37,9.92,,
326,11/23/2006,9.62,8.81,,
327,11/24/2006,8.51,10.2,,
328,11/25/2006,9.38,15.5,,
329,11/26/2006,8.93,14.1,,
330,11/27/2006,9.01,14.1,,
331,11/28/2006,9.16,13.8,,
332,11/29/2006,8.56,14.5,,
333,11/30/2006,9.17,14.9,,
334,12/1/2006,8.44,15.4,,
335,12/2/2006,9.71,14.6,,
336,12/3/2006,8.74,12.3,,
337,12/4/2006,9.39,15.0,,
338,12/5/2006,8.37,12.6,,
339,12/6/2006,9.34,13.5,,
340,12/7/2006,8.3,11.7,,
341,12/8/2006,9.44,13.0,,
342,12/9/2006,10.39,14.8,,
343,12/10/2006,9.46,13.8,,
344,12/11/2006,8.3,14.0,,
345,12/12/2006,9.73,12.5,,
346,12/13/2006,8.79,13.2,,
347,12/14/2006,8.58,13.4,,
348,12/15/2006,10.05,14.7,,
349,12/16/2006,10.88,14.6,,
350,12/17/2006,9.53,15.2,,
351,12/18/2006,8.77,16.3,,
352,12/19/2006,8.35,14.5,,
353,12/20/2006,8.66,16.2,,
354,12/21/2006,8.76,16.8,,
355,12/22/2006,8.7,17.0,,
356,12/23/2006,9.28,17.0,,
357,12/24/2006,9.24,16.4,,
358,12/25/2006,8.64,16.5,,
359,12/26/2006,8.12,19.7,,
360,12/27/2006,9.2,18.4,,
361,12/28/2006,8.47,17.3,,
362,12/29/2006,8.85,15.8,,
363,12/30/2006,8.77,17.2,,
364,12/31/2006,8.92,17.9,,
365,1/1/2007,8.81,18.4,,
366,1/2/2007,8.83,19.6,,
367,1/3/2007,8.62,17.6,,
368,1/4/2007,8.54,20.3,,
369,1/5/2007,8.65,23.6,,
370,1/6/2007,8.79,23.1,,
371,1/7/2007,8.97,20.0,,
372,1/8/2007,8.34,22.0,,
373,1/9/2007,8.52,22.0,,
374,1/10/2007,8.42,21.2,,
375,1/11/2007,8.57,21.4,,
376,1/12/2007,8.66,21.0,,
377,1/13/2007,8.61,20.4,,
378,1/14/2007,8.4,19.9,,
379,1/15/2007,8.68,20.3,,
380,1/16/2007,8.38,18.6,,
381,1/17/2007,8.35,21.2,,
382,1/18/2007,8.0,20.5,,
383,1/19/2007,8.04,20.4,,
384,1/20/2007,8.52,21.2,,
385,1/21/2007,8.49,20.3,,
386,1/22/2007,8.13,21.1,,
387,1/23/2007,8.7,22.3,,
388,1/24/2007,7.82,22.8,,
389,1/25/2007,8.02,22.5,,
390,1/26/2007,8.35,21.9,,
391,1/27/2007,8.51,20.4,,
392,1/28/2007,8.48,19.9,,
393,1/29/2007,7.48,20.6,,
394,1/30/2007,10.13,20.2,,
395,1/31/2007,9.52,20.4,,
396,2/1/2007,8.6,18.5,,
397,2/2/2007,8.66,20.2,,
398,2/3/2007,8.48,22.1,,
399,2/4/2007,9.22,19.2,,
400,2/5/2007,8.7,19.2,,
401,2/6/2007,9.0,19.1,,
402,2/7/2007,9.04,19.1,,
403,2/8/2007,8.85,19.2,,
404,2/9/2007,8.99,19.9,,
405,2/10/2007,9.47,20.9,,
406,2/11/2007,9.19,20.9,,
407,2/12/2007,9.69,20.2,,
408,2/13/2007,9.92,19.9,,
409,2/14/2007,9.15,20.2,,
410,2/15/2007,9.57,20.1,,
411,2/16/2007,10.13,20.0,,
412,2/17/2007,8.78,20.2,,
413,2/18/2007,8.59,19.3,,
414,2/19/2007,9.04,21.1,,
415,2/20/2007,8.82,20.3,,
416,2/21/2007,9.02,20.9,,
417,2/22/2007,8.81,20.7,,
418,2/23/2007,6.8,20.7,,
419,2/24/2007,8.75,20.9,,
420,2/25/2007,8.95,20.9,,
421,2/26/2007,9.14,18.0,,
422,2/27/2007,9.76,18.3,,
423,2/28/2007,9.73,18.3,,
424,3/1/2007,9.01,18.4,,
425,3/2/2007,8.94,20.5,,
426,3/3/2007,9.3,20.1,,
427,3/4/2007,9.34,20.1,,
428,3/5/2007,9.05,19.3,,
429,3/6/2007,9.43,18.9,,
430,3/7/2007,3.54,20.1,,
431,3/8/2007,4.62,0.0,,
432,3/9/2007,9.84,19.6,,
433,3/10/2007,9.41,18.0,,
434,3/11/2007,8.89,18.3,,
435,3/12/2007,9.65,17.2,,
436,3/13/2007,7.38,18.2,,
437,3/14/2007,10.22,16.4,,
438,3/15/2007,9.48,12.3,,
439,3/16/2007,9.83,10.9,,
440,3/17/2007,9.62,2.77,,
441,3/18/2007,8.95,0.5,,
442,3/19/2007,9.0,0.5,,
443,3/20/2007,9.41,0.5,,
444,3/21/2007,8.97,0.5,,
445,3/22/2007,8.44,0.5,,
446,3/23/2007,8.33,0.5,,
447,3/24/2007,8.23,0.5,,
448,3/25/2007,8.31,0.5,,
449,3/26/2007,8.15,0.5,,
450,3/27/2007,7.85,0.5,,
451,3/28/2007,8.34,0.5,,
452,3/29/2007,8.29,0.5,,
453,3/30/2007,8.25,0.5,,
454,3/31/2007,8.82,0.5,,
455,4/1/2007,8.6,0.5,,
456,4/2/2007,8.47,0.5,,
457,4/3/2007,9.13,0.5,,
458,4/4/2007,8.58,0.5,,
459,4/5/2007,8.76,0.5,,
460,4/6/2007,8.71,0.5,,
461,4/7/2007,8.75,0.5,,
462,4/8/2007,8.6,0.5,,
463,4/9/2007,8.15,0.5,,
464,4/10/2007,8.78,0.5,,
465,4/11/2007,8.57,0.5,,
466,4/12/2007,8.62,0.5,,
467,4/13/2007,8.63,0.5,,
468,4/14/2007,8.7,0.5,,
469,4/15/2007,8.36,0.5,,
470,4/16/2007,8.69,0.5,,
471,4/17/2007,8.87,0.5,,
472,4/18/2007,9.52,0.5,,
473,4/19/2007,9.96,0.5,,
474,4/20/2007,9.47,0.5,,
475,4/21/2007,9.81,0.5,,
476,4/22/2007,9.68,0.5,,
477,4/23/2007,9.59,0.5,,
478,4/24/2007,9.75,0.5,,
479,4/25/2007,8.4,0.5,,
480,4/26/2007,10.65,0.5,,
481,4/27/2007,9.94,0.5,,
482,4/28/2007,9.47,0.5,,
483,4/29/2007,9.75,0.5,,
484,4/30/2007,9.81,0.5,,
485,5/1/2007,7.55,0.5,,
486,5/2/2007,9.78,0.5,,
487,5/3/2007,9.62,0.5,,
488,5/4/2007,9.19,0.5,,
489,5/5/2007,9.65,0.5,,
490,5/6/2007,9.48,0.5,,
491,5/7/2007,9.64,0.5,,
492,5/8/2007,9.88,0.5,,
493,5/9/2007,9.09,0.5,,
494,5/10/2007,9.09,0.5,,
495,5/11/2007,8.83,0.5,,
496,5/12/2007,8.24,0.5,,
497,5/13/2007,8.51,0.5,,
498,5/14/2007,8.78,0.5,,
499,5/15/2007,8.72,0.5,,
500,5/16/2007,9.37,0.5,,
501,5/17/2007,8.8,0.5,,
502,5/18/2007,8.53,0.5,,
503,5/19/2007,7.87,0.5,,
504,5/20/2007,8.77,0.5,,
505,5/21/2007,8.73,0.5,,
506,5/22/2007,9.09,0.5,,
507,5/23/2007,8.81,0.5,,
508,5/24/2007,8.65,0.5,,
509,5/25/2007,8.84,0.5,,
510,5/26/2007,9.48,0.5,,
511,5/27/2007,8.01,0.5,,
512,5/28/2007,9.19,0.5,,
513,5/29/2007,8.72,0.5,,
514,5/30/2007,4.07,0.5,,
515,5/31/2007,9.87,0.5,,
516,6/1/2007,10.4,0.5,,
517,6/2/2007,9.21,0.5,,
518,6/3/2007,8.46,0.5,,
519,6/4/2007,8.06,0.5,,
520,6/5/2007,8.17,0.5,,
521,6/6/2007,8.15,0.5,,
522,6/7/2007,7.45,0.5,,
523,6/8/2007,8.0,0.5,,
524,6/9/2007,8.46,0.5,,
525,6/10/2007,8.56,0.5,,
526,6/11/2007,8.32,0.5,,
527,6/12/2007,8.4,0.5,,
528,6/13/2007,8.34,0.5,,
529,6/14/2007,8.11,0.5,,
530,6/15/2007,8.53,0.5,,
531,6/16/2007,8.14,0.5,,
532,6/17/2007,8.32,0.5,,
533,6/18/2007,7.95,0.5,,
534,6/19/2007,8.16,0.5,,
535,6/20/2007,8.1,0.5,,
536,6/21/2007,7.47,0.5,,
537,6/22/2007,7.73,0.5,,
538,6/23/2007,7.59,0.5,,
539,6/24/2007,7.74,0.5,,
540,6/25/2007,7.73,0.5,,
541,6/26/2007,7.97,0.5,,
542,6/27/2007,8.89,0.5,,
543,6/28/2007,8.33,0.5,4.5,
544,6/29/2007,8.38,0.5,,
545,6/30/2007,8.16,0.5,,
546,7/1/2007,8.48,0.5,,
547,7/2/2007,8.47,0.5,4.6,
548,7/3/2007,9.42,0.5,,
549,7/4/2007,8.83,0.5,,
550,7/5/2007,8.61,0.5,,
551,7/6/2007,8.68,0.5,,
552,7/7/2007,8.55,0.5,,
553,7/8/2007,8.56,0.5,,
554,7/9/2007,8.53,0.5,5.2,
555,7/10/2007,8.72,0.5,,
556,7/11/2007,9.03,0.5,,
557,7/12/2007,6.83,0.5,,
558,7/13/2007,8.45,0.5,,
559,7/14/2007,8.56,0.5,,
560,7/15/2007,9.35,0.5,,
561,7/16/2007,8.44,0.5,,
562,7/17/2007,7.04,0.5,5.5,2.4
563,7/18/2007,8.87,0.5,,
564,7/19/2007,8.17,0.5,,
565,7/20/2007,7.73,0.5,,
566,7/21/2007,7.96,0.5,,
567,7/22/2007,8.57,0.5,,
568,7/23/2007,7.66,0.5,,
569,7/24/2007,8.23,0.5,5.2,
570,7/25/2007,9.42,0.5,,
571,7/26/2007,9.13,0.5,,
572,7/27/2007,8.97,0.5,,
573,7/28/2007,8.06,0.5,,
574,7/29/2007,8.87,0.5,,
575,7/30/2007,7.88,0.5,,
576,7/31/2007,6.8,0.5,5.5,
577,8/1/2007,8.26,0.5,,
578,8/2/2007,9.06,0.5,,
579,8/3/2007,7.44,0.5,,
580,8/4/2007,9.72,0.5,,
581,8/5/2007,9.15,0.5,,
582,8/6/2007,8.51,0.5,,
583,8/7/2007,8.15,0.5,5.3,
584,8/8/2007,8.08,0.5,,
585,8/9/2007,8.16,0.5,,
586,8/10/2007,8.03,0.5,,
587,8/11/2007,8.26,0.5,,
588,8/12/2007,8.55,0.5,,
589,8/13/2007,9.32,0.5,,
590,8/14/2007,8.73,0.5,,
591,8/15/2007,8.17,0.5,,
592,8/16/2007,8.08,0.5,,
593,8/17/2007,8.27,0.5,,
594,8/18/2007,8.4,0.5,,
595,8/19/2007,8.3,0.5,,
596,8/20/2007,8.34,0.5,,
597,8/21/2007,9.06,0.5,,
598,8/22/2007,8.49,0.5,,
599,8/23/2007,8.11,0.5,5.4,
600,8/24/2007,8.03,0.5,,
601,8/25/2007,7.45,0.5,,
602,8/26/2007,8.13,0.5,,
603,8/27/2007,8.28,0.5,,
604,8/28/2007,8.5,0.5,,
605,8/29/2007,8.45,0.5,5.8,0.19
606,8/30/2007,7.82,0.5,,
607,8/31/2007,8.04,0.5,,
608,9/1/2007,8.11,0.5,,
609,9/2/2007,7.73,0.5,,
610,9/3/2007,8.4,0.5,,
611,9/4/2007,8.26,0.5,,
612,9/5/2007,8.36,0.5,6.4,
613,9/6/2007,8.42,0.5,,
614,9/7/2007,8.18,0.5,,
615,9/8/2007,7.2,0.5,,
616,9/9/2007,8.25,0.5,,
617,9/10/2007,8.48,0.5,,
618,9/11/2007,8.4,0.5,,
619,9/12/2007,8.52,0.5,6.0,
620,9/13/2007,7.91,0.5,,
621,9/14/2007,8.23,0.5,,
622,9/15/2007,7.66,0.5,,
623,9/16/2007,8.02,0.5,,
624,9/17/2007,7.93,0.5,,
625,9/18/2007,8.56,0.5,,
626,9/19/2007,8.68,0.5,,
627,9/20/2007,7.92,0.5,5.3,0.28
628,9/21/2007,8.07,0.5,,
629,9/22/2007,7.67,0.5,,
630,9/23/2007,8.16,0.5,,
631,9/24/2007,8.16,0.5,,
632,9/25/2007,8.18,0.5,,
633,9/26/2007,8.27,0.5,,
634,9/27/2007,7.84,0.5,6.0,
635,9/28/2007,8.04,0.5,,
636,9/29/2007,8.38,0.5,,
637,9/30/2007,8.4,0.5,,
638,10/1/2007,7.68,0.5,,
639,10/2/2007,7.84,0.5,,
640,10/3/2007,8.45,0.5,,
641,10/4/2007,7.92,0.5,5.7,
642,10/5/2007,8.11,0.5,,
643,10/6/2007,7.9,0.5,,
644,10/7/2007,7.58,0.5,,
645,10/8/2007,7.72,0.5,,
646,10/9/2007,8.03,0.5,5.8,
647,10/10/2007,8.16,0.5,,
648,10/11/2007,7.94,0.5,,
649,10/12/2007,8.0,0.5,,
650,10/13/2007,9.04,0.5,,
651,10/14/2007,7.98,0.5,,
652,10/15/2007,6.72,0.5,,
653,10/16/2007,10.82,0.5,,
654,10/17/2007,9.22,0.5,,
655,10/18/2007,8.76,0.5,6.0,
656,10/19/2007,8.81,0.5,,
657,10/20/2007,8.03,0.5,,
658,10/21/2007,8.08,0.5,,
659,10/22/2007,8.82,0.5,,
660,10/23/2007,8.56,0.5,5.8,
661,10/24/2007,8.59,0.5,,3.1
662,10/25/2007,8.52,0.5,,
663,10/26/2007,8.48,0.5,,
664,10/27/2007,8.32,0.5,,
665,10/28/2007,8.32,0.5,,
666,10/29/2007,8.94,0.5,,
667,10/30/2007,7.95,0.5,,
668,10/31/2007,9.17,0.5,6.4,
669,11/1/2007,7.74,0.5,,
670,11/2/2007,8.48,0.5,,
671,11/3/2007,8.14,0.5,,
672,11/4/2007,8.89,0.5,,
673,11/5/2007,8.57,0.5,,
674,11/6/2007,8.74,0.5,,
675,11/7/2007,8.88,0.5,6.8,
676,11/8/2007,9.76,0.5,,
677,11/9/2007,8.65,0.5,,
678,11/10/2007,8.14,0.5,,
679,11/11/2007,8.49,0.5,,
680,11/12/2007,8.69,0.5,,
681,11/13/2007,8.97,0.5,6.0,2.4
682,11/14/2007,8.63,0.5,,
683,11/15/2007,8.28,0.5,,
684,11/16/2007,8.31,0.5,,
685,11/17/2007,7.94,0.5,,
686,11/18/2007,8.55,0.5,,
687,11/19/2007,8.18,0.5,6.8,
688,11/20/2007,8.78,0.5,,
689,11/21/2007,8.37,0.5,,
690,11/22/2007,8.64,0.5,,
691,11/23/2007,8.24,0.5,,
692,11/24/2007,7.58,0.5,,
693,11/25/2007,8.6,0.5,,
694,11/26/2007,8.41,0.5,,
695,11/27/2007,7.93,0.5,,
696,11/28/2007,8.47,0.5,6.6,
697,11/29/2007,8.24,0.5,,
698,11/30/2007,8.75,0.5,,
699,12/1/2007,7.92,0.5,,
700,12/2/2007,8.37,0.5,,
701,12/3/2007,8.56,0.5,6.7,3.5
702,12/4/2007,8.08,0.5,,
703,12/5/2007,8.72,0.5,,
704,12/6/2007,6.27,0.5,,
705,12/7/2007,9.82,0.5,,
706,12/8/2007,8.26,0.5,,
707,12/9/2007,8.88,0.5,,
708,12/10/2007,9.36,0.5,6.2,
709,12/11/2007,8.72,0.5,,
710,12/12/2007,8.98,0.5,,
711,12/13/2007,6.97,0.5,,
712,12/14/2007,8.88,0.5,,
713,12/15/2007,7.25,0.5,,
714,12/16/2007,8.31,0.5,,
715,12/17/2007,8.55,0.5,,
716,12/18/2007,8.4,0.5,,
717,12/19/2007,9.75,0.5,6.2,
718,12/20/2007,8.13,0.5,,
719,12/21/2007,8.56,0.5,,
720,12/22/2007,7.66,0.5,,
721,12/23/2007,8.8,0.5,,
722,12/24/2007,8.65,0.5,,
723,12/25/2007,8.57,0.5,,
724,12/26/2007,8.59,0.5,8.3,
725,12/27/2007,8.6,0.5,,
726,12/28/2007,8.54,0.5,,
727,12/29/2007,7.67,0.5,,
728,12/30/2007,8.4,0.5,,
729,12/31/2007,8.37,0.5,,
730,1/1/2008,8.25,0.5,,
731,1/2/2008,8.67,0.5,,
732,1/3/2008,8.08,0.5,,
733,1/4/2008,8.76,0.5,,
734,1/5/2008,8.63,0.5,,
735,1/6/2008,9.0,0.5,,
736,1/7/2008,9.69,0.5,,
737,1/8/2008,8.96,0.5,,
738,1/9/2008,9.04,0.5,,
739,1/10/2008,8.93,0.5,,
740,1/11/2008,9.37,0.5,,
741,1/12/2008,9.19,0.5,,
742,1/13/2008,9.42,0.5,,
743,1/14/2008,9.65,0.5,,
744,1/15/2008,9.12,0.5,,
745,1/16/2008,9.22,0.5,,
746,1/17/2008,9.08,0.5,,
747,1/18/2008,8.61,0.5,,
748,1/19/2008,7.2,0.5,,
749,1/20/2008,9.8,0.5,,
750,1/21/2008,8.51,0.5,,
751,1/22/2008,9.49,0.5,,
752,1/23/2008,10.22,0.5,,
753,1/24/2008,9.24,0.5,,
754,1/25/2008,9.54,0.5,,
755,1/26/2008,9.08,0.5,,
756,1/27/2008,9.56,0.5,,
757,1/28/2008,9.43,0.5,,
758,1/29/2008,9.48,0.5,,
759,1/30/2008,8.97,0.5,,
760,1/31/2008,8.71,0.5,,
761,2/1/2008,9.63,0.5,,
762,2/2/2008,8.92,0.5,,
763,2/3/2008,9.76,0.5,,
764,2/4/2008,9.68,0.5,,
765,2/5/2008,9.63,0.5,,
766,2/6/2008,9.04,0.5,,
767,2/7/2008,9.66,0.5,,
768,2/8/2008,9.26,0.5,,
769,2/9/2008,8.9,0.5,,
770,2/10/2008,8.94,0.5,,
771,2/11/2008,9.26,0.5,,
772,2/12/2008,9.09,0.5,,
773,2/13/2008,9.62,0.5,,
774,2/14/2008,8.15,0.5,,
775,2/15/2008,8.27,0.5,,
776,2/16/2008,9.08,0.5,,
777,2/17/2008,8.25,0.5,,
778,2/18/2008,9.08,0.5,,
779,2/19/2008,9.06,0.5,,
780,2/20/2008,8.54,0.5,,
781,2/21/2008,8.29,0.5,,
782,2/22/2008,8.89,0.5,,
783,2/23/2008,8.75,0.5,,
784,2/24/2008,8.52,0.5,,
785,2/25/2008,8.66,0.5,,
786,2/26/2008,8.62,0.5,,
787,2/27/2008,9.17,0.5,,
788,2/28/2008,8.44,0.5,,
789,2/29/2008,8.74,0.5,,
790,3/1/2008,8.16,0.5,,
791,3/2/2008,9.05,0.5,,
792,3/3/2008,8.57,0.5,,
793,3/4/2008,7.9,0.5,,
794,3/5/2008,9.16,0.5,,
795,3/6/2008,8.37,0.5,,
796,3/7/2008,8.37,0.5,,
797,3/8/2008,8.32,0.5,,
798,3/9/2008,8.53,0.5,,
799,3/10/2008,8.72,0.5,,
800,3/11/2008,9.35,0.5,,
801,3/12/2008,8.59,0.5,,
802,3/13/2008,8.71,0.5,,
803,3/14/2008,8.9,0.5,,
804,3/15/2008,8.87,0.5,,
805,3/16/2008,9.03,0.5,,
806,3/17/2008,8.66,0.5,,
807,3/18/2008,9.12,0.5,,
808,3/19/2008,8.58,0.5,,
809,3/20/2008,8.77,0.5,,
810,3/21/2008,8.43,0.5,,
811,3/22/2008,8.43,0.5,,
812,3/23/2008,8.88,0.5,,
813,3/24/2008,8.4,0.5,,
814,3/25/2008,8.33,0.5,,
815,3/26/2008,8.68,0.5,,
816,3/27/2008,8.36,0.5,,
817,3/28/2008,8.18,0.5,,
818,3/29/2008,8.44,0.5,,
819,3/30/2008,7.55,0.5,,
820,3/31/2008,8.32,0.5,,
821,4/1/2008,8.26,0.5,,
822,4/2/2008,9.63,0.5,,
823,4/3/2008,8.89,0.5,,
824,4/4/2008,8.41,0.5,,
825,4/5/2008,8.94,0.5,,
826,4/6/2008,8.27,0.5,,
827,4/7/2008,8.66,0.5,,
828,4/8/2008,8.79,0.5,,
829,4/9/2008,8.36,0.5,,
830,4/10/2008,8.67,0.5,,
831,4/11/2008,9.29,0.5,,
832,4/12/2008,9.35,0.5,,
833,4/13/2008,9.1,0.5,,
834,4/14/2008,9.19,0.5,,
835,4/15/2008,9.39,0.5,,
836,4/16/2008,9.22,0.5,,
837,4/17/2008,9.8,0.5,,
838,4/18/2008,9.25,0.5,,
839,4/19/2008,9.6,0.5,,
840,4/20/2008,8.94,0.5,,
841,4/21/2008,9.28,0.5,,
842,4/22/2008,8.81,0.5,,
843,4/23/2008,8.85,0.5,,
844,4/24/2008,9.42,0.5,,
845,4/25/2008,9.45,0.5,,
846,4/26/2008,10.08,0.5,,
847,4/27/2008,9.53,0.5,,
848,4/28/2008,10.07,0.5,,
849,4/29/2008,8.32,0.5,,
850,4/30/2008,9.14,0.5,,
851,5/1/2008,9.09,0.5,,
852,5/2/2008,9.37,0.5,,
853,5/3/2008,8.79,0.5,,
854,5/4/2008,8.21,0.5,,
855,5/5/2008,9.51,0.5,,
856,5/6/2008,8.27,0.5,,
857,5/7/2008,7.63,0.5,,
858,5/8/2008,8.47,0.5,,
859,5/9/2008,8.57,0.5,,
860,5/10/2008,8.92,0.5,,
861,5/11/2008,8.9,0.5,,
862,5/12/2008,8.5,0.5,,
863,5/13/2008,8.92,0.5,,
864,5/14/2008,8.81,0.5,,
865,5/15/2008,8.59,0.5,,
866,5/16/2008,8.63,0.5,,
867,5/17/2008,7.68,0.5,,
868,5/18/2008,8.14,0.5,,
869,5/19/2008,8.33,0.5,,
870,5/20/2008,7.88,0.5,,
871,5/21/2008,8.05,0.5,,
872,5/22/2008,7.96,0.5,,
873,5/23/2008,8.52,0.5,,
874,5/24/2008,8.03,0.5,,
875,5/25/2008,9.04,0.5,,
876,5/26/2008,8.6,0.5,,
877,5/27/2008,8.64,0.5,,
878,5/28/2008,8.55,0.5,,
879,5/29/2008,8.91,0.5,,
880,5/30/2008,8.51,0.5,,
881,5/31/2008,8.53,0.5,,
882,6/1/2008,9.08,0.5,,
883,6/2/2008,8.43,0.5,,
884,6/3/2008,8.8,0.5,,
885,6/4/2008,7.71,0.5,,
886,6/5/2008,8.91,0.5,,
887,6/6/2008,8.59,0.5,,
888,6/7/2008,7.97,0.5,,
889,6/8/2008,8.47,0.5,,
890,6/9/2008,8.12,0.5,,
891,6/10/2008,8.27,0.5,,
892,6/11/2008,7.87,0.5,,
893,6/12/2008,7.83,0.5,,
894,6/13/2008,8.47,0.5,,
895,6/14/2008,8.08,0.5,,
896,6/15/2008,8.23,0.5,,
897,6/16/2008,7.83,0.5,,
898,6/17/2008,8.22,0.5,,
899,6/18/2008,8.27,0.5,,
900,6/19/2008,7.95,0.5,,
901,6/20/2008,7.94,0.5,,
902,6/21/2008,8.5,0.5,,
903,6/22/2008,7.95,0.5,,
904,6/23/2008,8.19,0.5,,
905,6/24/2008,7.93,0.5,,
906,6/25/2008,8.13,0.5,,
907,6/26/2008,8.32,0.5,,
908,6/27/2008,8.0,0.5,,
909,6/28/2008,8.38,0.5,,
910,6/29/2008,8.28,0.5,,
911,6/30/2008,8.06,0.5,,
912,7/1/2008,8.11,0.5,,
913,7/2/2008,8.56,0.5,,
914,7/3/2008,8.53,0.5,,
915,7/4/2008,9.29,0.5,,
916,7/5/2008,8.94,0.5,,
917,7/6/2008,8.38,0.5,,
918,7/7/2008,8.56,0.5,,
919,7/8/2008,8.54,0.5,,
920,7/9/2008,8.56,0.5,,
921,7/10/2008,9.13,0.5,,
922,7/11/2008,8.81,0.5,,
923,7/12/2008,9.02,0.5,,
924,7/13/2008,8.6,0.5,,
925,7/14/2008,8.76,0.5,,
926,7/15/2008,9.16,0.5,,
927,7/16/2008,8.9,0.5,,
928,7/17/2008,9.28,0.5,,
929,7/18/2008,9.24,0.5,,
930,7/19/2008,9.49,0.5,,
931,7/20/2008,8.63,0.5,,
932,7/21/2008,7.72,0.5,,
933,7/22/2008,8.88,0.5,,
934,7/23/2008,8.24,0.5,,
935,7/24/2008,8.75,0.5,,
936,7/25/2008,8.92,0.5,,
937,7/26/2008,7.89,0.5,,
938,7/27/2008,8.08,0.5,,
939,7/28/2008,8.59,0.5,,
940,7/29/2008,7.94,0.5,,
941,7/30/2008,8.32,0.5,,
942,7/31/2008,7.97,0.5,,
943,8/1/2008,7.97,0.5,,
944,8/2/2008,8.27,0.5,,
945,8/3/2008,7.96,0.5,,
946,8/4/2008,7.89,0.5,,
947,8/5/2008,8.36,0.5,,
948,8/6/2008,8.13,0.5,,
949,8/7/2008,8.26,0.5,,
950,8/8/2008,8.37,0.5,,
951,8/9/2008,8.56,0.5,,
952,8/10/2008,8.14,0.5,,
953,8/11/2008,8.4,0.5,,
954,8/12/2008,8.65,0.5,,
955,8/13/2008,9.03,0.5,,
956,8/14/2008,8.16,0.5,,
957,8/15/2008,8.77,0.5,,
958,8/16/2008,8.31,0.5,,
959,8/17/2008,8.24,0.5,,
960,8/18/2008,8.62,0.5,,
961,8/19/2008,8.42,0.5,,
962,8/20/2008,8.78,0.5,,
963,8/21/2008,8.16,0.5,,
964,8/22/2008,8.45,0.5,,
965,8/23/2008,8.54,0.5,,
966,8/24/2008,8.33,0.5,,
967,8/25/2008,8.2,0.5,,
968,8/26/2008,8.17,0.5,,
969,8/27/2008,8.46,0.5,,
970,8/28/2008,8.23,0.5,,
971,8/29/2008,8.46,0.5,,
972,8/30/2008,8.46,0.5,,
973,8/31/2008,7.89,0.5,,
974,9/1/2008,7.85,0.5,,
975,9/2/2008,8.14,0.5,,
976,9/3/2008,8.64,0.5,,
977,9/4/2008,7.66,0.5,,
978,9/5/2008,8.16,0.5,,
979,9/6/2008,8.4,0.5,,
980,9/7/2008,8.19,0.5,,
981,9/8/2008,8.12,0.5,,
982,9/9/2008,8.37,0.5,,
983,9/10/2008,8.1,0.5,,
984,9/11/2008,8.1,0.5,,
985,9/12/2008,8.34,0.5,,
986,9/13/2008,8.67,0.5,,
987,9/14/2008,8.6,0.5,,
988,9/15/2008,8.38,0.5,,
989,9/16/2008,8.19,0.5,,
990,9/17/2008,7.94,0.5,,
991,9/18/2008,8.08,0.5,,
992,9/19/2008,8.64,0.5,,
993,9/20/2008,8.85,0.5,,
994,9/21/2008,8.4,0.5,,
995,9/22/2008,8.77,0.5,,
996,9/23/2008,7.87,0.5,5.7,
997,9/24/2008,9.14,0.5,,
998,9/25/2008,8.79,0.5,,
999,9/26/2008,9.13,0.5,,
1000,9/27/2008,9.18,0.5,,
1001,9/28/2008,8.72,0.5,,
1002,9/29/2008,9.03,0.5,,
1003,9/30/2008,8.45,0.5,,
1004,10/1/2008,8.43,0.5,,
1005,10/2/2008,8.59,0.5,,
1006,10/3/2008,8.31,0.5,,
1007,10/4/2008,8.11,0.5,,
1008,10/5/2008,8.38,0.5,,
1009,10/6/2008,8.5,0.5,,
1010,10/7/2008,8.02,0.5,,
1011,10/8/2008,8.02,0.5,,
1012,10/9/2008,7.87,0.5,,
1013,10/10/2008,8.42,0.5,,
1014,10/11/2008,8.49,0.5,,
1015,10/12/2008,8.94,0.5,,
1016,10/13/2008,8.53,0.5,,
1017,10/14/2008,8.76,0.5,,
1018,10/15/2008,8.57,0.5,,
1019,10/16/2008,8.96,0.5,,
1020,10/17/2008,8.93,0.5,,
1021,10/18/2008,8.57,0.5,,
1022,10/19/2008,8.39,0.5,,
1023,10/20/2008,8.81,0.5,,
1024,10/21/2008,8.6,0.5,,
1025,10/22/2008,8.51,0.5,,
1026,10/23/2008,8.14,0.5,,
1027,10/24/2008,8.96,0.5,,
1028,10/25/2008,9.51,0.5,,
1029,10/26/2008,8.11,0.5,,
1030,10/27/2008,8.57,0.5,,
1031,10/28/2008,8.62,0.5,,
1032,10/29/2008,8.55,0.5,,
1033,10/30/2008,8.33,0.5,,
1034,10/31/2008,8.67,0.5,,
1035,11/1/2008,9.04,0.5,,
1036,11/2/2008,8.77,0.5,,
1037,11/3/2008,8.84,0.5,,
1038,11/4/2008,8.58,0.5,,
1039,11/5/2008,8.69,0.5,,
1040,11/6/2008,8.67,0.5,,
1041,11/7/2008,8.65,0.5,,
1042,11/8/2008,9.7,0.5,,
1043,11/9/2008,8.85,0.5,,
1044,11/10/2008,8.87,0.5,,
1045,11/11/2008,8.91,0.5,,
1046,11/12/2008,8.67,0.5,,
1047,11/13/2008,8.72,0.5,,
1048,11/14/2008,8.92,0.5,,
1049,11/15/2008,8.68,0.5,,
1050,11/16/2008,8.55,0.5,,
1051,11/17/2008,8.95,0.5,,
1052,11/18/2008,8.65,0.5,,
1053,11/19/2008,8.29,0.5,,
1054,11/20/2008,8.48,0.5,,
1055,11/21/2008,8.64,0.5,,
1056,11/22/2008,8.94,0.5,,
1057,11/23/2008,8.52,0.5,,
1058,11/24/2008,8.73,0.5,,
1059,11/25/2008,8.66,0.5,,
1060,11/26/2008,8.48,0.5,,
1061,11/27/2008,9.13,0.5,,
1062,11/28/2008,8.75,,,
1063,11/29/2008,8.56,0.5,,
1064,11/30/2008,8.45,0.5,,
1065,12/1/2008,8.87,0.5,,
1066,12/2/2008,8.2,0.5,,
1067,12/3/2008,8.52,0.5,,
1068,12/4/2008,8.36,0.5,,
1069,12/5/2008,8.52,0.5,,
1070,12/6/2008,8.89,0.5,,
1071,12/7/2008,8.65,0.5,,
1072,12/8/2008,8.86,0.5,,
1073,12/9/2008,8.72,0.5,,
1074,12/10/2008,8.56,0.5,,
1075,12/11/2008,8.55,0.5,,
1076,12/12/2008,8.51,0.5,,
1077,12/13/2008,8.35,0.5,,
1078,12/14/2008,8.66,0.5,,
1079,12/15/2008,8.63,0.5,,
1080,12/16/2008,8.95,0.5,,
1081,12/17/2008,8.35,0.5,,
1082,12/18/2008,8.7,0.5,,
1083,12/19/2008,8.6,0.5,,
1084,12/20/2008,8.7,0.5,,
1085,12/21/2008,8.64,0.5,,
1086,12/22/2008,8.66,0.5,,
1087,12/23/2008,8.65,0.5,,
1088,12/24/2008,8.89,0.5,,
1089,12/25/2008,8.89,0.5,,
1090,12/26/2008,8.51,0.5,,
1091,12/27/2008,8.92,0.5,,
1092,12/28/2008,8.53,0.5,,
1093,12/29/2008,8.6,0.5,,
1094,12/30/2008,8.31,0.5,,
1095,12/31/2008,8.95,0.5,,
1096,1/1/2009,8.52,0.5,,
1097,1/2/2009,8.72,0.5,,
1098,1/3/2009,9.03,0.5,,
1099,1/4/2009,9.12,0.5,,
1100,1/5/2009,8.7,0.5,,
1101,1/6/2009,8.48,0.5,,
1102,1/7/2009,8.2,0.5,,
1103,1/8/2009,8.91,0.5,,
1104,1/9/2009,8.7,0.5,,
1105,1/10/2009,8.62,0.5,,
1106,1/11/2009,9.22,0.5,,
1107,1/12/2009,8.78,0.5,,
1108,1/13/2009,8.84,0.5,,
1109,1/14/2009,8.0,0.5,,
1110,1/15/2009,8.46,0.5,,
1111,1/16/2009,8.5,0.5,,
1112,1/17/2009,8.42,0.5,,
1113,1/18/2009,9.05,0.5,,
1114,1/19/2009,8.41,0.5,,
1115,1/20/2009,8.18,0.5,,
1116,1/21/2009,8.44,0.5,,
1117,1/22/2009,9.06,0.5,,
1118,1/23/2009,9.18,0.5,,
1119,1/24/2009,9.06,0.5,,
1120,1/25/2009,8.72,0.5,,
1121,1/26/2009,9.2,0.5,,
1122,1/27/2009,9.68,0.5,,
1123,1/28/2009,8.79,0.5,,
1124,1/29/2009,8.63,0.5,,
1125,1/30/2009,8.89,0.5,,
1126,1/31/2009,8.96,0.5,,
1127,2/1/2009,8.5,0.5,,
1128,2/2/2009,9.0,0.5,,
1129,2/3/2009,8.3,0.5,,
1130,2/4/2009,8.53,0.5,,
1131,2/5/2009,8.68,0.5,,
1132,2/6/2009,8.72,0.5,,
1133,2/7/2009,8.98,0.5,,
1134,2/8/2009,8.9,0.5,,
1135,2/9/2009,8.64,0.5,,
1136,2/10/2009,8.93,0.5,,
1137,2/11/2009,8.61,0.5,,
1138,2/12/2009,8.9,0.5,,
1139,2/13/2009,8.44,0.5,,
1140,2/14/2009,8.91,0.5,,
1141,2/15/2009,7.44,0.5,,
1142,2/16/2009,8.94,0.5,,
1143,2/17/2009,8.94,0.5,,
1144,2/18/2009,8.94,0.5,,
1145,2/19/2009,9.14,0.5,,
1146,2/20/2009,8.72,0.5,,
1147,2/21/2009,9.13,0.5,,
1148,2/22/2009,8.7,0.5,,
1149,2/23/2009,9.58,0.5,,
1150,2/24/2009,8.49,0.5,,
1151,2/25/2009,8.84,0.5,,
1152,2/26/2009,8.4,0.5,,
1153,2/27/2009,8.3,0.5,,
1154,2/28/2009,7.97,0.5,,
1155,3/1/2009,8.66,0.5,,
1156,3/2/2009,8.71,0.5,,
1157,3/3/2009,8.0,0.5,,
1158,3/4/2009,8.21,0.5,,
1159,3/5/2009,8.41,0.5,5.7,
1160,3/6/2009,8.51,0.5,,
1161,3/7/2009,8.15,0.5,,
1162,3/8/2009,8.66,0.5,,
1163,3/9/2009,8.32,0.5,5.4,
1164,3/10/2009,7.71,0.5,,
1165,3/11/2009,8.19,0.5,,
1166,3/12/2009,6.66,0.5,,
1167,3/13/2009,7.63,0.5,,
1168,3/14/2009,7.75,0.5,,
1169,3/15/2009,8.24,0.5,,
1170,3/16/2009,9.16,0.5,,
1171,3/17/2009,7.96,0.5,,
1172,3/18/2009,7.88,0.5,,
1173,3/19/2009,8.18,0.5,,
1174,3/20/2009,7.97,0.5,,
1175,3/21/2009,7.75,0.5,,
1176,3/22/2009,8.11,0.5,,
1177,3/23/2009,7.95,0.5,,
1178,3/24/2009,8.03,0.5,,
1179,3/25/2009,7.99,0.5,,
1180,3/26/2009,8.24,0.5,,
1181,3/27/2009,7.92,0.5,,
1182,3/28/2009,8.07,0.5,,
1183,3/29/2009,8.37,0.5,,
1184,3/30/2009,7.64,0.5,,
1185,3/31/2009,8.01,0.5,6.3,
1186,4/1/2009,7.67,2.52,,3.7
1187,4/2/2009,8.27,0.5,,
1188,4/3/2009,8.06,0.5,,
1189,4/4/2009,7.91,0.5,,
1190,4/5/2009,8.45,0.5,,
1191,4/6/2009,8.71,0.5,6.0,
1192,4/7/2009,7.51,0.5,,
1193,4/8/2009,8.1,0.5,,
1194,4/9/2009,7.68,0.5,,
1195,4/10/2009,7.94,0.5,,
1196,4/11/2009,7.79,0.5,,
1197,4/12/2009,8.2,0.5,,
1198,4/13/2009,7.7,0.5,6.0,
1199,4/14/2009,7.96,0.5,,
1200,4/15/2009,7.8,0.5,,
1201,4/16/2009,7.65,0.5,,
1202,4/17/2009,8.03,0.5,,
1203,4/18/2009,7.83,0.5,,
1204,4/19/2009,7.87,0.5,,
1205,4/20/2009,7.94,0.5,5.9,
1206,4/21/2009,7.75,0.5,,
1207,4/22/2009,8.07,0.5,,
1208,4/23/2009,8.07,0.5,,3.3
1209,4/24/2009,7.62,0.5,,
1210,4/25/2009,7.82,0.5,,
1211,4/26/2009,8.18,0.5,,
1212,4/27/2009,7.71,0.5,6.1,
1213,4/28/2009,7.96,0.5,,
1214,4/29/2009,7.79,0.5,,
1215,4/30/2009,7.84,0.5,,
1216,5/1/2009,8.19,0.5,,
1217,5/2/2009,8.19,0.5,,
1218,5/3/2009,8.24,0.5,,
1219,5/4/2009,7.71,0.5,6.2,
1220,5/5/2009,8.08,0.5,,
1221,5/6/2009,8.04,0.5,,3.2
1222,5/7/2009,8.08,0.5,,
1223,5/8/2009,7.5,0.5,,
1224,5/9/2009,8.18,0.5,,
1225,5/10/2009,8.05,0.5,,
1226,5/11/2009,8.17,0.5,,
1227,5/12/2009,8.62,0.5,6.1,
1228,5/13/2009,8.63,0.5,,
1229,5/14/2009,8.55,0.5,,
1230,5/15/2009,8.74,0.5,,
1231,5/16/2009,8.59,0.5,,
1232,5/17/2009,8.65,0.5,,
1233,5/18/2009,8.67,0.5,5.3,
1234,5/19/2009,8.56,0.5,,
1235,5/20/2009,8.29,0.5,,
1236,5/21/2009,8.68,0.5,,
1237,5/22/2009,8.48,0.5,,
1238,5/23/2009,8.85,0.5,,
1239,5/24/2009,8.3,0.5,,
1240,5/25/2009,8.64,0.5,,
1241,5/26/2009,8.51,0.5,,
1242,5/27/2009,8.49,0.5,6.0,
1243,5/28/2009,8.8,0.5,,
1244,5/29/2009,8.36,0.5,,
1245,5/30/2009,8.59,0.5,,
1246,5/31/2009,9.11,0.5,,
1247,6/1/2009,8.56,0.5,,3.6
1248,6/2/2009,8.4,0.5,5.7,3.2
1249,6/3/2009,7.97,0.5,,
1250,6/4/2009,7.84,0.5,,
1251,6/5/2009,7.31,0.5,,
1252,6/6/2009,7.91,0.5,,
1253,6/7/2009,7.31,0.5,,
1254,6/8/2009,7.32,0.5,5.2,
1255,6/9/2009,7.4,0.5,,
1256,6/10/2009,7.4,0.5,,
1257,6/11/2009,7.42,0.5,,
1258,6/12/2009,7.29,0.5,,
1259,6/13/2009,7.1,0.5,,
1260,6/14/2009,7.13,0.5,,
1261,6/15/2009,7.4,0.5,,
1262,6/16/2009,7.22,0.5,5.5,
1263,6/17/2009,7.59,0.5,,
1264,6/18/2009,7.09,0.5,,
1265,6/19/2009,7.45,0.5,,
1266,6/20/2009,7.17,0.5,,
1267,6/21/2009,7.52,0.5,,
1268,6/22/2009,7.03,0.5,,
1269,6/23/2009,7.38,0.5,5.7,
1270,6/24/2009,7.61,0.5,,
1271,6/25/2009,7.37,0.5,,
1272,6/26/2009,7.78,0.5,,
1273,6/27/2009,7.77,0.5,,
1274,6/28/2009,7.26,0.5,,
1275,6/29/2009,8.26,0.5,6.2,
1276,6/30/2009,7.44,0.5,,
1277,7/1/2009,7.86,0.5,,
1278,7/2/2009,7.26,0.5,,
1279,7/3/2009,7.54,0.5,,
1280,7/4/2009,7.63,0.5,,
1281,7/5/2009,7.18,0.5,,
1282,7/6/2009,7.17,0.5,,
1283,7/7/2009,7.14,0.5,6.2,
1284,7/8/2009,7.47,0.5,,3.1
1285,7/9/2009,7.26,0.5,,
1286,7/10/2009,7.09,0.5,,
1287,7/11/2009,7.14,0.5,,
1288,7/12/2009,7.28,0.5,,
1289,7/13/2009,7.27,0.5,5.9,
1290,7/14/2009,7.09,0.5,,
1291,7/15/2009,7.13,0.5,,
1292,7/16/2009,7.4,0.5,,
1293,7/17/2009,7.21,0.5,,
1294,7/18/2009,7.4,0.5,,
1295,7/19/2009,7.61,0.5,,
1296,7/20/2009,7.37,0.5,5.4,
1297,7/21/2009,7.65,0.5,,
1298,7/22/2009,7.38,0.5,,
1299,7/23/2009,7.43,0.5,,
1300,7/24/2009,7.87,0.5,,
1301,7/25/2009,8.18,0.5,,
1302,7/26/2009,8.14,0.5,,
1303,7/27/2009,7.95,0.5,,
1304,7/28/2009,7.75,0.5,6.2,
1305,7/29/2009,8.11,0.5,,
1306,7/30/2009,8.45,3.6,,
1307,7/31/2009,8.42,1.48,,
1308,8/1/2009,8.62,1.9,,
1309,8/2/2009,8.4,1.2,,
1310,8/3/2009,7.55,1.62,6.2,
1311,8/4/2009,8.47,1.1,,2.7
1312,8/5/2009,8.0,0.5,,
1313,8/6/2009,7.85,0.5,,
1314,8/7/2009,7.77,1.2,,
1315,8/8/2009,8.23,1.15,,
1316,8/9/2009,8.37,0.5,,
1317,8/10/2009,7.29,1.3,6.4,
1318,8/11/2009,7.95,1.42,,
1319,8/12/2009,8.36,1.05,,
1320,8/13/2009,8.48,1.24,,
1321,8/14/2009,8.71,1.13,,
1322,8/15/2009,8.37,0.5,,
1323,8/16/2009,8.73,0.5,,
1324,8/17/2009,8.7,1.05,,
1325,8/18/2009,7.89,1.28,,
1326,8/19/2009,7.92,1.31,,
1327,8/20/2009,8.13,1.16,,
1328,8/21/2009,7.96,0.5,,
1329,8/22/2009,8.37,0.5,,
1330,8/23/2009,7.8,0.5,,
1331,8/24/2009,7.99,1.04,,
1332,8/25/2009,7.85,1.29,,
1333,8/26/2009,8.05,1.21,7.2,
1334,8/27/2009,8.02,1.06,,
1335,8/28/2009,8.04,1.03,,
1336,8/29/2009,8.32,1.19,,
1337,8/30/2009,7.87,0.5,,
1338,8/31/2009,8.86,0.5,,
1339,9/1/2009,8.98,0.5,6.1,
1340,9/2/2009,8.51,0.5,,
1341,9/3/2009,8.24,0.5,,
1342,9/4/2009,7.91,0.5,,
1343,9/5/2009,7.92,0.5,,
1344,9/6/2009,7.73,1.07,,
1345,9/7/2009,7.85,0.5,,
1346,9/8/2009,7.78,1.23,6.7,
1347,9/9/2009,8.26,1.09,,2.4
1348,9/10/2009,7.75,1.14,,
1349,9/11/2009,8.36,1.53,,
1350,9/12/2009,7.95,1.22,,
1351,9/13/2009,7.71,1.32,,
1352,9/14/2009,8.71,1.52,6.2,
1353,9/15/2009,8.12,1.77,,
1354,9/16/2009,7.81,0.5,,
1355,9/17/2009,8.67,1.06,,
1356,9/18/2009,8.42,1.22,,
1357,9/19/2009,8.02,1.27,,
1358,9/20/2009,7.59,0.5,,
1359,9/21/2009,8.41,1.33,,
1360,9/22/2009,7.79,1.5,,
1361,9/23/2009,8.04,1.27,6.5,
1362,9/24/2009,8.17,1.66,,
1363,9/25/2009,8.15,1.12,,
1364,9/26/2009,7.45,1.08,,
1365,9/27/2009,8.37,1.76,,
1366,9/28/2009,8.37,1.04,6.1,
1367,9/29/2009,7.48,1.56,,
1368,9/30/2009,7.77,1.06,,
1369,10/1/2009,7.66,0.5,,
1370,10/2/2009,7.64,1.05,,
1371,10/3/2009,7.81,1.16,,
1372,10/4/2009,8.39,0.5,,
1373,10/5/2009,8.19,0.5,,1.8
1374,10/6/2009,7.77,1.37,6.5,
1375,10/7/2009,7.69,1.39,,
1376,10/8/2009,8.06,0.5,,
1377,10/9/2009,8.23,1.19,,
1378,10/10/2009,7.61,1.35,,
1379,10/11/2009,8.48,1.3,,
1380,10/12/2009,8.04,1.29,,
1381,10/13/2009,8.51,1.28,,
1382,10/14/2009,8.4,1.39,,
1383,10/15/2009,8.17,1.49,6.0,
1384,10/16/2009,9.02,1.33,,
1385,10/17/2009,8.37,1.37,,
1386,10/18/2009,9.0,1.65,,
1387,10/19/2009,9.52,1.07,,
1388,10/20/2009,8.6,0.5,5.7,
1389,10/21/2009,8.83,1.43,,
1390,10/22/2009,8.99,1.16,,
1391,10/23/2009,9.0,1.15,,
1392,10/24/2009,9.0,1.26,,
1393,10/25/2009,8.59,1.22,,
1394,10/26/2009,9.04,1.35,6.1,
1395,10/27/2009,8.27,1.1,,
1396,10/28/2009,8.61,0.5,,
1397,10/29/2009,8.58,1.21,,
1398,10/30/2009,8.74,1.14,,
1399,10/31/2009,8.58,1.43,,
1400,11/1/2009,9.1,1.25,,
1401,11/2/2009,9.21,1.54,,
1402,11/3/2009,8.33,1.29,,
1403,11/4/2009,8.98,1.23,6.1,0.5
1404,11/5/2009,8.6,1.33,,
1405,11/6/2009,8.84,1.22,,
1406,11/7/2009,8.25,1.17,,
1407,11/8/2009,8.47,1.35,,
1408,11/9/2009,9.08,1.41,,
1409,11/10/2009,8.7,1.22,,
1410,11/11/2009,8.31,1.29,,
1411,11/12/2009,8.6,1.22,5.8,
1412,11/13/2009,8.65,1.41,,
1413,11/14/2009,8.71,1.17,,
1414,11/15/2009,8.98,1.26,,
1415,11/16/2009,8.81,1.29,,
1416,11/17/2009,8.68,1.39,5.6,
1417,11/18/2009,8.75,1.33,,
1418,11/19/2009,8.91,1.24,,
1419,11/20/2009,8.18,1.24,,
1420,11/21/2009,8.81,1.11,,
1421,11/22/2009,9.36,1.31,,
1422,11/23/2009,8.03,1.27,,
1423,11/24/2009,8.61,1.1,6.3,
1424,11/25/2009,8.7,1.27,,
1425,11/26/2009,9.09,1.2,,
1426,11/27/2009,8.49,1.33,,
1427,11/28/2009,8.71,1.29,,
1428,11/29/2009,8.78,,,
1429,11/30/2009,8.63,1.43,,
1430,12/1/2009,8.31,1.45,,
1431,12/2/2009,8.94,1.15,,
1432,12/3/2009,8.33,1.18,6.6,
1433,12/4/2009,8.49,1.23,,
1434,12/5/2009,8.97,1.28,,
1435,12/6/2009,8.98,1.22,,
1436,12/7/2009,8.68,1.33,,
1437,12/8/2009,8.52,1.73,6.2,
1438,12/9/2009,8.71,1.27,,
1439,12/10/2009,8.55,1.05,,
1440,12/11/2009,8.72,0.5,,
1441,12/12/2009,9.13,1.42,,
1442,12/13/2009,9.48,0.5,,
1443,12/14/2009,9.28,1.13,,
1444,12/15/2009,9.29,1.02,6.1,
1445,12/16/2009,7.96,1.3,,
1446,12/17/2009,8.47,1.22,,
1447,12/18/2009,8.81,0.5,,
1448,12/19/2009,8.58,0.5,,
1449,12/20/2009,9.18,0.5,,
1450,12/21/2009,8.84,0.5,6.2,3.1
1451,12/22/2009,9.18,1.03,,
1452,12/23/2009,9.41,1.03,,
1453,12/24/2009,9.24,1.25,,
1454,12/25/2009,9.3,1.05,,
1455,12/26/2009,8.22,1.38,,
1456,12/27/2009,8.78,1.01,,
1457,12/28/2009,8.74,0.5,,
1458,12/29/2009,8.75,0.5,5.3,
1459,12/30/2009,9.02,1.26,,
1460,12/31/2009,8.43,1.22826087,,
1461,1/1/2010,8.88,1.43,,
1462,1/2/2010,8.4,0.5,,
1463,1/3/2010,8.74,1.18,,
1464,1/4/2010,9.13,0.5,,
1465,1/5/2010,8.6,1.08,,
1466,1/6/2010,8.67,1.15,6.0,1.9
1467,1/7/2010,8.61,1.03,,
1468,1/8/2010,8.69,1.19,,
1469,1/9/2010,8.62,1.18,,
1470,1/10/2010,8.88,1.06,,
1471,1/11/2010,9.2,1.06,,
1472,1/12/2010,7.49,0.5,,
1473,1/13/2010,10.09,0.5,,
1474,1/14/2010,9.17,1.05,,
1475,1/15/2010,8.35,1.14,,
1476,1/16/2010,8.41,1.15,,
1477,1/17/2010,8.32,1.12,,
1478,1/18/2010,8.77,1.05,,
1479,1/19/2010,9.42,1.24,,
1480,1/20/2010,9.61,1.22,,
1481,1/21/2010,8.82,1.16,6.0,
1482,1/22/2010,10.06,1.28,,
1483,1/23/2010,9.39,1.18,,
1484,1/24/2010,8.92,1.22,,
1485,1/25/2010,9.23,1.16,,
1486,1/26/2010,9.48,1.26,,
1487,1/27/2010,9.64,1.38,2.5,
1488,1/28/2010,9.27,1.42,,
1489,1/29/2010,9.06,1.12,,
1490,1/30/2010,9.3,1.33,,
1491,1/31/2010,8.9,1.05,,
1492,2/1/2010,9.07,1.18,,
1493,2/2/2010,9.01,1.11,,
1494,2/3/2010,9.3,1.31,3.4,
1495,2/4/2010,9.5,1.28,,
1496,2/5/2010,9.11,1.01,,
1497,2/6/2010,9.15,1.06,,
1498,2/7/2010,9.48,1.06,,
1499,2/8/2010,9.67,1.18,,
1500,2/9/2010,9.38,1.19,,
1501,2/10/2010,9.38,1.15,4.6,3.0
1502,2/11/2010,9.52,1.17,,
1503,2/12/2010,9.39,1.02,,
1504,2/13/2010,9.41,1.19,,
1505,2/14/2010,9.22,1.03,,
1506,2/15/2010,9.37,1.07,,
1507,2/16/2010,9.46,1.08,4.2,
1508,2/17/2010,9.36,1.01,,
1509,2/18/2010,9.08,1.2,,
1510,2/19/2010,9.35,0.5,,
1511,2/20/2010,8.63,1.03,,
1512,2/21/2010,9.2,1.03,,
1513,2/22/2010,9.45,1.14,,
1514,2/23/2010,9.44,1.12,,
1515,2/24/2010,9.58,1.2,,
1516,2/25/2010,9.66,1.26,6.8,
1517,2/26/2010,9.63,1.12,,
1518,2/27/2010,9.75,1.09,,
1519,2/28/2010,9.53,1.08,,
1520,3/1/2010,9.8,1.12,6.8,
1521,3/2/2010,9.66,1.06,,
1522,3/3/2010,9.58,1.12,,
1523,3/4/2010,9.6,1.29,,
1524,3/5/2010,9.72,1.0,,
1525,3/6/2010,10.57,1.13,,
1526,3/7/2010,9.04,1.23,,
1527,3/8/2010,9.66,1.24,,
1528,3/9/2010,9.8,1.23,,
1529,3/10/2010,10.25,1.2,,
1530,3/11/2010,9.19,1.21,8.2,3.0
1531,3/12/2010,8.91,1.2,,
1532,3/13/2010,9.83,1.12,,
1533,3/14/2010,9.25,0.5,,
1534,3/15/2010,10.25,1.3,,
1535,3/16/2010,8.82,1.2,,
1536,3/17/2010,9.58,1.17,7.5,
1537,3/18/2010,9.12,1.01,,
1538,3/19/2010,9.16,1.17,,
1539,3/20/2010,9.64,1.18,,
1540,3/21/2010,8.95,1.28,,
1541,3/22/2010,9.99,0.5,,
1542,3/23/2010,9.44,0.5,5.3,
1543,3/24/2010,9.35,1.02,,
1544,3/25/2010,9.38,1.15,,
1545,3/26/2010,9.37,1.13,,
1546,3/27/2010,8.82,1.35,,
1547,3/28/2010,9.43,1.06,,
1548,3/29/2010,9.74,1.05,,
1549,3/30/2010,9.49,1.09,5.6,
1550,3/31/2010,9.37,1.24,,
1551,4/1/2010,8.98,1.07,,
1552,4/2/2010,8.63,1.07,,
1553,4/3/2010,9.03,1.21,,
1554,4/4/2010,9.3,1.2,,
1555,4/5/2010,9.71,1.17,,
1556,4/6/2010,9.27,1.3,9.5,
1557,4/7/2010,8.82,1.17,,
1558,4/8/2010,8.76,1.28,,
1559,4/9/2010,9.05,1.26,,
1560,4/10/2010,8.94,1.07,,
1561,4/11/2010,9.5,1.34,,
1562,4/12/2010,9.51,1.23,,
1563,4/13/2010,9.33,1.1,8.3,3.0
1564,4/14/2010,9.04,1.15,,
1565,4/15/2010,8.56,1.34,,
1566,4/16/2010,9.87,1.15,,
1567,4/17/2010,8.68,1.19,,
1568,4/18/2010,9.35,1.43,,
1569,4/19/2010,9.35,1.08,,
1570,4/20/2010,9.4,1.12,,
1571,4/21/2010,9.09,1.16,7.4,
1572,4/22/2010,8.79,1.26,,
1573,4/23/2010,10.7,1.27,,
1574,4/24/2010,9.22,1.25,,
1575,4/25/2010,9.31,1.17,,
1576,4/26/2010,9.56,1.04,,
1577,4/27/2010,8.9,1.2,8.8,
1578,4/28/2010,9.52,0.5,,
1579,4/29/2010,9.02,1.11,,
1580,4/30/2010,8.7,1.25,,
1581,5/1/2010,9.75,1.22,,
1582,5/2/2010,8.77,1.22,,
1583,5/3/2010,9.21,1.08,,
1584,5/4/2010,9.48,1.0,,
1585,5/5/2010,8.09,1.06,7.1,
1586,5/6/2010,9.52,1.08,,
1587,5/7/2010,8.71,1.19,,
1588,5/8/2010,9.03,1.14,,
1589,5/9/2010,9.28,1.26,,
1590,5/10/2010,8.82,1.38,,
1591,5/11/2010,9.32,1.08,,
1592,5/12/2010,9.08,1.15,6.4,3.7
1593,5/13/2010,8.7,1.21,,
1594,5/14/2010,9.08,1.25,,
1595,5/15/2010,9.21,1.04,,
1596,5/16/2010,8.89,1.23,,
1597,5/17/2010,9.33,0.5,,
1598,5/18/2010,8.65,1.25,,
1599,5/19/2010,9.04,0.5,,
1600,5/20/2010,8.16,1.23,7.1,
1601,5/21/2010,9.76,1.14,,
1602,5/22/2010,9.66,1.09,,
1603,5/23/2010,9.09,1.21,,
1604,5/24/2010,9.49,1.03,,
1605,5/25/2010,9.05,1.1,6.4,
1606,5/26/2010,9.49,1.02,,
1607,5/27/2010,9.34,1.39,,
1608,5/28/2010,8.99,1.08,,
1609,5/29/2010,9.48,1.11,,
1610,5/30/2010,9.11,1.36,,
1611,5/31/2010,9.05,1.04,,
1612,6/1/2010,9.51,0.5,6.1,
1613,6/2/2010,6.07,1.1,,
1614,6/3/2010,9.44,0.5,,
1615,6/4/2010,8.76,1.13,,
1616,6/5/2010,8.62,0.5,,
1617,6/6/2010,8.13,1.48,,
1618,6/7/2010,8.16,1.05,,
1619,6/8/2010,8.27,1.07,,
1620,6/9/2010,8.57,1.02,5.6,2.3
1621,6/10/2010,8.33,0.5,,
1622,6/11/2010,8.37,1.03,,
1623,6/12/2010,8.59,1.1,,
1624,6/13/2010,8.33,0.5,,
1625,6/14/2010,8.82,0.5,,
1626,6/15/2010,8.95,0.5,5.2,
1627,6/16/2010,8.72,0.5,,
1628,6/17/2010,8.22,0.5,,
1629,6/18/2010,8.29,1.17,,
1630,6/19/2010,8.46,1.01,,
1631,6/20/2010,7.72,1.02,,
1632,6/21/2010,8.01,0.5,,
1633,6/22/2010,8.17,1.08,,
1634,6/23/2010,8.51,1.03,4.9,
1635,6/24/2010,8.51,1.21,,
1636,6/25/2010,8.84,1.12,,
1637,6/26/2010,8.86,0.5,,
1638,6/27/2010,8.79,0.5,,
1639,6/28/2010,9.12,0.5,,
1640,6/29/2010,8.72,0.5,,
1641,6/30/2010,9.28,0.5,4.7,
1642,7/1/2010,8.68,1.16,,
1643,7/2/2010,8.56,0.5,,
1644,7/3/2010,8.97,1.07,,
1645,7/4/2010,8.88,1.07,,
1646,7/5/2010,8.15,0.5,,
1647,7/6/2010,9.18,0.5,,
1648,7/7/2010,9.2,1.21,3.2,2.7
1649,7/8/2010,8.22,1.06,,
1650,7/9/2010,8.29,1.05,,
1651,7/10/2010,8.1,1.13,,
1652,7/11/2010,8.0,1.08,,
1653,7/12/2010,8.05,0.5,,
1654,7/13/2010,7.96,0.5,4.5,
1655,7/14/2010,8.17,0.5,,
1656,7/15/2010,8.12,1.02,,
1657,7/16/2010,8.26,1.06,,
1658,7/17/2010,7.96,1.24,,
1659,7/18/2010,8.05,1.03,,
1660,7/19/2010,7.81,1.21,,
1661,7/20/2010,7.82,1.07,5.2,
1662,7/21/2010,7.92,0.5,,
1663,7/22/2010,7.68,1.06,,
1664,7/23/2010,7.94,1.04,,
1665,7/24/2010,8.26,1.25,,
1666,7/25/2010,8.0,0.903,,
1667,7/26/2010,7.7,0.9109999999999999,,
1668,7/27/2010,7.92,0.853,,
1669,7/28/2010,8.11,0.865,5.6,
1670,7/29/2010,8.14,0.946,,
1671,7/30/2010,7.76,1.07,,
1672,7/31/2010,8.09,1.17,,
1673,8/1/2010,8.17,1.1,,
1674,8/2/2010,8.01,1.18,,
1675,8/3/2010,8.26,0.963,6.1,3.4
1676,8/4/2010,8.06,0.9470000000000001,,
1677,8/5/2010,8.34,0.987,,
1678,8/6/2010,7.91,1.09,,
1679,8/7/2010,8.0,1.19,,
1680,8/8/2010,7.82,0.956,,
1681,8/9/2010,8.44,0.889,,
1682,8/10/2010,8.15,0.871,,
1683,8/11/2010,8.15,0.983,5.9,
1684,8/12/2010,8.44,1.06,,
1685,8/13/2010,8.29,1.13,,
1686,8/14/2010,8.2,1.02,,
1687,8/15/2010,8.47,0.9420000000000001,,
1688,8/16/2010,8.95,1.01,5.7,
1689,8/17/2010,8.61,1.02,,
1690,8/18/2010,9.15,0.937,,
1691,8/19/2010,9.2,0.9440000000000001,,
1692,8/20/2010,8.68,1.04,,
1693,8/21/2010,9.02,1.1,,
1694,8/22/2010,9.23,0.914,,
1695,8/23/2010,9.54,0.7659999999999999,,
1696,8/24/2010,9.1,0.848,,
1697,8/25/2010,8.51,0.94,5.6,
1698,8/26/2010,9.21,1.08,,
1699,8/27/2010,8.49,0.9359999999999999,,
1700,8/28/2010,8.92,1.01,,
1701,8/29/2010,9.07,0.988,,
1702,8/30/2010,9.06,1.02,,
1703,8/31/2010,8.85,0.82,,
1704,9/1/2010,8.87,1.13,5.4,
1705,9/2/2010,8.92,1.13,,
1706,9/3/2010,7.85,1.03,,
1707,9/4/2010,7.85,1.18,,
1708,9/5/2010,8.11,0.915,,
1709,9/6/2010,7.95,0.892,,
1710,9/7/2010,8.7,0.9009999999999999,,
1711,9/8/2010,8.32,0.8440000000000001,,
1712,9/9/2010,8.31,0.932,6.2,3.2
1713,9/10/2010,8.25,1.02,,
1714,9/11/2010,8.03,0.982,,
1715,9/12/2010,8.2,0.985,,
1716,9/13/2010,8.53,1.01,,
1717,9/14/2010,7.96,1.01,6.1,
1718,9/15/2010,8.09,1.17,,
1719,9/16/2010,8.45,1.18,,
1720,9/17/2010,8.34,1.11,,
1721,9/18/2010,9.19,1.04,,
1722,9/19/2010,9.37,0.9059999999999999,,
1723,9/20/2010,8.66,0.847,,
1724,9/21/2010,8.96,0.9590000000000001,5.6,
1725,9/22/2010,8.59,0.985,,
1726,9/23/2010,8.47,0.868,,
1727,9/24/2010,8.8,0.9359999999999999,,
1728,9/25/2010,8.74,1.09,,
1729,9/26/2010,8.97,1.11,,
1730,9/27/2010,8.79,1.03,,
1731,9/28/2010,8.64,1.14,5.7,
1732,9/29/2010,8.65,1.15,,
1733,9/30/2010,8.37,1.01,,
1734,10/1/2010,8.43,1.06,,
1735,10/2/2010,7.69,1.08,,
1736,10/3/2010,8.17,1.06,,
1737,10/4/2010,8.26,0.986,,
1738,10/5/2010,8.0,1.11,,
1739,10/6/2010,7.77,1.06,5.7,
1740,10/7/2010,8.26,1.17,,
1741,10/8/2010,7.7,1.04,,
1742,10/9/2010,8.07,1.13,,
1743,10/10/2010,8.61,1.06,,
1744,10/11/2010,8.52,0.902,,
1745,10/12/2010,7.85,0.89,5.6,
1746,10/13/2010,8.13,1.05,,
1747,10/14/2010,7.6,1.2,,
1748,10/15/2010,7.84,1.05,,
1749,10/16/2010,7.72,1.03,,
1750,10/17/2010,8.01,0.9570000000000001,,
1751,10/18/2010,8.27,0.879,,
1752,10/19/2010,7.93,1.02,5.3,
1753,10/20/2010,8.57,1.01,,
1754,10/21/2010,8.75,0.971,,
1755,10/22/2010,7.83,0.884,,
1756,10/23/2010,7.81,0.9259999999999999,,
1757,10/24/2010,8.79,1.24,,
1758,10/25/2010,7.93,1.09,,
1759,10/26/2010,8.35,0.99,5.6,0.37
1760,10/27/2010,8.23,1.08,,
1761,10/28/2010,8.98,1.03,,
1762,10/29/2010,8.4,1.16,,
1763,10/30/2010,8.76,0.857,,
1764,10/31/2010,8.83,0.9740000000000001,,
1765,11/1/2010,8.63,0.9570000000000001,,
1766,11/2/2010,9.15,1.02,5.5,1.6
1767,11/3/2010,9.22,0.9520000000000001,,
1768,11/4/2010,8.24,0.925,,
1769,11/5/2010,8.46,1.05,,
1770,11/6/2010,8.94,1.05,,
1771,11/7/2010,9.22,1.06,,
1772,11/8/2010,8.97,0.902,,
1773,11/9/2010,8.05,1.07,5.4,
1774,11/10/2010,7.61,1.07,,
1775,11/11/2010,7.54,0.975,,
1776,11/12/2010,8.25,1.22,,
1777,11/13/2010,8.11,0.9840000000000001,,
1778,11/14/2010,7.59,1.11,,
1779,11/15/2010,8.71,1.02,,
1780,11/16/2010,8.22,0.9890000000000001,,
1781,11/17/2010,8.57,0.992,,
1782,11/18/2010,9.02,0.903,5.6,
1783,11/19/2010,8.65,0.9520000000000001,,
1784,11/20/2010,8.88,1.16,,
1785,11/21/2010,9.74,0.995,,
1786,11/22/2010,9.88,0.836,,
1787,11/23/2010,9.03,0.96,5.0,
1788,11/24/2010,9.17,0.9059999999999999,,
1789,11/25/2010,9.75,0.708,,
1790,11/26/2010,8.12,1.06,,
1791,11/27/2010,8.81,1.11,,
1792,11/28/2010,8.87,0.963,,
1793,11/29/2010,8.86,0.9079999999999999,,
1794,11/30/2010,8.62,0.9079999999999999,,
1795,12/1/2010,8.66,0.9620000000000001,5.2,
1796,12/2/2010,8.71,0.93,,
1797,12/3/2010,9.36,0.879,,
1798,12/4/2010,8.22,0.882,,
1799,12/5/2010,8.91,0.9209999999999999,,
1800,12/6/2010,8.82,0.894,,
1801,12/7/2010,8.05,1.09,5.5,3.1
1802,12/8/2010,8.32,1.16,,
1803,12/9/2010,8.61,1.34,,
1804,12/10/2010,7.72,1.04,,
1805,12/11/2010,8.2,1.03,,
1806,12/12/2010,7.98,0.8420000000000001,,
1807,12/13/2010,8.58,1.04,6.0,
1808,12/14/2010,8.24,1.24,,
1809,12/15/2010,8.02,0.938,,
1810,12/16/2010,8.37,0.978,,
1811,12/17/2010,8.8,0.991,,
1812,12/18/2010,8.43,0.953,,
1813,12/19/2010,8.27,0.9590000000000001,,
1814,12/20/2010,9.33,0.9259999999999999,,
1815,12/21/2010,8.72,0.972,5.4,
1816,12/22/2010,8.53,0.9640000000000001,,
1817,12/23/2010,9.69,0.882,,
1818,12/24/2010,9.39,0.9279999999999999,,
1819,12/25/2010,10.15,0.7929999999999999,,
1820,12/26/2010,7.84,1.15,,
1821,12/27/2010,7.28,1.07,,
1822,12/28/2010,7.21,1.18,3.2,2.7
1823,12/29/2010,7.93,0.878,2.9,
1824,12/30/2010,8.04,0.855,,
1825,12/31/2010,9.04,0.0,,
1826,1/1/2011,9.22,1.03,,
1827,1/2/2011,9.13,1.08,,
1828,1/3/2011,8.34,1.16,,
1829,1/4/2011,9.43,1.06,,
1830,1/5/2011,9.21,0.8640000000000001,,
1831,1/6/2011,8.86,0.922,5.1,3.5
1832,1/7/2011,9.11,1.2,,
1833,1/8/2011,8.7,1.06,,
1834,1/9/2011,8.98,1.06,,
1835,1/10/2011,9.76,0.9,,
1836,1/11/2011,9.97,0.828,,
1837,1/12/2011,9.63,0.9329999999999999,5.2,
1838,1/13/2011,9.13,0.91,,
1839,1/14/2011,9.47,1.07,,
1840,1/15/2011,9.76,1.08,,
1841,1/16/2011,9.24,1.28,,
1842,1/17/2011,9.25,1.16,,
1843,1/18/2011,9.28,1.18,4.8,
1844,1/19/2011,8.89,1.11,,
1845,1/20/2011,9.14,1.0,,
1846,1/21/2011,9.16,0.992,,
1847,1/22/2011,8.87,1.08,,
1848,1/23/2011,8.66,1.1,,
1849,1/24/2011,9.03,1.06,,
1850,1/25/2011,9.2,0.982,,
1851,1/26/2011,9.05,0.92,4.7,
1852,1/27/2011,9.17,0.107,,
1853,1/28/2011,9.09,0.998,,
1854,1/29/2011,8.49,1.22,,
1855,1/30/2011,9.38,0.941,,
1856,1/31/2011,9.18,1.04,,
1857,2/1/2011,8.91,1.08,,
1858,2/2/2011,8.75,1.08,,
1859,2/3/2011,9.05,0.7909999999999999,5.6,2.8
1860,2/4/2011,9.1,0.721,,
1861,2/5/2011,9.6,1.16,,
1862,2/6/2011,9.05,1.26,,
1863,2/7/2011,8.98,1.15,,
1864,2/8/2011,9.05,1.17,,
1865,2/9/2011,9.25,1.08,5.6,
1866,2/10/2011,8.9,1.19,,
1867,2/11/2011,8.31,1.1,,
1868,2/12/2011,9.43,1.04,,
1869,2/13/2011,8.44,1.52,,
1870,2/14/2011,8.69,0.9490000000000001,,
1871,2/15/2011,8.63,1.14,,
1872,2/16/2011,9.4,0.966,,
1873,2/17/2011,8.93,1.06,5.1,
1874,2/18/2011,9.98,1.19,,
1875,2/19/2011,10.37,1.08,,
1876,2/20/2011,9.75,1.11,,
1877,2/21/2011,9.91,1.02,,
1878,2/22/2011,9.95,0.919,5.3,
1879,2/23/2011,9.52,1.02,,
1880,2/24/2011,9.37,1.16,,
1881,2/25/2011,9.38,1.23,,
1882,2/26/2011,9.6,0.992,,
1883,2/27/2011,9.35,1.28,,
1884,2/28/2011,9.98,0.998,,
1885,3/1/2011,8.92,1.46,5.7,
1886,3/2/2011,9.45,1.03,,
1887,3/3/2011,9.4,1.05,,
1888,3/4/2011,9.37,1.01,,
1889,3/5/2011,9.47,1.12,,
1890,3/6/2011,9.66,0.8029999999999999,,
1891,3/7/2011,9.75,0.93,,
1892,3/8/2011,9.14,1.08,,
1893,3/9/2011,9.25,1.1,,
1894,3/10/2011,9.32,1.04,6.5,
1895,3/11/2011,8.95,1.04,,
1896,3/12/2011,9.09,1.07,,
1897,3/13/2011,9.4,0.919,,
1898,3/14/2011,9.4,0.9990000000000001,,
1899,3/15/2011,8.95,1.27,,
1900,3/16/2011,9.36,0.9159999999999999,6.0,
1901,3/17/2011,8.9,1.18,,
1902,3/18/2011,9.36,1.08,,
1903,3/19/2011,9.23,1.13,,
1904,3/20/2011,9.92,1.02,,
1905,3/21/2011,9.85,0.68,,
1906,3/22/2011,9.69,1.11,5.5,2.7
1907,3/23/2011,9.72,1.0,,
1908,3/24/2011,9.38,1.09,,
1909,3/25/2011,9.34,1.02,,
1910,3/26/2011,10.49,0.948,,
1911,3/27/2011,10.46,0.983,,
1912,3/28/2011,10.51,1.05,,
1913,3/29/2011,9.7,1.36,,
1914,3/30/2011,9.9,1.13,,
1915,3/31/2011,9.12,0.0,6.2,
1916,4/1/2011,9.32,1.04,,
1917,4/2/2011,9.96,0.904,,
1918,4/3/2011,9.45,0.9109999999999999,,
1919,4/4/2011,9.43,0.858,,
1920,4/5/2011,8.98,1.29,7.1,2.8
1921,4/6/2011,9.67,0.723,,
1922,4/7/2011,9.76,1.01,,
1923,4/8/2011,9.4,0.899,,
1924,4/9/2011,9.16,1.06,,
1925,4/10/2011,9.38,1.03,,
1926,4/11/2011,9.48,0.8390000000000001,,
1927,4/12/2011,9.06,1.16,6.3,
1928,4/13/2011,9.31,1.01,,
1929,4/14/2011,9.13,1.04,,
1930,4/15/2011,9.16,1.13,,
1931,4/16/2011,9.26,1.11,,
1932,4/17/2011,9.64,1.14,,
1933,4/18/2011,9.52,1.07,,
1934,4/19/2011,9.51,1.31,,
1935,4/20/2011,9.47,1.01,6.2,
1936,4/21/2011,9.33,1.0,,
1937,4/22/2011,9.68,1.17,,
1938,4/23/2011,8.97,0.943,,
1939,4/24/2011,8.87,1.11,,
1940,4/25/2011,9.24,1.22,,
1941,4/26/2011,8.97,1.33,,
1942,4/27/2011,9.08,0.96,,
1943,4/28/2011,8.91,1.09,5.5,
1944,4/29/2011,9.09,1.08,,
1945,4/30/2011,9.25,0.799,,
1946,5/1/2011,9.18,0.991,,
1947,5/2/2011,9.22,1.12,,
1948,5/3/2011,9.05,1.2,,
1949,5/4/2011,9.24,1.11,5.9,3.1
1950,5/5/2011,8.61,1.28,,
1951,5/6/2011,9.47,1.24,,
1952,5/7/2011,9.19,1.22,,
1953,5/8/2011,9.12,1.2,,
1954,5/9/2011,8.97,1.01,,
1955,5/10/2011,9.01,0.9620000000000001,,
1956,5/11/2011,8.84,1.3,,
1957,5/12/2011,9.19,1.13,5.8,
1958,5/13/2011,8.69,0.991,,
1959,5/14/2011,9.22,1.03,,
1960,5/15/2011,9.69,0.961,,
1961,5/16/2011,9.33,0.879,5.6,
1962,5/17/2011,8.88,1.03,,
1963,5/18/2011,9.54,1.28,,
1964,5/19/2011,9.28,0.848,,
1965,5/20/2011,8.91,1.12,,
1966,5/21/2011,9.32,1.04,,
1967,5/22/2011,9.51,0.909,,
1968,5/23/2011,9.32,1.01,,
1969,5/24/2011,9.1,1.11,,
1970,5/25/2011,8.88,1.13,5.4,
1971,5/26/2011,9.45,0.888,,
1972,5/27/2011,8.84,0.986,,
1973,5/28/2011,9.27,1.13,,
1974,5/29/2011,8.95,0.975,,
1975,5/30/2011,9.28,1.09,,
1976,5/31/2011,8.12,1.07,5.9,
1977,6/1/2011,9.83,1.07,,
1978,6/2/2011,8.82,0.556,,
1979,6/3/2011,8.27,0.897,,
1980,6/4/2011,9.17,1.15,,
1981,6/5/2011,10.22,1.07,,
1982,6/6/2011,9.35,0.9670000000000001,,
1983,6/7/2011,9.32,0.79,,
1984,6/8/2011,9.05,1.13,5.4,2.7
1985,6/9/2011,9.29,1.12,,
1986,6/10/2011,9.07,1.21,,
1987,6/11/2011,8.95,1.21,,
1988,6/12/2011,9.21,1.29,,
1989,6/13/2011,7.29,1.1,,
1990,6/14/2011,11.16,0.809,,
1991,6/15/2011,9.22,1.1,,
1992,6/16/2011,8.83,1.03,4.5,
1993,6/17/2011,8.85,1.13,,
1994,6/18/2011,9.08,1.08,,
1995,6/19/2011,9.19,1.08,,
1996,6/20/2011,9.37,1.25,,
1997,6/21/2011,9.11,1.13,6.6,
1998,6/22/2011,8.71,1.15,,
1999,6/23/2011,9.26,1.31,,
2000,6/24/2011,9.04,1.06,,
2001,6/25/2011,8.28,1.13,,
2002,6/26/2011,8.22,1.14,,
2003,6/27/2011,9.19,1.09,,
2004,6/28/2011,9.35,0.799,6.5,
2005,6/29/2011,9.13,0.8,,
2006,6/30/2011,9.02,1.39,,
2007,7/1/2011,8.77,0.81,,
2008,7/2/2011,8.75,0.431,,
2009,7/3/2011,8.86,1.3,,
2010,7/4/2011,9.11,0.597,,
2011,7/5/2011,8.77,1.17,6.1,
2012,7/6/2011,9.13,1.3,,
2013,7/7/2011,8.75,1.1,,
2014,7/8/2011,8.67,1.08,,
2015,7/9/2011,8.42,1.18,,
2016,7/10/2011,7.98,1.05,,
2017,7/11/2011,8.22,1.05,,
2018,7/12/2011,8.74,1.14,6.5,0.21
2019,7/13/2011,8.43,1.08,,
2020,7/14/2011,8.07,1.2,,
2021,7/15/2011,8.36,1.18,,
2022,7/16/2011,8.5,1.05,,
2023,7/17/2011,8.48,1.16,,
2024,7/18/2011,8.2,1.14,,
2025,7/19/2011,8.58,1.29,6.3,
2026,7/20/2011,8.94,1.24,,
2027,7/21/2011,9.19,1.03,,
2028,7/22/2011,9.15,0.975,,
2029,7/23/2011,8.6,1.01,,
2030,7/24/2011,9.06,1.11,,
2031,7/25/2011,9.07,1.23,,
2032,7/26/2011,9.16,1.1,,
2033,7/27/2011,8.88,1.18,5.7,
2034,7/28/2011,8.8,1.28,,
2035,7/29/2011,8.72,1.12,,
2036,7/30/2011,8.67,1.07,,
2037,7/31/2011,9.2,1.1,,
2038,8/1/2011,8.81,0.993,,
2039,8/2/2011,9.13,0.9890000000000001,6.8,
2040,8/3/2011,9.43,1.02,,
2041,8/4/2011,9.4,1.25,,
2042,8/5/2011,10.0,0.7609999999999999,,
2043,8/6/2011,8.48,0.8270000000000001,,
2044,8/7/2011,8.9,0.941,,
2045,8/8/2011,8.83,1.05,,
2046,8/9/2011,8.23,1.09,,
2047,8/10/2011,8.83,1.06,,
2048,8/11/2011,8.2,0.966,6.4,0.13
2049,8/12/2011,8.96,1.09,,
2050,8/13/2011,8.49,1.22,,
2051,8/14/2011,9.18,0.772,,
2052,8/15/2011,8.6,1.2,5.9,
2053,8/16/2011,7.95,1.11,,
2054,8/17/2011,9.59,1.23,,
2055,8/18/2011,9.06,1.08,,
2056,8/19/2011,9.01,0.958,,
2057,8/20/2011,9.04,1.19,,
2058,8/21/2011,8.87,1.3,,
2059,8/22/2011,9.43,1.03,,
2060,8/23/2011,8.76,1.15,6.1,
2061,8/24/2011,8.72,1.12,,
2062,8/25/2011,9.03,1.0,,
2063,8/26/2011,9.08,0.9490000000000001,,
2064,8/27/2011,9.08,0.95,,
2065,8/28/2011,8.43,1.06,,
2066,8/29/2011,8.47,1.11,,
2067,8/30/2011,8.69,1.01,5.5,
2068,8/31/2011,8.64,1.15,,
2069,9/1/2011,8.51,1.1,,
2070,9/2/2011,8.42,1.04,,
2071,9/3/2011,9.1,0.813,,
2072,9/4/2011,8.09,1.15,,
2073,9/5/2011,8.72,1.04,,
2074,9/6/2011,8.41,0.894,,
2075,9/7/2011,8.62,1.13,5.8,
2076,9/8/2011,8.27,1.31,5.4,0.12
2077,9/9/2011,8.53,1.3,,
2078,9/10/2011,8.88,1.3,,
2079,9/11/2011,8.53,1.08,,
2080,9/12/2011,8.63,1.06,,
2081,9/13/2011,8.4,1.1,,
2082,9/14/2011,8.24,1.18,5.3,
2083,9/15/2011,8.45,1.27,,
2084,9/16/2011,8.56,1.21,,
2085,9/17/2011,8.3,1.19,,
2086,9/18/2011,8.48,1.2,,
2087,9/19/2011,9.88,1.21,,
2088,9/20/2011,8.52,1.25,,
2089,9/21/2011,8.41,1.0,,
2090,9/22/2011,8.91,1.2,4.8,
2091,9/23/2011,9.57,1.06,,
2092,9/24/2011,8.85,1.17,,
2093,9/25/2011,9.28,1.25,,
2094,9/26/2011,9.2,0.84,,
2095,9/27/2011,8.54,1.29,6.4,
2096,9/28/2011,8.82,1.17,,
2097,9/29/2011,9.06,1.08,,
2098,9/30/2011,9.13,1.03,,
2099,10/1/2011,9.13,0.968,,
2100,10/2/2011,8.86,1.06,,
2101,10/3/2011,8.93,1.01,,
2102,10/4/2011,8.96,1.03,5.9,2.5
2103,10/5/2011,9.28,1.12,,
2104,10/6/2011,9.36,0.9470000000000001,,
2105,10/7/2011,9.29,1.02,,
2106,10/8/2011,9.12,1.1,,
2107,10/9/2011,9.18,1.3,,
2108,10/10/2011,9.09,1.08,,
2109,10/11/2011,8.87,1.1,,
2110,10/12/2011,9.17,1.22,,
2111,10/13/2011,8.56,1.05,5.1,
2112,10/14/2011,9.54,1.0,,
2113,10/15/2011,8.94,1.0,,
2114,10/16/2011,9.2,1.28,,
2115,10/17/2011,8.84,0.9740000000000001,,
2116,10/18/2011,9.43,0.895,5.6,
2117,10/19/2011,8.55,0.69,,
2118,10/20/2011,9.11,0.8170000000000001,,
2119,10/21/2011,8.77,1.17,,
2120,10/22/2011,9.45,0.9590000000000001,,
2121,10/23/2011,9.51,0.9890000000000001,,
2122,10/24/2011,8.9,1.02,,
2123,10/25/2011,8.64,0.8029999999999999,5.0,
2124,10/26/2011,9.19,1.14,,
2125,10/27/2011,8.72,1.13,,
2126,10/28/2011,8.79,1.07,,
2127,10/29/2011,9.34,1.15,,
2128,10/30/2011,9.25,0.986,,
2129,10/31/2011,8.43,1.1,,
2130,11/1/2011,9.05,1.07,,
2131,11/2/2011,9.31,1.02,4.7,
2132,11/3/2011,9.06,1.07,,
2133,11/4/2011,9.01,0.87,,
2134,11/5/2011,9.87,1.05,,
2135,11/6/2011,9.63,1.2,,
2136,11/7/2011,10.1,1.03,,
2137,11/8/2011,8.21,1.1,,
2138,11/9/2011,9.0,0.963,,
2139,11/10/2011,9.83,1.06,5.6,3.1
2140,11/11/2011,9.54,0.879,,
2141,11/12/2011,8.96,0.981,,
2142,11/13/2011,9.9,1.17,,
2143,11/14/2011,9.0,1.36,,
2144,11/15/2011,8.79,1.19,,
2145,11/16/2011,8.93,1.66,9.8,
2146,11/17/2011,9.25,1.23,,
2147,11/18/2011,8.89,1.11,,
2148,11/19/2011,10.33,1.33,,
2149,11/20/2011,9.08,1.18,,
2150,11/21/2011,9.2,1.23,,
2151,11/22/2011,9.01,1.12,5.3,
2152,11/23/2011,9.77,1.2,,
2153,11/24/2011,8.84,1.18,,
2154,11/25/2011,7.97,0.9390000000000001,,
2155,11/26/2011,9.07,1.19,,
2156,11/27/2011,9.37,0.95,,
2157,11/28/2011,9.14,0.889,,
2158,11/29/2011,8.63,1.23,5.5,
2159,11/30/2011,9.39,1.23,,
2160,12/1/2011,9.75,1.15,,
2161,12/2/2011,9.05,0.965,,
2162,12/3/2011,8.95,1.22,,
2163,12/4/2011,9.33,1.1,,
2164,12/5/2011,9.0,1.05,,
2165,12/6/2011,9.01,1.06,,
2166,12/7/2011,8.86,1.33,,
2167,12/8/2011,8.07,1.18,5.4,2.7
2168,12/9/2011,8.24,1.51,,
2169,12/10/2011,8.12,1.02,,
2170,12/11/2011,8.95,1.04,,
2171,12/12/2011,7.91,0.862,,
2172,12/13/2011,8.05,1.03,,
2173,12/14/2011,8.77,1.15,6.1,
2174,12/15/2011,8.07,1.1,,
2175,12/16/2011,8.3,1.16,,
2176,12/17/2011,8.11,1.17,,
2177,12/18/2011,8.17,1.23,,
2178,12/19/2011,8.61,0.95,,
2179,12/20/2011,8.74,1.08,6.2,
2180,12/21/2011,8.61,1.25,,
2181,12/22/2011,9.17,1.28,,
2182,12/23/2011,9.23,0.938,,
2183,12/24/2011,8.72,0.925,,
2184,12/25/2011,8.63,1.09,,
2185,12/26/2011,8.71,1.15,,
2186,12/27/2011,9.25,1.17,6.5,
2187,12/28/2011,9.19,1.0,,
2188,12/29/2011,8.77,1.09,,
2189,12/30/2011,8.54,0.945,,
2190,12/31/2011,8.72,0.993,,
2191,1/1/2012,9.1,0.977,,
2192,1/2/2012,8.44,1.19,,
2193,1/3/2012,9.66,0.963,,
2194,1/4/2012,9.34,1.05,,
2195,1/5/2012,8.7,1.32,5.9,
2196,1/6/2012,8.3,1.12,,
2197,1/7/2012,9.16,1.32,,
2198,1/8/2012,9.12,1.06,,
2199,1/9/2012,8.57,0.74,,
2200,1/10/2012,8.67,1.13,6.5,4.0
2201,1/11/2012,8.48,1.12,,
2202,1/12/2012,8.95,1.22,,
2203,1/13/2012,7.34,1.1,,
2204,1/14/2012,7.91,0.987,,
2205,1/15/2012,8.21,0.9109999999999999,,
2206,1/16/2012,8.37,1.13,,
2207,1/17/2012,8.33,0.963,,
2208,1/18/2012,8.82,1.11,,
2209,1/19/2012,8.22,1.34,6.6,
2210,1/20/2012,8.84,1.23,,
2211,1/21/2012,8.97,1.04,,
2212,1/22/2012,9.52,1.19,,
2213,1/23/2012,9.47,1.19,,
2214,1/24/2012,8.47,1.11,6.4,
2215,1/25/2012,8.81,1.24,,
2216,1/26/2012,8.87,1.38,,
2217,1/27/2012,9.36,0.972,,
2218,1/28/2012,9.39,1.1,,
2219,1/29/2012,9.5,1.13,,
2220,1/30/2012,10.38,1.05,,
2221,1/31/2012,8.87,1.14,,
2222,2/1/2012,9.23,1.09,5.7,
2223,2/2/2012,9.21,1.21,,
2224,2/3/2012,9.36,1.04,,
2225,2/4/2012,8.4,1.29,,
2226,2/5/2012,9.17,1.16,,
2227,2/6/2012,9.03,0.889,3.4,
2228,2/7/2012,8.73,1.3,,
2229,2/8/2012,8.99,0.9159999999999999,,
2230,2/9/2012,8.99,0.978,,
2231,2/10/2012,8.82,1.05,,
2232,2/11/2012,8.89,1.11,,
2233,2/12/2012,8.54,1.29,,
2234,2/13/2012,9.27,0.991,,
2235,2/14/2012,9.03,1.01,5.2,3.8
2236,2/15/2012,9.13,1.04,,
2237,2/16/2012,9.07,1.12,,
2238,2/17/2012,8.75,1.16,,
2239,2/18/2012,8.75,1.15,,
2240,2/19/2012,8.47,1.22,,
2241,2/20/2012,8.5,1.24,,
2242,2/21/2012,9.0,1.15,,
2243,2/22/2012,9.06,1.19,,
2244,2/23/2012,9.55,1.16,6.3,
2245,2/24/2012,9.03,1.31,,
2246,2/25/2012,8.26,1.41,,
2247,2/26/2012,8.4,1.15,,
2248,2/27/2012,9.09,1.07,,
2249,2/28/2012,8.97,1.01,6.1,
2250,2/29/2012,8.72,1.12,,
2251,3/1/2012,8.23,1.12,,
2252,3/2/2012,8.7,1.22,,
2253,3/3/2012,8.88,1.23,,
2254,3/4/2012,8.6,1.11,,
2255,3/5/2012,9.04,1.13,,
2256,3/6/2012,9.2,1.26,,
2257,3/7/2012,8.59,0.884,7.2,
2258,3/8/2012,9.18,1.13,,
2259,3/9/2012,8.96,1.21,,
2260,3/10/2012,8.66,1.42,,
2261,3/11/2012,8.41,1.39,,
2262,3/12/2012,9.81,1.07,,
2263,3/13/2012,8.71,1.14,6.6,
2264,3/14/2012,9.13,1.17,,
2265,3/15/2012,9.0,1.12,,
2266,3/16/2012,9.95,1.08,,
2267,3/17/2012,8.15,1.1,,
2268,3/18/2012,9.33,1.34,,
2269,3/19/2012,8.98,0.925,,
2270,3/20/2012,9.02,1.14,6.4,
2271,3/21/2012,8.96,1.18,,
2272,3/22/2012,9.84,0.893,,
2273,3/23/2012,9.19,1.04,,
2274,3/24/2012,8.51,1.13,,
2275,3/25/2012,8.82,1.09,,
2276,3/26/2012,9.5,0.927,,
2277,3/27/2012,10.06,1.3,5.3,3.4
2278,3/28/2012,9.69,0.975,,
2279,3/29/2012,9.25,0.723,,
2280,3/30/2012,8.43,0.8809999999999999,,
2281,3/31/2012,9.4,0.9940000000000001,,
2282,4/1/2012,9.48,1.02,,
2283,4/2/2012,9.51,0.779,,
2284,4/3/2012,8.99,0.87,5.4,3.1
2285,4/4/2012,8.64,0.983,,
2286,4/5/2012,9.5,0.9540000000000001,,
2287,4/6/2012,9.35,1.06,,
2288,4/7/2012,8.24,1.05,,
2289,4/8/2012,8.84,1.05,,
2290,4/9/2012,8.23,0.938,6.2,
2291,4/10/2012,8.42,0.9159999999999999,,
2292,4/11/2012,8.65,0.909,,
2293,4/12/2012,8.94,0.9520000000000001,,
2294,4/13/2012,9.07,0.897,,
2295,4/14/2012,8.16,0.8690000000000001,,
2296,4/15/2012,9.21,0.9890000000000001,,
2297,4/16/2012,9.41,1.05,,
2298,4/17/2012,8.8,1.01,5.9,
2299,4/18/2012,8.09,1.0,,
2300,4/19/2012,8.64,1.21,,
2301,4/20/2012,10.42,0.992,,
2302,4/21/2012,7.73,1.09,,
2303,4/22/2012,8.44,0.9840000000000001,,
2304,4/23/2012,8.74,1.12,,
2305,4/24/2012,8.91,0.8320000000000001,5.6,
2306,4/25/2012,8.62,1.09,,
2307,4/26/2012,10.2,0.9420000000000001,,
2308,4/27/2012,8.95,1.24,,
2309,4/28/2012,8.06,0.902,,
2310,4/29/2012,8.47,0.96,,
2311,4/30/2012,8.88,0.946,,
2312,5/1/2012,9.2,0.9570000000000001,5.9,
2313,5/2/2012,8.3,0.966,,
2314,5/3/2012,9.14,0.9209999999999999,,
2315,5/4/2012,8.59,1.05,,
2316,5/5/2012,9.03,0.7140000000000001,,
2317,5/6/2012,9.09,1.2,,
2318,5/7/2012,9.52,0.961,,
2319,5/8/2012,9.71,0.85,5.6,
2320,5/9/2012,9.15,0.9009999999999999,,
2321,5/10/2012,9.45,1.17,,
2322,5/11/2012,9.64,0.9740000000000001,,
2323,5/12/2012,9.78,1.05,,
2324,5/13/2012,8.75,0.968,,
2325,5/14/2012,9.71,0.868,,
2326,5/15/2012,9.07,0.997,,
2327,5/16/2012,9.58,1.24,5.6,
2328,5/17/2012,8.83,0.703,6.0,
2329,5/18/2012,9.15,1.21,,
2330,5/19/2012,9.27,0.96,,
2331,5/20/2012,9.72,1.01,,
2332,5/21/2012,8.81,0.93,6.2,
2333,5/22/2012,8.65,0.998,,2.9
2334,5/23/2012,9.0,1.07,,
2335,5/24/2012,9.74,0.8909999999999999,,
2336,5/25/2012,8.87,1.38,,
2337,5/26/2012,9.99,1.26,,
2338,5/27/2012,8.94,1.02,,
2339,5/28/2012,8.09,0.9840000000000001,,
2340,5/29/2012,9.11,1.1,6.5,
2341,5/30/2012,9.16,1.53,,
2342,5/31/2012,9.17,1.18,,
2343,6/1/2012,8.88,1.24,,
2344,6/2/2012,9.49,0.826,,
2345,6/3/2012,9.05,0.828,,
2346,6/4/2012,9.0,0.884,,
2347,6/5/2012,7.86,1.0,5.9,
2348,6/6/2012,9.56,1.09,,
2349,6/7/2012,9.1,1.06,,
2350,6/8/2012,8.8,0.9109999999999999,,
2351,6/9/2012,9.63,0.937,,
2352,6/10/2012,8.98,0.821,,
2353,6/11/2012,8.76,0.8220000000000001,,
2354,6/12/2012,8.11,1.03,6.4,
2355,6/13/2012,9.0,0.847,,
2356,6/14/2012,9.29,1.01,,
2357,6/15/2012,8.53,1.09,,
2358,6/16/2012,8.97,0.946,,
2359,6/17/2012,9.18,1.05,,
2360,6/18/2012,8.46,0.8640000000000001,,
2361,6/19/2012,8.84,0.807,6.3,3.9
2362,6/20/2012,8.28,0.742,,
2363,6/21/2012,9.18,0.848,,
2364,6/22/2012,8.75,0.7979999999999999,,
2365,6/23/2012,9.12,0.847,,
2366,6/24/2012,8.3,0.935,,
2367,6/25/2012,9.07,0.6729999999999999,,
2368,6/26/2012,8.37,0.787,5.9,
2369,6/27/2012,8.53,1.31,,
2370,6/28/2012,9.26,0.865,,
2371,6/29/2012,9.01,1.28,,
2372,6/30/2012,8.8,0.9490000000000001,,
2373,7/1/2012,8.83,1.01,,
2374,7/2/2012,8.21,0.9490000000000001,,
2375,7/3/2012,9.01,0.851,6.0,3.6
2376,7/4/2012,8.99,0.9640000000000001,,
2377,7/5/2012,8.79,0.858,,
2378,7/6/2012,8.38,0.919,,
2379,7/7/2012,9.18,1.03,,
2380,7/8/2012,8.42,0.977,,
2381,7/9/2012,8.92,0.8690000000000001,,
2382,7/10/2012,8.16,0.8170000000000001,6.0,
2383,7/11/2012,8.33,0.922,,
2384,7/12/2012,8.54,0.9690000000000001,,
2385,7/13/2012,9.12,0.865,,
2386,7/14/2012,9.12,0.94,,
2387,7/15/2012,7.79,0.983,,
2388,7/16/2012,8.68,0.621,,
2389,7/17/2012,8.65,0.914,5.7,
2390,7/18/2012,9.21,0.9209999999999999,,
2391,7/19/2012,8.8,0.89,,
2392,7/20/2012,8.79,0.893,,
2393,7/21/2012,8.3,0.863,,
2394,7/22/2012,8.31,0.835,,
2395,7/23/2012,8.74,0.956,,
2396,7/24/2012,8.14,0.852,5.6,2.6
2397,7/25/2012,8.31,0.525,,
2398,7/26/2012,8.78,0.8320000000000001,,
2399,7/27/2012,8.68,0.65,,
2400,7/28/2012,8.48,0.836,,
2401,7/29/2012,7.96,1.09,,
2402,7/30/2012,8.92,0.607,,
2403,7/31/2012,8.14,1.1,5.3,
2404,8/1/2012,8.3,1.12,,
2405,8/2/2012,8.36,0.919,,
2406,8/3/2012,8.42,0.877,,
2407,8/4/2012,8.98,0.703,,
2408,8/5/2012,8.21,0.8109999999999999,,
2409,8/6/2012,9.15,0.897,,
2410,8/7/2012,8.24,0.9540000000000001,5.6,0.21
2411,8/8/2012,8.2,0.963,,
2412,8/9/2012,8.46,1.19,,
2413,8/10/2012,8.06,1.06,,
2414,8/11/2012,8.4,1.15,,
2415,8/12/2012,9.01,1.11,,
2416,8/13/2012,8.38,1.13,,
2417,8/14/2012,7.2,1.43,,
2418,8/15/2012,8.22,1.23,5.3,
2419,8/16/2012,8.79,0.889,,
2420,8/17/2012,8.31,1.11,,
2421,8/18/2012,8.45,1.07,,
2422,8/19/2012,8.38,1.14,,
2423,8/20/2012,8.08,1.22,,
2424,8/21/2012,8.34,1.06,4.8,
2425,8/22/2012,8.53,1.09,,
2426,8/23/2012,8.89,0.865,,
2427,8/24/2012,8.79,0.867,,
2428,8/25/2012,9.2,0.86,,
2429,8/26/2012,9.06,1.02,,
2430,8/27/2012,8.88,0.866,,
2431,8/28/2012,8.69,0.88,4.5,
2432,8/29/2012,7.88,0.94,,
2433,8/30/2012,9.13,0.767,,
2434,8/31/2012,9.31,1.03,,
2435,9/1/2012,8.76,0.971,,
2436,9/2/2012,8.12,0.9259999999999999,,
2437,9/3/2012,8.68,0.963,,
2438,9/4/2012,8.31,0.865,5.1,0.14
2439,9/5/2012,8.71,1.1,,
2440,9/6/2012,8.88,1.2,,
2441,9/7/2012,8.76,0.9690000000000001,,
2442,9/8/2012,8.77,1.11,,
2443,9/9/2012,8.79,1.06,,
2444,9/10/2012,8.55,1.02,,
2445,9/11/2012,9.26,1.08,4.6,
2446,9/12/2012,8.93,1.06,,
2447,9/13/2012,8.49,1.09,,
2448,9/14/2012,8.68,1.04,,
2449,9/15/2012,8.87,0.887,,
2450,9/16/2012,9.35,1.0,,
2451,9/17/2012,8.65,0.9840000000000001,,
2452,9/18/2012,8.5,1.19,5.4,
2453,9/19/2012,8.21,1.05,,
2454,9/20/2012,8.99,1.11,,
2455,9/21/2012,8.88,1.09,,
2456,9/22/2012,9.21,1.13,,
2457,9/23/2012,8.11,1.07,,
2458,9/24/2012,8.7,1.21,,
2459,9/25/2012,9.21,1.07,5.2,
2460,9/26/2012,8.18,1.1,,
2461,9/27/2012,8.45,0.7240000000000001,,
2462,9/28/2012,8.19,1.02,,
2463,9/29/2012,8.8,1.22,,
2464,9/30/2012,8.62,1.17,,
2465,10/1/2012,8.73,1.06,,
2466,10/2/2012,8.85,1.09,5.4,0.3
2467,10/3/2012,8.42,1.02,,
2468,10/4/2012,8.2,1.12,,
2469,10/5/2012,8.65,1.06,,
2470,10/6/2012,8.48,1.04,,
2471,10/7/2012,8.34,1.0,,
2472,10/8/2012,8.75,1.07,,
2473,10/9/2012,8.56,1.03,5.1,
2474,10/10/2012,6.13,0.732,,
2475,10/11/2012,8.54,1.19,,
2476,10/12/2012,9.41,1.04,,
2477,10/13/2012,8.07,1.04,,
2478,10/14/2012,8.86,0.9540000000000001,,
2479,10/15/2012,8.74,0.991,,
2480,10/16/2012,9.04,1.02,4.4,
2481,10/17/2012,8.19,1.17,,
2482,10/18/2012,9.0,0.76,,
2483,10/19/2012,8.64,1.08,,
2484,10/20/2012,9.13,1.05,,
2485,10/21/2012,8.39,1.0,,
2486,10/22/2012,9.41,0.9940000000000001,,
2487,10/23/2012,8.59,0.927,5.1,
2488,10/24/2012,8.4,1.0,,
2489,10/25/2012,8.12,0.87,,
2490,10/26/2012,8.75,1.02,,
2491,10/27/2012,8.61,0.9129999999999999,,
2492,10/28/2012,8.84,0.9359999999999999,,
2493,10/29/2012,9.26,0.8440000000000001,,
2494,10/30/2012,9.11,0.9309999999999999,5.0,
2495,10/31/2012,8.96,0.86,,
2496,11/1/2012,7.9,1.02,,
2497,11/2/2012,8.65,0.982,,
2498,11/3/2012,8.87,1.01,,
2499,11/4/2012,9.83,0.74,,
2500,11/5/2012,9.35,0.914,4.6,
2501,11/6/2012,8.25,0.996,,
2502,11/7/2012,8.33,0.943,,
2503,11/8/2012,8.51,1.07,,
2504,11/9/2012,8.85,1.03,,
2505,11/10/2012,8.58,1.03,,
2506,11/11/2012,8.78,0.703,,
2507,11/12/2012,9.06,0.961,,
2508,11/13/2012,8.87,1.02,4.8,0.17
2509,11/14/2012,8.7,1.07,,
2510,11/15/2012,8.91,1.01,,
2511,11/16/2012,8.67,1.06,,
2512,11/17/2012,8.89,0.9259999999999999,,
2513,11/18/2012,8.99,1.04,,
2514,11/19/2012,8.56,1.1,,
2515,11/20/2012,9.07,1.18,6.1,
2516,11/21/2012,9.27,1.14,,
2517,11/22/2012,9.04,1.14,,
2518,11/23/2012,8.35,1.06,,
2519,11/24/2012,8.5,1.06,,
2520,11/25/2012,8.76,0.853,,
2521,11/26/2012,9.22,0.955,,
2522,11/27/2012,9.27,1.21,5.2,
2523,11/28/2012,8.87,1.12,,
2524,11/29/2012,8.77,1.13,,
2525,11/30/2012,9.24,1.12,,
2526,12/1/2012,9.65,0.7879999999999999,,
2527,12/2/2012,10.16,1.04,,
2528,12/3/2012,9.96,1.02,,
2529,12/4/2012,9.77,1.16,4.9,0.94
2530,12/5/2012,8.83,1.08,,
2531,12/6/2012,10.1,1.19,,
2532,12/7/2012,9.64,0.8490000000000001,,
2533,12/8/2012,9.8,1.36,,
2534,12/9/2012,9.36,0.937,,
2535,12/10/2012,9.63,0.977,,
2536,12/11/2012,9.07,1.22,4.8,
2537,12/12/2012,9.74,1.46,,
2538,12/13/2012,8.95,1.3,,
2539,12/14/2012,9.04,0.9520000000000001,,
2540,12/15/2012,9.36,1.26,,
2541,12/16/2012,9.2,1.02,,
2542,12/17/2012,9.77,1.03,,
2543,12/18/2012,8.45,1.13,4.8,
2544,12/19/2012,8.62,0.8959999999999999,,
2545,12/20/2012,9.08,1.33,,
2546,12/21/2012,9.07,0.9520000000000001,,
2547,12/22/2012,9.44,0.9390000000000001,,
2548,12/23/2012,9.59,0.938,,
2549,12/24/2012,10.1,0.8640000000000001,,
2550,12/25/2012,10.24,0.961,,
2551,12/26/2012,9.96,1.13,5.4,
2552,12/27/2012,10.37,0.804,,
2553,12/28/2012,10.12,0.963,,
2554,12/29/2012,10.16,0.887,,
2555,12/30/2012,9.57,0.762,,
2556,12/31/2012,9.51,0.929,,
2557,1/1/2013,9.39,0.892,,
2558,1/2/2013,9.46,0.951,,
2559,1/3/2013,9.37,1.08,4.8,1.3
2560,1/4/2013,9.72,1.04,,
2561,1/5/2013,10.0,0.927,,
2562,1/6/2013,10.0,0.941,,
2563,1/7/2013,9.61,0.8370000000000001,,
2564,1/8/2013,10.07,0.853,5.0,
2565,1/9/2013,10.02,0.7090000000000001,,
2566,1/10/2013,9.36,0.804,,
2567,1/11/2013,10.05,0.951,,
2568,1/12/2013,10.28,0.843,,
2569,1/13/2013,9.92,0.8140000000000001,,
2570,1/14/2013,9.85,0.341,,
2571,1/15/2013,9.09,1.33,5.2,
2572,1/16/2013,9.41,1.35,,
2573,1/17/2013,9.29,1.03,,
2574,1/18/2013,9.76,1.07,,
2575,1/19/2013,9.64,0.898,,
2576,1/20/2013,10.39,1.02,,
2577,1/21/2013,8.97,1.11,,
2578,1/22/2013,9.22,0.897,4.8,
2579,1/23/2013,8.75,1.03,,
2580,1/24/2013,9.13,0.727,,
2581,1/25/2013,8.88,0.594,,
2582,1/26/2013,9.78,0.726,,
2583,1/27/2013,8.58,0.518,,
2584,1/28/2013,9.54,0.782,,
2585,1/29/2013,9.16,0.632,,
2586,1/30/2013,8.73,0.693,,
2587,1/31/2013,8.99,0.43,,
2588,2/1/2013,8.56,1.29,,
2589,2/2/2013,9.8,1.06,,
2590,2/3/2013,9.69,1.07,,
2591,2/4/2013,9.34,0.892,,
2592,2/5/2013,8.71,1.16,,
2593,2/6/2013,9.27,1.13,,
2594,2/7/2013,9.53,1.17,4.8,
2595,2/8/2013,9.26,1.09,,
2596,2/9/2013,10.05,1.1,,
2597,2/10/2013,9.75,1.09,,
2598,2/11/2013,9.77,1.08,,
2599,2/12/2013,9.31,1.13,5.2,
2600,2/13/2013,9.14,1.04,,
2601,2/14/2013,9.24,1.27,,
2602,2/15/2013,9.42,1.22,,
2603,2/16/2013,9.23,1.23,,
2604,2/17/2013,9.36,1.23,,
2605,2/18/2013,9.02,1.1,,
2606,2/19/2013,9.9,1.01,5.8,
2607,2/20/2013,9.5,1.03,,
2608,2/21/2013,9.12,1.08,,
2609,2/22/2013,9.22,1.06,,
2610,2/23/2013,9.42,1.1,,
2611,2/24/2013,9.04,1.08,,
2612,2/25/2013,9.23,1.09,,
2613,2/26/2013,8.89,1.12,,
2614,2/27/2013,9.2,1.13,,
2615,2/28/2013,8.83,1.03,5.3,
2616,3/1/2013,9.44,1.02,,
2617,3/2/2013,9.35,1.0,,
2618,3/3/2013,8.98,1.01,,
2619,3/4/2013,9.17,1.02,,
2620,3/5/2013,9.21,1.0,5.9,
2621,3/6/2013,9.61,0.96,,
2622,3/7/2013,9.93,0.9329999999999999,,
2623,3/8/2013,9.91,0.9229999999999999,,
2624,3/9/2013,8.3,0.983,,
2625,3/10/2013,9.15,0.897,,
2626,3/11/2013,9.58,0.895,,
2627,3/12/2013,9.42,1.02,5.7,
2628,3/13/2013,9.34,1.11,,
2629,3/14/2013,9.67,1.06,,
2630,3/15/2013,9.17,1.02,,
2631,3/16/2013,9.56,1.08,,
2632,3/17/2013,9.65,1.05,,
2633,3/18/2013,9.54,1.05,5.4,
2634,3/19/2013,9.5,1.1,,
2635,3/20/2013,9.38,1.11,,
2636,3/21/2013,9.6,1.03,,
2637,3/22/2013,9.73,0.975,,
2638,3/23/2013,9.36,0.976,,
2639,3/24/2013,9.86,0.983,,
2640,3/25/2013,9.07,1.03,5.6,
2641,3/26/2013,9.9,0.9420000000000001,,
2642,3/27/2013,9.64,1.06,,
2643,3/28/2013,9.35,1.02,,
2644,3/29/2013,9.8,1.1,,
2645,3/30/2013,9.45,1.06,,
2646,3/31/2013,9.84,1.08,,
2647,4/1/2013,9.85,0.941,,
2648,4/2/2013,10.13,0.93,4.9,
2649,4/3/2013,9.71,0.9359999999999999,,
2650,4/4/2013,9.93,0.968,,
2651,4/5/2013,9.35,0.9540000000000001,,
2652,4/6/2013,9.75,1.0,,
2653,4/7/2013,10.14,0.905,,
2654,4/8/2013,9.79,1.0,,
2655,4/9/2013,9.75,0.973,4.6,
2656,4/10/2013,9.51,0.948,,
2657,4/11/2013,9.63,0.92,,
2658,4/12/2013,9.53,0.972,,
2659,4/13/2013,9.61,0.9159999999999999,,
2660,4/14/2013,9.98,0.92,,
2661,4/15/2013,9.68,0.8140000000000001,,
2662,4/16/2013,9.52,0.825,4.5,
2663,4/17/2013,9.5,0.841,,
2664,4/18/2013,9.63,0.804,,
2665,4/19/2013,9.52,1.12,,
2666,4/20/2013,9.2,0.993,,
2667,4/21/2013,9.48,1.01,,
2668,4/22/2013,9.91,1.05,,
2669,4/23/2013,9.64,0.992,4.4,
2670,4/24/2013,9.36,1.01,,
2671,4/25/2013,9.58,1.14,,
2672,4/26/2013,9.57,0.853,,
2673,4/27/2013,9.92,1.01,,
2674,4/28/2013,9.59,0.99,,
2675,4/29/2013,9.75,0.904,,
2676,4/30/2013,9.37,0.972,5.1,
2677,5/1/2013,9.63,0.922,,
2678,5/2/2013,9.59,0.917,,
2679,5/3/2013,8.85,0.951,,
2680,5/4/2013,9.64,0.899,,
2681,5/5/2013,9.54,0.857,,
2682,5/6/2013,7.39,0.882,5.2,
2683,5/7/2013,11.96,0.767,,
2684,5/8/2013,9.33,0.695,,
2685,5/9/2013,8.87,0.684,,
2686,5/10/2013,9.1,0.645,,
2687,5/11/2013,8.75,0.8540000000000001,,
2688,5/12/2013,9.13,0.9590000000000001,,
2689,5/13/2013,9.24,1.01,7.3,
2690,5/14/2013,9.46,0.983,,
2691,5/15/2013,8.85,1.01,,
2692,5/16/2013,8.47,0.953,,
2693,5/17/2013,8.49,0.789,,
2694,5/18/2013,9.33,0.93,,
2695,5/19/2013,9.3,1.02,,
2696,5/20/2013,9.79,0.992,,
2697,5/21/2013,9.18,1.04,6.4,
2698,5/22/2013,8.14,1.03,,
2699,5/23/2013,8.72,0.9740000000000001,,
2700,5/24/2013,8.71,1.08,,
2701,5/25/2013,9.54,1.08,,
2702,5/26/2013,8.9,0.9890000000000001,,
2703,5/27/2013,8.9,0.961,,
2704,5/28/2013,9.0,0.925,7.0,
2705,5/29/2013,9.13,0.9470000000000001,,
2706,5/30/2013,8.49,0.925,,
2707,5/31/2013,9.5,0.985,,
2708,6/1/2013,9.44,0.925,,
2709,6/2/2013,9.2,0.914,,
2710,6/3/2013,9.2,0.828,,
2711,6/4/2013,9.21,0.895,6.7,
2712,6/5/2013,8.85,0.862,,
2713,6/6/2013,8.95,0.9740000000000001,,
2714,6/7/2013,8.79,0.985,,
2715,6/8/2013,8.46,0.945,,
2716,6/9/2013,8.77,0.898,,
2717,6/10/2013,8.72,0.987,,
2718,6/11/2013,8.82,0.8859999999999999,7.2,
2719,6/12/2013,8.68,0.963,,
2720,6/13/2013,8.27,0.915,,
2721,6/14/2013,8.42,0.8690000000000001,,
2722,6/15/2013,8.7,0.956,,
2723,6/16/2013,8.34,1.01,,
2724,6/17/2013,8.41,0.975,,
2725,6/18/2013,8.68,0.8440000000000001,7.0,
2726,6/19/2013,8.4,1.14,,
2727,6/20/2013,8.23,1.07,,
2728,6/21/2013,8.24,1.11,,
2729,6/22/2013,8.54,1.02,,
2730,6/23/2013,8.37,0.8740000000000001,,
2731,6/24/2013,8.68,0.948,,
2732,6/25/2013,8.59,1.11,7.0,
2733,6/26/2013,8.75,1.11,,
2734,6/27/2013,8.02,0.927,,
2735,6/28/2013,8.79,0.836,,
2736,6/29/2013,8.92,1.08,,
2737,6/30/2013,8.87,0.78,,
2738,7/1/2013,9.17,1.28,,
2739,7/2/2013,9.16,0.718,6.8,
2740,7/3/2013,8.89,0.903,,
2741,7/4/2013,8.9,0.848,,
2742,7/5/2013,8.86,1.02,,
2743,7/6/2013,8.97,0.9840000000000001,,
2744,7/7/2013,8.91,0.8440000000000001,,
2745,7/8/2013,9.29,0.862,,
2746,7/9/2013,9.91,0.7140000000000001,5.5,
2747,7/10/2013,8.74,1.11,,
2748,7/11/2013,8.8,0.818,,
2749,7/12/2013,8.8,0.884,,
2750,7/13/2013,9.33,0.8420000000000001,,
2751,7/14/2013,8.77,0.975,,
2752,7/15/2013,8.86,0.85,,
2753,7/16/2013,9.15,0.899,5.8,
2754,7/17/2013,9.15,0.9520000000000001,,
2755,7/18/2013,8.61,0.853,,
2756,7/19/2013,9.18,1.06,,
2757,7/20/2013,9.28,1.05,,
2758,7/21/2013,8.56,0.953,,
2759,7/22/2013,9.07,0.995,,
2760,7/23/2013,9.13,0.826,6.0,
2761,7/24/2013,8.95,0.846,,
2762,7/25/2013,8.87,0.8270000000000001,,
2763,7/26/2013,9.09,0.8059999999999999,,
2764,7/27/2013,8.89,1.02,,
2765,7/28/2013,7.38,1.07,,
2766,7/29/2013,7.24,1.02,,
2767,7/30/2013,7.29,0.8859999999999999,6.6,
2768,7/31/2013,8.67,1.06,,
2769,8/1/2013,8.44,0.9159999999999999,,
2770,8/2/2013,9.2,1.05,,
2771,8/3/2013,8.88,0.88,,
2772,8/4/2013,8.19,0.7909999999999999,,
2773,8/5/2013,8.45,0.88,7.4,
2774,8/6/2013,8.16,0.873,,
2775,8/7/2013,8.55,0.8590000000000001,,
2776,8/8/2013,8.2,0.7659999999999999,,
2777,8/9/2013,8.47,0.792,,
2778,8/10/2013,8.49,0.8740000000000001,,
2779,8/11/2013,8.17,0.8440000000000001,,
2780,8/12/2013,8.8,0.7929999999999999,,
2781,8/13/2013,9.1,0.828,7.5,
2782,8/14/2013,8.53,0.7759999999999999,,
2783,8/15/2013,8.42,0.8440000000000001,,
2784,8/16/2013,8.49,0.8370000000000001,,
2785,8/17/2013,9.18,0.93,,
2786,8/18/2013,9.55,0.84,,
2787,8/19/2013,9.7,0.8320000000000001,,
2788,8/20/2013,9.27,0.912,7.0,
2789,8/21/2013,9.23,0.826,,
2790,8/22/2013,8.88,0.672,,
2791,8/23/2013,8.95,0.816,,
2792,8/24/2013,9.53,0.665,,
2793,8/25/2013,9.24,0.7959999999999999,,
2794,8/26/2013,9.29,0.767,,
2795,8/27/2013,9.05,0.752,7.2,
2796,8/28/2013,8.5,0.711,,
2797,8/29/2013,8.74,1.81,,
2798,8/30/2013,9.0,0.794,,
2799,8/31/2013,9.09,0.765,,
2800,9/1/2013,8.66,0.0,,
2801,9/2/2013,8.82,0.9259999999999999,,
2802,9/3/2013,7.98,0.0,6.8,
2803,9/4/2013,7.69,0.868,,
2804,9/5/2013,7.12,0.9259999999999999,,
2805,9/6/2013,7.49,0.76,,
2806,9/7/2013,7.65,0.0,,
2807,9/8/2013,8.31,0.0,,
2808,9/9/2013,8.06,0.772,6.8,
2809,9/10/2013,7.91,0.0,,
2810,9/11/2013,7.25,0.0,,
2811,9/12/2013,8.14,0.0,,
2812,9/13/2013,7.32,0.0,,
2813,9/14/2013,7.31,0.0,,
2814,9/15/2013,7.96,0.0,,
2815,9/16/2013,7.78,0.778,,
2816,9/17/2013,7.55,0.0,7.3,
2817,9/18/2013,7.47,0.0,,
2818,9/19/2013,7.28,0.0,,
2819,9/20/2013,7.44,0.0,,
2820,9/21/2013,8.13,0.0,,
2821,9/22/2013,8.18,0.0,,
2822,9/23/2013,7.93,0.775,,
2823,9/24/2013,8.1,0.0,6.7,
2824,9/25/2013,7.57,0.0,,
2825,9/26/2013,7.64,0.0,,
2826,9/27/2013,8.02,0.0,,
2827,9/28/2013,7.76,0.0,,
2828,9/29/2013,7.53,0.0,,
2829,9/30/2013,8.01,1.14,,
2830,10/1/2013,7.79,0.0,,
2831,10/2/2013,8.15,0.0,5.8,
2832,10/3/2013,7.17,0.0,,
2833,10/4/2013,7.88,0.0,,
2834,10/5/2013,7.86,0.0,,
2835,10/6/2013,6.9,0.0,,
2836,10/7/2013,8.11,0.9009999999999999,5.8,
2837,10/8/2013,7.78,0.0,5.7,
2838,10/9/2013,7.94,0.0,,
2839,10/10/2013,7.75,0.0,,
2840,10/11/2013,7.91,0.0,,
2841,10/12/2013,7.62,0.0,,
2842,10/13/2013,7.71,0.0,,
2843,10/14/2013,9.04,0.7440000000000001,,
2844,10/15/2013,10.05,0.0,5.0,
2845,10/16/2013,9.78,0.0,,
2846,10/17/2013,9.63,0.0,,
2847,10/18/2013,9.4,0.0,,
2848,10/19/2013,8.85,0.0,,
2849,10/20/2013,9.87,0.0,,
2850,10/21/2013,8.77,0.667,,
2851,10/22/2013,9.49,0.0,6.3,
2852,10/23/2013,9.25,0.0,,
2853,10/24/2013,9.03,0.0,,
2854,10/25/2013,9.69,0.0,,
2855,10/26/2013,9.37,0.0,,
2856,10/27/2013,10.31,0.0,,
2857,10/28/2013,9.51,0.578,,
2858,10/29/2013,9.56,0.0,7.4,
2859,10/30/2013,9.94,0.0,,
2860,10/31/2013,9.15,0.0,,
2861,11/1/2013,9.03,0.0,,
2862,11/2/2013,9.24,0.0,,
2863,11/3/2013,10.52,0.0,,
2864,11/4/2013,10.05,0.618,6.1,
2865,11/5/2013,9.26,0.0,,
2866,11/6/2013,9.37,0.0,,
2867,11/7/2013,9.37,0.0,,
2868,11/8/2013,9.92,0.0,,
2869,11/9/2013,9.67,0.0,,
2870,11/10/2013,9.4,0.0,,
2871,11/11/2013,9.76,0.596,,
2872,11/12/2013,9.99,0.0,,
2873,11/13/2013,9.84,0.0,6.3,
2874,11/14/2013,10.03,0.0,,
2875,11/15/2013,9.93,0.0,,
2876,11/16/2013,8.93,0.0,,
2877,11/17/2013,9.37,0.0,,
2878,11/18/2013,9.76,0.82,,
2879,11/19/2013,9.63,0.0,6.6,
2880,11/20/2013,9.3,0.0,,
2881,11/21/2013,10.19,0.0,,
2882,11/22/2013,10.25,0.0,,
2883,11/23/2013,9.92,0.0,,
2884,11/24/2013,9.64,0.0,,
2885,11/25/2013,9.94,0.0,,
2886,11/26/2013,9.93,0.745,5.8,
2887,11/27/2013,9.76,0.0,,
2888,11/28/2013,10.07,0.0,,
2889,11/29/2013,9.47,0.0,,
2890,11/30/2013,9.27,0.0,,
2891,12/1/2013,9.58,0.0,,
2892,12/2/2013,10.14,0.757,,
2893,12/3/2013,10.18,0.0,5.5,
2894,12/4/2013,8.9,0.0,,
2895,12/5/2013,9.61,0.0,,
2896,12/6/2013,9.99,0.0,,
2897,12/7/2013,9.21,0.0,,
2898,12/8/2013,9.63,0.0,,
2899,12/9/2013,9.89,0.0,,
2900,12/10/2013,9.58,0.897,5.6,
2901,12/11/2013,9.74,0.0,,
2902,12/12/2013,9.83,0.0,,
2903,12/13/2013,9.54,0.0,,
2904,12/14/2013,9.65,0.0,,
2905,12/15/2013,9.61,0.0,,
2906,12/16/2013,9.67,0.831,,
2907,12/17/2013,9.42,0.0,6.4,
2908,12/18/2013,9.56,0.0,,
2909,12/19/2013,9.68,0.0,,
2910,12/20/2013,9.62,0.0,,
2911,12/21/2013,9.37,0.0,,
2912,12/22/2013,9.29,0.0,,
2913,12/23/2013,9.56,1.14,6.0,
2914,12/24/2013,9.93,0.0,,
2915,12/25/2013,9.36,0.0,,
2916,12/26/2013,9.74,0.0,,
2917,12/27/2013,9.15,0.0,,
2918,12/28/2013,10.24,0.0,,
2919,12/29/2013,10.01,0.0,,
2920,12/30/2013,8.87,0.846,,
2921,12/31/2013,10.23,0.0,6.0,
